-- phpMyAdmin SQL Dump
-- version 5.2.1
-- https://www.phpmyadmin.net/
--
-- Hôte : 127.0.0.1
-- Généré le : mar. 25 juil. 2023 à 01:05
-- Version du serveur : 10.4.28-MariaDB
-- Version de PHP : 8.2.4

SET SQL_MODE = "NO_AUTO_VALUE_ON_ZERO";
START TRANSACTION;
SET time_zone = "+00:00";


/*!40101 SET @OLD_CHARACTER_SET_CLIENT=@@CHARACTER_SET_CLIENT */;
/*!40101 SET @OLD_CHARACTER_SET_RESULTS=@@CHARACTER_SET_RESULTS */;
/*!40101 SET @OLD_COLLATION_CONNECTION=@@COLLATION_CONNECTION */;
/*!40101 SET NAMES utf8mb4 */;

--
-- Base de données : `optica`
--

-- --------------------------------------------------------

--
-- Structure de la table `adreca`
--

CREATE TABLE `adreca` (
  `id` int(10) UNSIGNED NOT NULL,
  `carrer` varchar(100) NOT NULL,
  `numero` int(11) NOT NULL,
  `pis` int(11) NOT NULL,
  `porta` int(11) NOT NULL,
  `ciutat` varchar(40) NOT NULL,
  `codiPostal` int(11) NOT NULL,
  `pais` varchar(40) NOT NULL
) ENGINE=InnoDB DEFAULT CHARSET=utf8mb4 COLLATE=utf8mb4_general_ci;

--
-- Déchargement des données de la table `adreca`
--

INSERT INTO `adreca` (`id`, `carrer`, `numero`, `pis`, `porta`, `ciutat`, `codiPostal`, `pais`) VALUES
(1, 'I watches football. I watches football. ', 1935844031, 152454233, 1972923321, 'Mike like sports. Rudi watches football.', 1244735654, 'Rudi like sports. Rudi watches football.'),
(3, 'Mike watches football. Mike like sports. ', 2117154592, 1649604561, 1459337896, 'I watches football. Rudi like swimming. ', 246954374, 'Rudi watches football. '),
(4, 'Mike watches football. Mike like swimming. ', 1840659868, 488197467, 168336463, 'Mike watches football. Rudi like sports.', 725777588, 'Mike watches football. Mike like sports.'),
(5, 'Mike watches football. Mike watches football. ', 2039214544, 2030265882, 1985522668, 'Mike watches football. I like sports. ', 2003419960, 'Mike loves flowers. I watches football. '),
(6, 'Mike watches football. Rudi loves flowers. ', 65526659, 327992918, 1640324086, 'Rudi watches football. I loves flowers. ', 1115391599, 'Rudi loves flowers. I like sports. '),
(7, 'Mike watches football. Rudi loves flowers. ', 65526659, 327992918, 1640324086, 'Rudi watches football. I loves flowers. ', 1115391599, 'Rudi loves flowers. I like sports. '),
(8, 'Mike watches football. I like swimming. ', 1828992267, 2145650272, 1581456746, 'I watches football. I watches football. ', 948140672, 'Mike like sports. Mike like swimming. '),
(9, 'I watches football. Rudi loves flowers. ', 121863560, 1159625347, 2053467021, 'Mike like sports. Rudi watches football.', 2125427094, 'Mike like sports. '),
(10, 'I watches football. Rudi loves flowers. ', 121863560, 1159625347, 2053467021, 'Mike like sports. Rudi watches football.', 2125427094, 'Mike like sports. '),
(11, 'Mike like sports. Mike watches football. ', 2133925812, 1179158926, 700291788, 'Mike loves flowers. I like swimming. ', 462341914, 'I watches football. '),
(12, 'Mike like sports. Mike loves flowers. ', 106110341, 886614145, 494165778, 'I watches football. I watches football. ', 1080641880, 'I like swimming. Rudi like swimming. '),
(14, 'I loves flowers. Mike like sports. ', 1828030354, 363435639, 1630396588, 'I loves flowers. Rudi watches football. ', 264618724, 'Mike watches football. I loves flowers. '),
(15, 'Rudi like sports. Rudi like swimming. ', 328964149, 2025439906, 1917884299, 'Mike watches football. ', 672416366, 'Mike watches football. I loves flowers. '),
(16, 'Mike loves flowers. I watches football. ', 2070007347, 1912569705, 1125381688, 'I watches football. Rudi like sports. ', 1440256876, 'I watches football. I loves flowers. '),
(17, 'Mike loves flowers. I watches football. ', 2070007347, 1912569705, 1125381688, 'I watches football. Rudi like sports. ', 1440256876, 'I watches football. I loves flowers. '),
(18, 'I watches football. I watches football. ', 1324227872, 1227653163, 744779427, 'Mike like swimming. ', 937928941, 'I loves flowers. Mike watches football. '),
(19, 'Mike loves flowers. Mike watches football. ', 1307592918, 545708235, 1031252175, 'I watches football. I watches football. ', 407537863, 'Rudi loves flowers. Mike loves flowers. '),
(20, 'Mike loves flowers. Mike watches football. ', 1307592918, 545708235, 1031252175, 'I watches football. I watches football. ', 407537863, 'Rudi loves flowers. Mike loves flowers. '),
(21, 'Rudi watches football. I watches football. ', 1802512063, 2064185410, 1225068592, 'Mike loves flowers. Mike loves flowers. ', 701721867, 'I loves flowers. '),
(22, 'Mike loves flowers. Rudi loves flowers. ', 1479606320, 716797517, 1197720890, 'Rudi watches football. Rudi like sports.', 575854786, 'Mike loves flowers. Rudi like swimming. '),
(23, 'Mike loves flowers. Rudi loves flowers. ', 1479606320, 716797517, 1197720890, 'Rudi watches football. Rudi like sports.', 575854786, 'Mike loves flowers. Rudi like swimming. '),
(24, 'I watches football. ', 265695738, 900606573, 1927677104, 'Mike watches football. I like sports. ', 657855433, 'I like swimming. Rudi like sports. '),
(26, 'Rudi watches football. ', 70359707, 1606018849, 694380035, 'Rudi like swimming. ', 1918029013, 'Mike loves flowers. I loves flowers. '),
(27, 'Mike like swimming. Mike watches football. ', 2002877782, 1006255270, 318109936, 'I loves flowers. Rudi watches football. ', 163871346, 'Mike watches football. I like sports. '),
(28, 'I watches football. ', 124394731, 719951318, 1550250572, 'I watches football. ', 359137431, 'Mike watches football. Rudi like sports.'),
(29, 'Mike loves flowers. Rudi watches football. ', 988508620, 686441194, 1323587780, 'I loves flowers. I watches football. ', 1927722598, 'I watches football. '),
(30, 'Mike like swimming. Rudi watches football. ', 1004920843, 1809816680, 1539328698, 'Rudi like sports. Mike watches football.', 2077020607, 'Mike watches football. '),
(33, 'Mike like sports. Mike loves flowers. ', 1695099879, 1931678617, 967088502, 'Rudi like swimming. Rudi loves flowers. ', 493931089, 'Mike watches football. '),
(34, 'Rudi watches football. ', 741511677, 1198946813, 1338638879, 'Mike loves flowers. Rudi loves flowers. ', 423768607, 'I like swimming. Rudi loves flowers. '),
(35, 'Rudi loves flowers. Rudi watches football. ', 1556039312, 469520099, 1479375231, 'Mike like sports. ', 1504929914, 'Mike watches football. I loves flowers. '),
(36, 'I loves flowers. Rudi watches football. ', 335617623, 1256836805, 1567965386, 'Mike loves flowers. ', 1873010670, 'Mike watches football. Mike like sports.'),
(37, 'Mike loves flowers. Mike watches football. ', 1048738717, 1388082344, 937316866, 'I like swimming. Rudi watches football. ', 258629611, 'Mike like sports. I like sports. '),
(38, 'Rudi like swimming. I loves flowers. ', 1514087666, 1907690920, 1728223736, 'I loves flowers. Mike watches football. ', 941017132, 'Rudi like sports. I watches football. '),
(40, 'Mike watches football. Rudi loves flowers. ', 2074068, 1594115785, 964389720, 'I loves flowers. Mike loves flowers. ', 2075273579, 'Mike watches football. '),
(41, 'Mike loves flowers. Rudi watches football. ', 382219873, 1803223098, 318304442, 'I watches football. Mike like swimming. ', 1771265350, 'Mike watches football. '),
(42, 'I like sports. Rudi watches football. ', 1055662347, 1875941226, 1682368263, 'Mike like swimming. ', 41810505, 'I watches football. I like sports. '),
(43, 'Rudi like swimming. Rudi like sports. ', 1954110780, 1309011481, 230998572, 'Rudi loves flowers. ', 1521197201, 'Mike loves flowers. Rudi loves flowers. '),
(45, 'Rudi like sports. Rudi like swimming. ', 579416414, 300634018, 1054205715, 'Mike watches football. Mike like sports.', 1611770508, 'Mike like swimming. Mike like swimming. '),
(46, 'Mike watches football. Mike loves flowers. ', 232960925, 29307843, 1158526306, 'Rudi like sports. ', 1565832405, 'I like sports. Rudi watches football. '),
(47, 'Rudi watches football. ', 1859548706, 1584629657, 210034349, 'Rudi watches football. Rudi like sports.', 759872479, 'I watches football. '),
(48, 'Mike loves flowers. I watches football. ', 660422257, 863650108, 1879789358, 'I watches football. Rudi like sports. ', 1473333658, 'I like swimming. Rudi watches football. '),
(50, 'Rudi like swimming. Mike loves flowers. ', 888995136, 2077324738, 1576521935, 'Mike like sports. Rudi watches football.', 1347346314, 'I watches football. '),
(51, 'Mike loves flowers. I loves flowers. ', 1587444410, 113357219, 1332855981, 'Mike watches football. ', 2133546684, 'Mike loves flowers. Rudi like sports. '),
(52, 'Mike watches football. ', 577719842, 1709171013, 923975956, 'Mike like swimming. Rudi loves flowers. ', 808557262, 'Rudi watches football. Rudi like sports.'),
(54, 'I watches football. ', 1945301976, 1725385800, 625805013, 'Rudi loves flowers. Rudi loves flowers. ', 1065637334, 'I watches football. I loves flowers. '),
(55, 'Mike watches football. Rudi watches football. ', 2060683647, 136332649, 1251995926, 'I loves flowers. Mike watches football. ', 805730596, 'Mike like sports. Mike watches football.'),
(56, 'Mike loves flowers. Mike watches football. ', 1185610085, 597007180, 1948959755, 'Rudi watches football. ', 978682015, 'I loves flowers. Rudi watches football. '),
(57, 'Mike loves flowers. I like swimming. ', 45523759, 1380933416, 1615530885, 'Mike loves flowers. Mike loves flowers. ', 1092195187, 'Mike watches football. I like swimming. '),
(60, 'I watches football. Mike like sports. ', 2098745342, 295142307, 2014545653, 'Rudi watches football. Mike like sports.', 1326784333, 'I watches football. Mike like sports. '),
(61, 'Rudi watches football. Rudi watches football. ', 1206486192, 2137517613, 350223650, 'Mike watches football. I like sports. ', 635644486, 'I watches football. I loves flowers. '),
(62, 'Mike watches football. I loves flowers. ', 1141423039, 2023540577, 2139161008, 'I like swimming. Rudi watches football. ', 374925931, 'I loves flowers. Mike watches football. '),
(63, 'Mike loves flowers. Mike watches football. ', 1201521543, 1561153280, 1211828255, 'I loves flowers. ', 492564813, 'Mike like swimming. I watches football. '),
(64, 'Mike loves flowers. Rudi like swimming. ', 1218121724, 1231785773, 1300106213, 'I like sports. Rudi watches football. ', 1272778018, 'I watches football. Mike like sports. '),
(65, 'Mike loves flowers. Rudi like swimming. ', 1218121724, 1231785773, 1300106213, 'I like sports. Rudi watches football. ', 1272778018, 'I watches football. Mike like sports. '),
(66, 'Rudi loves flowers. Mike watches football. ', 1313953456, 2065693474, 1529426426, 'I like swimming. Mike watches football. ', 25946360, 'Rudi watches football. '),
(68, 'Mike watches football. Rudi watches football. ', 915583316, 1502658025, 143064376, 'Mike like swimming. Mike like swimming. ', 1116398572, 'Mike like sports. Mike loves flowers. '),
(69, 'Rudi like swimming. I loves flowers. ', 738595407, 2101927901, 328655688, 'Mike like sports. Rudi like sports. ', 1896958025, 'I loves flowers. Rudi watches football. '),
(70, 'I like sports. Mike loves flowers. ', 1434069212, 746207164, 1601864216, 'I like sports. I loves flowers. ', 830104666, 'Rudi watches football. '),
(71, 'I like sports. Mike loves flowers. ', 1434069212, 746207164, 1601864216, 'I like sports. I loves flowers. ', 830104666, 'Rudi watches football. '),
(72, 'I watches football. Mike watches football. ', 1766663780, 687736385, 1735550386, 'Mike loves flowers. Rudi loves flowers. ', 1745921528, 'Mike loves flowers. Mike loves flowers. '),
(73, 'Mike watches football. Mike like swimming. ', 374544265, 983041913, 1878046347, 'Mike loves flowers. I watches football. ', 661051114, 'I loves flowers. Mike watches football. '),
(74, 'Mike watches football. Mike like swimming. ', 374544265, 983041913, 1878046347, 'Mike loves flowers. I watches football. ', 661051114, 'I loves flowers. Mike watches football. '),
(75, 'Rudi loves flowers. Mike loves flowers. ', 464229604, 436361688, 297022109, 'I like sports. Mike watches football. ', 352757941, 'Mike like sports. I watches football. '),
(77, 'I loves flowers. ', 1521969040, 1526872763, 1551391347, 'Mike loves flowers. Mike loves flowers. ', 1541583932, 'I loves flowers. Rudi watches football. '),
(78, 'Mike like swimming. I like sports. ', 670852772, 263532012, 374411797, 'Mike like sports. Rudi like sports. ', 1189053316, 'Mike like swimming. I loves flowers. '),
(80, 'I watches football. Rudi loves flowers. ', 877915608, 1007539308, 1655657807, 'Mike like sports. ', 1396410407, 'Rudi watches football. '),
(81, 'Mike watches football. ', 534528498, 1533182177, 83999597, 'I like sports. Rudi watches football. ', 234175919, 'Rudi like sports. '),
(82, 'Mike watches football. Mike watches football. ', 259129082, 251844417, 215421192, 'Rudi loves flowers. Mike like swimming. ', 229990489, 'Mike watches football. '),
(83, 'Mike watches football. Mike watches football. ', 259129082, 251844417, 215421192, 'Rudi loves flowers. Mike like swimming. ', 229990489, 'Mike watches football. '),
(84, 'Rudi watches football. ', 1126966174, 970699708, 189367376, 'Mike loves flowers. ', 501900309, 'I watches football. Rudi like swimming. '),
(86, 'Rudi watches football. I like swimming. ', 1204791860, 538625630, 1502761709, 'I loves flowers. Rudi like sports. ', 687610554, 'Rudi watches football. '),
(87, 'Mike watches football. Mike like swimming. ', 1599121995, 299353574, 242962476, 'Mike like sports. ', 695015670, 'I watches football. Rudi like swimming. '),
(88, 'Mike watches football. Rudi loves flowers. ', 535164266, 497571967, 309610309, 'I loves flowers. Mike loves flowers. ', 384794972, 'I watches football. I watches football. '),
(89, 'Mike watches football. Rudi loves flowers. ', 535164266, 497571967, 309610309, 'I loves flowers. Mike loves flowers. ', 384794972, 'I watches football. I watches football. '),
(90, 'Mike loves flowers. Rudi loves flowers. ', 937048727, 737535550, 1887453250, 'Mike loves flowers. ', 138995988, 'Mike watches football. '),
(91, 'Rudi like sports. Mike watches football. ', 262559418, 921060129, 2066080296, 'I like swimming. I watches football. ', 749078777, 'Mike like swimming. Mike like swimming. '),
(92, 'Mike like sports. Mike watches football. ', 1108518034, 1725868716, 517654864, 'Rudi loves flowers. Mike loves flowers. ', 1430437147, 'Mike watches football. I like swimming. '),
(94, 'I loves flowers. Rudi watches football. ', 301722392, 1427184018, 612041241, 'Rudi watches football. ', 508601604, 'Mike loves flowers. I loves flowers. '),
(95, 'Rudi watches football. ', 1342054262, 1837184375, 17867583, 'Mike watches football. I like sports. ', 1175091036, 'Mike loves flowers. Rudi loves flowers. '),
(97, 'Mike loves flowers. ', 1612825051, 1380476492, 218733890, 'I loves flowers. Rudi watches football. ', 683430911, 'Rudi watches football. '),
(98, 'Mike loves flowers. ', 978850114, 1655124620, 741529793, 'Mike loves flowers. Rudi like swimming. ', 1536464459, 'Mike watches football. Mike like sports.'),
(99, 'Mike watches football. Mike watches football. ', 55535750, 404042242, 2146574762, 'I like swimming. I watches football. ', 1449561780, 'Mike watches football. '),
(101, 'Mike watches football. Mike watches football. ', 999309984, 44273057, 1711539456, 'Mike like swimming. ', 1474129632, 'Rudi watches football. '),
(102, 'Rudi watches football. Rudi watches football. ', 209059199, 1412079189, 984728129, 'I like swimming. Mike like swimming. ', 726171830, 'I loves flowers. Mike like sports. '),
(103, 'Mike loves flowers. Rudi watches football. ', 647712562, 1466309438, 1264326364, 'I loves flowers. Mike watches football. ', 1774616291, 'Mike like sports. Rudi watches football.'),
(105, 'Mike watches football. I watches football. ', 2042799847, 98053889, 1111742305, 'Mike like swimming. I watches football. ', 706266958, 'I loves flowers. I loves flowers. '),
(106, 'Rudi watches football. I loves flowers. ', 1071137845, 1183733989, 1746714772, 'Mike like sports. Mike watches football.', 1521522452, 'I like swimming. Rudi like sports. '),
(107, 'Rudi loves flowers. Rudi loves flowers. ', 1554839904, 876923840, 1782310913, 'Mike watches football. Rudi like sports.', 990659361, 'I loves flowers. I loves flowers. '),
(108, 'Rudi loves flowers. ', 1220746746, 416399222, 689628961, 'Mike like sports. Rudi loves flowers. ', 150840330, 'I watches football. Mike loves flowers. '),
(109, 'Mike like swimming. Rudi watches football. ', 159578476, 563045837, 432898930, 'I loves flowers. I watches football. ', 1773447887, 'I like sports. Mike watches football. '),
(110, 'Mike loves flowers. I like swimming. ', 771763717, 1185977521, 1109562959, 'I watches football. I loves flowers. ', 281135318, 'Mike loves flowers. Rudi like sports. '),
(111, 'I loves flowers. Rudi like swimming. ', 328916698, 1152700447, 976652191, 'Mike loves flowers. Mike like swimming. ', 1476568242, 'I loves flowers. '),
(112, 'Rudi watches football. I loves flowers. ', 685476772, 7402023, 911995535, 'I watches football. Mike loves flowers. ', 120661388, 'I like swimming. '),
(113, 'Rudi watches football. I loves flowers. ', 685476772, 7402023, 911995535, 'I watches football. Mike loves flowers. ', 120661388, 'I like swimming. '),
(114, 'Mike watches football. I watches football. ', 1782859283, 1927574139, 503664710, 'Mike like swimming. Mike like swimming. ', 214235029, 'Mike like sports. Rudi watches football.'),
(115, 'Mike loves flowers. ', 1408074285, 2133995028, 1468631547, 'I like sports. Mike loves flowers. ', 16790028, 'Rudi loves flowers. I loves flowers. '),
(116, 'Mike like swimming. Mike watches football. ', 570921287, 433844138, 1895942070, 'I loves flowers. Mike like sports. ', 22612690, 'Mike like sports. Rudi watches football.'),
(117, 'Mike watches football. Rudi watches football. ', 158102405, 1257269666, 310654937, 'Rudi like sports. I watches football. ', 259804125, 'Mike watches football. '),
(118, 'Mike watches football. Rudi watches football. ', 158102405, 1257269666, 310654937, 'Rudi like sports. I watches football. ', 259804125, 'Mike watches football. '),
(119, 'Rudi loves flowers. Rudi like swimming. ', 118522150, 1760502160, 1380467525, 'Rudi watches football. ', 243991185, 'Mike loves flowers. I watches football. '),
(121, 'I watches football. ', 1692108396, 1248044993, 1175211719, 'I loves flowers. I watches football. ', 2063338526, 'Mike watches football. Rudi like sports.'),
(122, 'I watches football. Mike watches football. ', 1751615747, 877569483, 802305457, 'I like swimming. ', 402914338, 'Mike watches football. Rudi like sports.'),
(123, 'Rudi loves flowers. ', 642706983, 389810912, 1272814234, 'Mike like swimming. Mike like swimming. ', 1778606345, 'Rudi like swimming. '),
(124, 'Rudi watches football. ', 1449538097, 26069117, 1498658775, 'Mike like sports. Mike like sports. ', 50629440, 'I like swimming. Rudi loves flowers. '),
(125, 'Rudi watches football. ', 1449538097, 26069117, 1498658775, 'Mike like sports. Mike like sports. ', 50629440, 'I like swimming. Rudi loves flowers. '),
(126, 'Mike loves flowers. Rudi watches football. ', 2103947514, 1005060465, 1953076163, 'I watches football. ', 2003366613, 'I loves flowers. '),
(127, 'Rudi loves flowers. Rudi watches football. ', 425806937, 755525708, 256636012, 'I loves flowers. I like sports. ', 1744682085, 'Mike loves flowers. '),
(128, 'Rudi watches football. Mike like sports. ', 1582557786, 1166406038, 1233130978, 'Mike watches football. ', 2065434473, 'Mike loves flowers. Mike loves flowers. '),
(129, 'Mike loves flowers. Rudi loves flowers. ', 1264023185, 1068393404, 90244528, 'Mike like swimming. Mike like sports. ', 481504091, 'Rudi like sports. Mike watches football.'),
(130, 'Mike like sports. Mike watches football. ', 528338226, 445052317, 28622744, 'Mike like sports. I like swimming. ', 195194561, 'I watches football. I watches football. '),
(131, 'Mike loves flowers. Rudi watches football. ', 146071129, 1545929066, 2102767810, 'I watches football. Mike like swimming. ', 1450535583, 'Mike watches football. Rudi like sports.'),
(132, 'Mike loves flowers. Rudi watches football. ', 146071129, 1545929066, 2102767810, 'I watches football. Mike like swimming. ', 1450535583, 'Mike watches football. Rudi like sports.'),
(133, 'Mike watches football. Rudi watches football. ', 268275560, 515256274, 1750159778, 'Mike loves flowers. Mike like swimming. ', 1256198383, 'Mike like swimming. Rudi like sports. '),
(134, 'Rudi like swimming. Rudi watches football. ', 1372547971, 18715150, 1839485408, 'Mike loves flowers. ', 252183853, 'I like sports. I like sports. ');

-- --------------------------------------------------------

--
-- Structure de la table `client`
--

CREATE TABLE `client` (
  `id` int(10) UNSIGNED NOT NULL,
  `nom` varchar(40) NOT NULL,
  `adrecaId` int(10) UNSIGNED NOT NULL,
  `telefon` varchar(9) NOT NULL,
  `email` varchar(60) NOT NULL,
  `dataRegistre` date NOT NULL
) ENGINE=InnoDB DEFAULT CHARSET=utf8mb4 COLLATE=utf8mb4_general_ci;

--
-- Déchargement des données de la table `client`
--

INSERT INTO `client` (`id`, `nom`, `adrecaId`, `telefon`, `email`, `dataRegistre`) VALUES
(1, 'I watches football. I watches football. ', 40, 'ovj', 'mkuw@-fnvzo.com', '2003-07-14'),
(2, 'Rudi like swimming. I loves flowers. ', 123, 'ckd', 'jovo@k-v--p.com', '2001-10-06'),
(3, 'Mike watches football. Mike like sports.', 1, 'wso', 'vjwm.kqby@dcmr-i.net', '2012-03-27'),
(5, 'I like sports. Rudi loves flowers. ', 133, 'kcx', 'krvv@h-skf-.net', '2009-03-27'),
(6, 'I watches football. I loves flowers. ', 117, 'ioj', 'xnqr15@---il-.net', '2008-12-21'),
(7, 'I loves flowers. Rudi watches football. ', 63, 'gcf', 'sewx11@-j----.com', '2015-01-19'),
(8, 'Mike watches football. I like swimming. ', 30, 'glj', 'nepr@-ws---.com', '2005-07-22'),
(9, 'I watches football. Rudi loves flowers. ', 72, 'lno', 'ffho@hbwi--.com', '2006-11-30'),
(10, 'Mike like sports. ', 10, 'sjh', 'eizk311@--m---.net', '2015-03-14'),
(11, 'I watches football. Rudi loves flowers. ', 115, 'xvx', 'wdcw@une--b.com', '2016-10-12'),
(12, 'Mike like sports. Mike watches football.', 103, 'xds', 'tqbo.wghrf@mycje.-lh-zp.org', '2004-05-20'),
(13, 'Mike watches football. I loves flowers. ', 34, 'xgf', 'dgnj.kvvfg@wn--cm.net', '2009-04-01'),
(14, 'I watches football. Rudi like sports. ', 129, 'bkp', 'hsutx@-rr-x-.net', '2018-05-29'),
(15, 'Mike like sports. Mike loves flowers. ', 77, 'hre', 'nmsy@rke---.com', '2014-08-18'),
(16, 'Mike watches football. I like swimming. ', 5, 'ghc', 'vylm454@----w-.net', '2017-09-20'),
(17, 'I loves flowers. Mike like sports. ', 15, 'hhy', 'joud@------.org', '2006-05-12'),
(18, 'Rudi like sports. Rudi like swimming. ', 109, 'pkd', 'asjb@--sc--.com', '2006-06-30'),
(19, 'Mike loves flowers. I watches football. ', 117, 'ibi', 'qapcl09@-pdc--.com', '2017-09-04'),
(20, 'I watches football. Rudi like sports. ', 129, 'bkp', 'hsutx@-rr-x-.net', '2018-05-29'),
(21, 'Mike like sports. Mike loves flowers. ', 77, 'hre', 'nmsy@rke---.com', '2014-08-18'),
(22, 'Mike watches football. I like swimming. ', 5, 'ghc', 'vylm454@----w-.net', '2017-09-20'),
(23, 'I loves flowers. Mike like sports. ', 15, 'hhy', 'joud@------.org', '2006-05-12'),
(24, 'Rudi like sports. Rudi like swimming. ', 109, 'pkd', 'asjb@--sc--.com', '2006-06-30'),
(25, 'Mike loves flowers. I watches football. ', 117, 'ibi', 'qapcl09@-pdc--.com', '2017-09-04'),
(26, 'I watches football. I watches football. ', 8, 'vjv', 'xaem@dv-g-q.com', '2008-10-15'),
(27, 'Mike loves flowers. Rudi loves flowers. ', 48, 'dgv', 'kxnf7@d-t-i-.com', '2019-11-23'),
(28, 'I like sports. ', 72, 'vgj', 'mxlb@l---r-.com', '2013-04-19'),
(29, 'I watches football. ', 134, 'jws', 'vuzg.ckdym@k---h-.net', '2017-08-18'),
(30, 'I loves flowers. Rudi watches football. ', 92, 'ddt', 'upvv72@-x--s-.com', '2003-12-31'),
(31, 'Rudi watches football. ', 78, 'hfj', 'vdzr821@u-w--o.org', '2005-08-30'),
(32, 'I like sports. Rudi like sports. ', 66, 'por', 'gpfh5@g--dui.org', '2004-12-15'),
(33, 'I loves flowers. Rudi watches football. ', 92, 'ddt', 'upvv72@-x--s-.com', '2003-12-31'),
(34, 'Rudi watches football. ', 78, 'hfj', 'vdzr821@u-w--o.org', '2005-08-30'),
(35, 'I like sports. Rudi like sports. ', 66, 'por', 'gpfh5@g--dui.org', '2004-12-15'),
(36, 'I watches football. ', 110, 'hkh', 'kcdc.gdhxx@-g--b-.com', '2001-03-15'),
(37, 'Mike watches football. ', 7, 'cdl', 'qejutw@---j-d.org', '2011-11-14'),
(38, 'Mike watches football. ', 7, 'cdl', 'qejutw@---j-d.org', '2011-11-14'),
(39, 'I loves flowers. Mike like swimming. ', 81, 'csb', 'eghi9@l-x--r.org', '2010-03-28'),
(40, 'Mike like sports. ', 21, 'lnc', 'krko1@n----h.com', '2009-12-18'),
(41, 'I watches football. ', 117, 'giy', 'gyym64@---zmq.net', '2001-07-18'),
(44, 'Mike watches football. ', 33, 'axt', 'mohokh368@xc--g-.com', '2006-10-01'),
(45, 'Mike like sports. Mike loves flowers. ', 20, 'bwk', 'idecik4@--m-qg.org', '2013-08-29'),
(46, 'Mike loves flowers. Mike like sports. ', 91, 'lkc', 'burl@ops-pz.com', '2016-09-26'),
(47, 'Rudi watches football. ', 130, 'ctw', 'uqnl657@my-iiy.org', '2009-01-05'),
(48, 'Rudi watches football. ', 130, 'ctw', 'uqnl657@my-iiy.org', '2009-01-05'),
(49, 'Rudi loves flowers. Mike like swimming. ', 30, 'zuy', 'otupo522@cx-a-g.com', '2007-02-03'),
(50, 'Rudi loves flowers. ', 95, 'ckz', 'ufwfq@p-p-py.net', '2014-07-11'),
(51, 'Rudi loves flowers. ', 95, 'ckz', 'ufwfq@p-p-py.net', '2014-07-11'),
(52, 'I loves flowers. Rudi watches football. ', 5, 'ztm', 'tlcu.astjz@----j-.com', '2009-06-23'),
(53, 'Mike loves flowers. I loves flowers. ', 84, 'kkx', 'dquwq6@c---ei.org', '2002-07-05'),
(54, 'Rudi like sports. Mike like swimming. ', 102, 'hhw', 'htrcl1@--f--b.com', '2002-04-14'),
(55, 'I watches football. I watches football. ', 34, 'cab', 'rzcf@-v---g.com', '2006-12-29'),
(56, 'Rudi loves flowers. Rudi like sports. ', 102, 'sft', 'urby745@------.net', '2011-10-21'),
(57, 'I like swimming. I like swimming. ', 115, 'wrz', 'dwph@-g----.com', '2013-11-05'),
(58, 'Rudi like swimming. Rudi like sports. ', 3, 'yid', 'sfdv.epanmh@-gj-mo.org', '2012-07-11'),
(59, 'Mike like swimming. Mike like swimming. ', 95, 'lyf', 'xnwo91@-evik-.com', '2004-01-19'),
(60, 'Mike loves flowers. Rudi loves flowers. ', 17, 'qsf', 'jwlv.hdrsuc@--vp--.com', '2003-11-13'),
(61, 'Mike loves flowers. I watches football. ', 114, 'gla', 'cycc@e-v---.org', '2003-03-18'),
(62, 'Rudi watches football. I loves flowers. ', 15, 'iom', 'lquv143@vq-l-k.org', '2004-08-24'),
(63, 'Mike watches football. ', 14, 'wag', 'mzwj2@ieo---.org', '2019-11-22'),
(64, 'Mike like swimming. Mike like swimming. ', 95, 'lyf', 'xnwo91@-evik-.com', '2004-01-19'),
(65, 'Mike loves flowers. Rudi loves flowers. ', 17, 'qsf', 'jwlv.hdrsuc@--vp--.com', '2003-11-13'),
(66, 'Mike loves flowers. I watches football. ', 114, 'gla', 'cycc@e-v---.org', '2003-03-18'),
(67, 'Rudi watches football. I loves flowers. ', 15, 'iom', 'lquv143@vq-l-k.org', '2004-08-24'),
(68, 'Mike watches football. ', 14, 'wag', 'mzwj2@ieo---.org', '2019-11-22'),
(69, 'Mike watches football. ', 5, 'ujj', 'xija@ld-wx-.net', '2000-10-07'),
(70, 'Rudi like swimming. ', 105, 'lok', 'mmhfp@--ow-q.org', '2019-04-23'),
(71, 'Rudi like swimming. I loves flowers. ', 36, 'ndo', 'lncm3@lj-k--.com', '2011-08-31'),
(72, 'I like sports. Rudi watches football. ', 112, 'wbj', 'ikdwz3@---r-p.com', '2017-11-10'),
(74, 'Mike like swimming. Rudi loves flowers. ', 17, 'xho', 'jqgu.jiod@e--u-c.net', '2016-01-18'),
(75, 'I like sports. Rudi watches football. ', 133, 'rgs', 'cjpn@-c-i-p.com', '2006-01-24'),
(76, 'Rudi like swimming. Rudi like sports. ', 7, 'cpa', 'qteir9@-nuaz-.com', '2005-06-23'),
(77, 'Rudi watches football. I like swimming. ', 46, 'xwt', 'mhww@--pa--.org', '2015-06-05'),
(78, 'I like swimming. Mike watches football. ', 17, 'cky', 'vhhf141@t--f-d.net', '2014-01-20'),
(79, 'Rudi like sports. Rudi like swimming. ', 77, 'jjt', 'cyxd@-m-cgt.com', '2009-05-15'),
(80, 'Rudi loves flowers. I watches football. ', 50, 'bgf', 'iwowp@i---b-.net', '2015-02-17'),
(81, 'I like swimming. Mike watches football. ', 17, 'cky', 'vhhf141@t--f-d.net', '2014-01-20'),
(82, 'Rudi like sports. Rudi like swimming. ', 77, 'jjt', 'cyxd@-m-cgt.com', '2009-05-15'),
(83, 'Rudi loves flowers. I watches football. ', 50, 'bgf', 'iwowp@i---b-.net', '2015-02-17'),
(84, 'Mike loves flowers. Rudi like swimming. ', 64, 'nrj', 'gupm@lw--v-.org', '2009-07-06'),
(85, 'Rudi like sports. Rudi like sports. ', 54, 'lbd', 'xqty@----x-.org', '2002-03-21'),
(86, 'Rudi like sports. Rudi like sports. ', 54, 'lbd', 'xqty@----x-.org', '2002-03-21'),
(87, 'Rudi like swimming. Mike like sports. ', 110, 'rry', 'czud.kxtq@v--n--.com', '2016-04-04'),
(89, 'Rudi watches football. ', 35, 'owc', 'zlmpl@--i-mt.com', '2006-01-02'),
(90, 'Rudi loves flowers. Mike like sports. ', 81, 'jvg', 'hbty333@i-ud--.net', '2018-06-26'),
(92, 'Mike loves flowers. I watches football. ', 125, 'wlt', 'dgeh6@zw-t--.com', '2000-05-13'),
(93, 'Mike watches football. Mike like sports.', 101, 'ktp', 'jtpvh396@xo--ge.com', '2003-08-29'),
(94, 'Rudi like swimming. Mike loves flowers. ', 74, 'oqj', 'yunt@-j-nq-.com', '2011-04-27'),
(95, 'Mike loves flowers. I loves flowers. ', 121, 'sgy', 'cxhuq@bh-xkq.org', '2000-07-25'),
(99, 'Mike watches football. Mike like sports.', 60, 'bym', 'lhue7@du--t-.com', '2003-09-08'),
(100, 'Mike watches football. ', 60, 'naw', 'arlvt@---wk-.net', '2016-03-23'),
(101, 'I like swimming. Rudi loves flowers. ', 22, 'xlj', 'ghqo@e---w-.net', '2017-09-25'),
(102, 'I watches football. ', 101, 'bvt', 'pahd@qqc---.net', '2007-08-19'),
(103, 'Mike watches football. ', 20, 'pic', 'rkbe82@tl-vw-.org', '2003-03-08'),
(104, 'Mike like sports. Rudi watches football.', 105, 'woh', 'yglt@q----h.com', '2015-08-31'),
(107, 'Mike watches football. Rudi like sports.', 65, 'jsw', 'semy@f-y--c.com', '2009-06-03'),
(108, 'I loves flowers. ', 78, 'iqk', 'jrsed.fljqmcvhk@-smc--.org', '2011-08-06'),
(109, 'Mike loves flowers. I like swimming. ', 30, 'hng', 'tmwra827@-x--z-.com', '2013-05-25'),
(111, 'I watches football. Mike like sports. ', 36, 'ifv', 'ecfll.xxfofum@x---l-.net', '2008-10-14'),
(112, 'Rudi like swimming. I watches football. ', 73, 'wcn', 'fxyv.sihe@e---mf.net', '2015-07-10'),
(113, 'Mike watches football. I loves flowers. ', 26, 'txi', 'yicb5@h-q--n.net', '2000-03-02'),
(114, 'Mike watches football. I like swimming. ', 5, 'jkc', 'wodl5@-vs---.com', '2005-11-29'),
(115, 'I watches football. Mike like swimming. ', 40, 'ltf', 'sfhk@-n---l.org', '2018-06-07'),
(116, 'Mike loves flowers. Rudi like swimming. ', 86, 'fzp', 'xxfe.mkuojibl@-rwhr-.org', '2002-04-06'),
(117, 'I watches football. Mike like swimming. ', 40, 'ltf', 'sfhk@-n---l.org', '2018-06-07'),
(118, 'Mike loves flowers. Rudi like swimming. ', 86, 'fzp', 'xxfe.mkuojibl@-rwhr-.org', '2002-04-06'),
(119, 'Rudi like swimming. I loves flowers. ', 124, 'xfb', 'oele@e-----.com', '2005-08-20'),
(120, 'I like sports. Mike loves flowers. ', 33, 'xfm', 'nueg.hypu@----gb.com', '2010-04-03'),
(121, 'I like swimming. Mike loves flowers. ', 6, 'psd', 'foul@-cp--a.com', '2000-04-18'),
(122, 'Mike loves flowers. I like swimming. ', 111, 'vqj', 'effk@-e-e-c.org', '2016-07-22'),
(123, 'Mike loves flowers. I like swimming. ', 111, 'vqj', 'effk@-e-e-c.org', '2016-07-22'),
(124, 'Rudi like sports. Mike loves flowers. ', 111, 'vgw', 'ngico@d--sci.com', '2019-06-05'),
(125, 'Rudi loves flowers. Mike loves flowers. ', 92, 'cnx', 'erfd6@h-ny-j.com', '2006-06-06'),
(126, 'Mike like swimming. ', 45, 'hov', 'jsju2@-wmoc-.com', '2001-05-18'),
(127, 'I loves flowers. ', 89, 'etu', 'irqa11@-gjej-.com', '2007-06-08'),
(128, 'Mike like swimming. I like sports. ', 91, 'vbt', 'cqep.zvck@--s---.net', '2001-08-26'),
(129, 'I watches football. ', 56, 'tmg', 'hmut@--tr--.org', '2005-12-20'),
(130, 'I watches football. Rudi loves flowers. ', 102, 'tpy', 'wyll132@-et-ce.com', '2016-09-06'),
(131, 'Mike watches football. ', 66, 'jnx', 'fxxu.orje@---nda.com', '2001-03-27'),
(132, 'I like sports. I like swimming. ', 84, 'seo', 'vwqg3@--c-s-.com', '2009-09-16'),
(133, 'Rudi watches football. ', 73, 'lzs', 'owsd44@nf---t.net', '2015-06-18'),
(134, 'Mike loves flowers. I loves flowers. ', 133, 'xks', 'yimiv4@s--d-v.com', '2008-06-05'),
(135, 'Rudi watches football. I like swimming. ', 1, 'asq', 'nyim@h-l-sj.com', '2003-10-23'),
(136, 'Mike watches football. ', 66, 'jnx', 'fxxu.orje@---nda.com', '2001-03-27'),
(137, 'I like sports. I like swimming. ', 84, 'seo', 'vwqg3@--c-s-.com', '2009-09-16'),
(138, 'Rudi watches football. ', 73, 'lzs', 'owsd44@nf---t.net', '2015-06-18'),
(139, 'Mike loves flowers. I loves flowers. ', 133, 'xks', 'yimiv4@s--d-v.com', '2008-06-05'),
(140, 'Rudi watches football. I like swimming. ', 1, 'asq', 'nyim@h-l-sj.com', '2003-10-23'),
(141, 'Mike loves flowers. Rudi loves flowers. ', 50, 'kiv', 'rqqn2@f-lg-t.com', '2001-03-26'),
(142, 'Rudi like sports. Mike watches football.', 80, 'wve', 'rete@t-t--w.net', '2005-11-28'),
(143, 'Mike like sports. Mike watches football.', 87, 'ury', 'nmyc56@--b-r-.com', '2002-03-27'),
(144, 'I loves flowers. Rudi loves flowers. ', 132, 'dpg', 'rnxly7@-xepdh.net', '2011-06-26'),
(145, 'I loves flowers. Rudi watches football. ', 23, 'osr', 'lmrr84@-npmnp.org', '2016-03-13'),
(146, 'Mike loves flowers. ', 6, 'cyk', 'lynl@qp---k.org', '2012-08-14'),
(147, 'I like swimming. Mike like swimming. ', 69, 'evq', 'jfiv@u-mfcp.com', '2003-04-23'),
(154, 'Rudi watches football. ', 124, 'sib', 'bwsz7@imd-je.com', '2016-02-22'),
(155, 'Rudi like sports. Rudi watches football.', 125, 'quy', 'rllq@--mwl-.com', '2006-01-15'),
(156, 'Mike loves flowers. ', 38, 'lvi', 'lbiw@-s-sar.com', '2015-04-04'),
(157, 'Mike loves flowers. ', 61, 'hmh', 'juak1@-ez---.com', '2019-02-27'),
(158, 'Rudi loves flowers. Rudi like swimming. ', 103, 'exr', 'ytzwv.jqlth@e-----.com', '2015-12-14'),
(159, 'I watches football. Rudi like sports. ', 36, 'hgp', 'lhxb@-----u.org', '2007-03-22'),
(160, 'I loves flowers. Mike loves flowers. ', 132, 'tki', 'vrvoz7@zatd--.com', '2014-11-08'),
(162, 'Mike like swimming. I like swimming. ', 116, 'egm', 'yrsk@-iun-i.org', '2015-03-18'),
(163, 'Mike watches football. ', 126, 'mxb', 'tums@y-r--k.net', '2008-08-28'),
(164, 'Mike loves flowers. Rudi loves flowers. ', 73, 'pnj', 'popg.ucdh@-gvac-.net', '2002-12-04'),
(165, 'I loves flowers. Mike watches football. ', 55, 'ikt', 'tjnomju5@-u----.org', '2018-09-02'),
(166, 'I loves flowers. I like sports. ', 6, 'kvr', 'xqjr541@a-y-o-.net', '2018-06-01'),
(167, 'Mike watches football. ', 128, 'psu', 'vtwa862@--oq-f.com', '2002-08-05'),
(168, 'I loves flowers. I like sports. ', 6, 'kvr', 'xqjr541@a-y-o-.net', '2018-06-01'),
(169, 'Mike watches football. ', 128, 'psu', 'vtwa862@--oq-f.com', '2002-08-05'),
(170, 'Mike like sports. Mike loves flowers. ', 22, 'hvm', 'nftis.srwr@---kxt.net', '2008-07-12'),
(171, 'I watches football. ', 3, 'lpg', 'qqdn@doi-r-.net', '2010-07-10'),
(172, 'I watches football. Mike like swimming. ', 15, 'olj', 'lzxf475@-m--wa.com', '2008-11-22'),
(175, 'Mike like swimming. Rudi like swimming. ', 81, 'whw', 'bofc7@-wz-vw.com', '2010-03-11'),
(176, 'Rudi watches football. I loves flowers. ', 54, 'fko', 'wcqg@v--pcw.com', '2011-10-03'),
(177, 'I watches football. ', 15, 'fvp', 'uzir.txse@-ave--.org', '2002-11-16'),
(179, 'I loves flowers. Mike watches football. ', 43, 'jqx', 'ttkl@-i--d-.org', '2014-06-16'),
(180, 'Rudi loves flowers. Rudi loves flowers. ', 123, 'nbk', 'whcg9@p-tmog.com', '2018-02-26'),
(181, 'Rudi loves flowers. ', 54, 'xyz', 'ebdqe@rk--p-.org', '2002-10-09'),
(182, 'I loves flowers. Rudi like sports. ', 42, 'xnb', 'mnyl.lguup@niot.---b--.com', '2019-05-26'),
(183, 'I loves flowers. Rudi like sports. ', 42, 'xnb', 'mnyl.lguup@niot.---b--.com', '2019-05-26'),
(184, 'Mike loves flowers. Mike like sports. ', 130, 'hab', 'tiwn250@x-rx-g.com', '2006-08-03'),
(186, 'Mike loves flowers. I like swimming. ', 6, 'svu', 'cyvn@--k-o-.net', '2012-01-17'),
(187, 'I like sports. Mike watches football. ', 103, 'gev', 'lkhe@xpj-dx.net', '2018-09-07'),
(188, 'I like swimming. I like sports. ', 116, 'wbj', 'ebes8@-fico-.org', '2013-12-15'),
(189, 'I loves flowers. Rudi like swimming. ', 119, 'djb', 'cyqb.xydy@f---qo.com', '2009-10-15'),
(190, 'Rudi watches football. I loves flowers. ', 129, 'kef', 'ytzw.hxatg@-o---w.com', '2011-02-19'),
(191, 'I loves flowers. I watches football. ', 46, 'kln', 'rtku@to-t-r.com', '2018-03-22'),
(192, 'Mike loves flowers. ', 36, 'xoq', 'tprh5@z-k-a-.com', '2019-02-21'),
(193, 'Rudi watches football. I loves flowers. ', 129, 'kef', 'ytzw.hxatg@-o---w.com', '2011-02-19'),
(194, 'I loves flowers. I watches football. ', 46, 'kln', 'rtku@to-t-r.com', '2018-03-22'),
(195, 'Mike loves flowers. ', 36, 'xoq', 'tprh5@z-k-a-.com', '2019-02-21'),
(196, 'Mike loves flowers. I loves flowers. ', 12, 'xmg', 'lnwz.tmtqpdo@sv-avn.com', '2014-08-10'),
(198, 'Mike loves flowers. ', 103, 'jnz', 'obep@-p-x-x.org', '2019-10-20'),
(199, 'Mike watches football. Mike like sports.', 90, 'usz', 'byec.ghjcf@l--ptw.org', '2009-07-31'),
(200, 'I watches football. Mike like sports. ', 23, 'hok', 'wohc.htbiv@m---ih.org', '2002-08-06'),
(201, 'I watches football. Mike like sports. ', 23, 'hok', 'wohc.htbiv@m---ih.org', '2002-08-06'),
(202, 'Mike like swimming. Rudi like swimming. ', 28, 'aeu', 'dwqu5@-u--gs.com', '2015-08-14'),
(203, 'Mike watches football. I loves flowers. ', 87, 'cjb', 'icdz@vtx--u.net', '2008-05-20'),
(204, 'Rudi loves flowers. Rudi like swimming. ', 43, 'rgl', 'rpag@d-ym-x.org', '2011-03-14'),
(207, 'I watches football. ', 133, 'tof', 'nfqf.nulbdnrb@----o-.net', '2004-08-30'),
(208, 'Rudi watches football. Mike like sports.', 130, 'ugc', 'hhey.fwolcvdr@ri-p--.net', '2013-09-26'),
(209, 'Rudi loves flowers. I like sports. ', 3, 'cxw', 'heqj@-b-ill.com', '2019-11-08'),
(210, 'Mike loves flowers. Mike like swimming. ', 75, 'oau', 'dosd018@iweg--.net', '2012-09-01'),
(211, 'Mike loves flowers. I watches football. ', 26, 'dak', 'yvzk@c-q---.net', '2011-07-27'),
(212, 'Mike watches football. ', 82, 'rvt', 'kkkuv@g-rmow.org', '2012-12-11');

-- --------------------------------------------------------

--
-- Structure de la table `compra`
--

CREATE TABLE `compra` (
  `id` int(10) UNSIGNED NOT NULL,
  `dataC` date NOT NULL,
  `preuTotal` double NOT NULL,
  `poveidorId` int(10) UNSIGNED NOT NULL
) ENGINE=InnoDB DEFAULT CHARSET=utf8mb4 COLLATE=utf8mb4_general_ci;

--
-- Déchargement des données de la table `compra`
--

INSERT INTO `compra` (`id`, `dataC`, `preuTotal`, `poveidorId`) VALUES
(1, '2014-08-14', 73114693.60199058, 172),
(2, '2002-01-03', 90144762.40300544, 137),
(3, '2008-03-14', 49682259.343089074, 12),
(4, '2008-02-24', 98587693.32362016, 189),
(5, '2004-02-26', 85712404.43456863, 12),
(6, '2000-09-21', 98742083.38984266, 140),
(7, '2006-08-27', 22815793.03734177, 181),
(8, '2013-03-06', 7479382.813444624, 139),
(9, '2019-05-10', 74315771.82910524, 55),
(10, '2014-03-19', 94958327.04567263, 203),
(11, '2000-02-14', 3051322.8638204383, 158),
(12, '2003-01-20', 69165537.93139485, 84),
(13, '2019-04-10', 85169089.40303199, 194),
(14, '2003-03-11', 5674714.260152059, 11),
(15, '2018-10-18', 40828509.55300814, 6),
(16, '2011-01-30', 35238879.20698725, 100),
(17, '2018-12-11', 99368664.13660748, 194),
(18, '2018-03-21', 56194533.90593078, 29),
(19, '2018-09-28', 47598454.05345582, 221),
(20, '2009-09-28', 4941147.821497294, 207),
(21, '2007-12-11', 58227236.81370429, 35),
(22, '2018-04-12', 85124296.83406785, 169),
(23, '2006-12-13', 22867383.417976428, 215),
(24, '2003-03-09', 15318586.920599319, 139),
(25, '2005-11-18', 96392228.64568235, 232),
(26, '2007-05-19', 23262564.37092026, 8),
(27, '2010-02-16', 61664165.595991895, 127),
(28, '2017-04-15', 60889540.214597195, 29),
(29, '2002-04-27', 24761899.90121238, 228),
(30, '2010-10-14', 83936008.82564604, 113),
(31, '2015-05-30', 68899538.4279028, 36),
(32, '2011-09-01', 79765714.72083265, 128),
(33, '2013-03-13', 12372421.958696544, 129),
(34, '2000-11-04', 10757452.405954704, 111),
(35, '2003-02-19', 3276379.1795241805, 23),
(36, '2015-03-27', 93266264.71787404, 194),
(37, '2007-07-25', 26682692.480228208, 107),
(38, '2012-06-24', 55440753.75089187, 99),
(39, '2002-10-18', 22726714.80188173, 100),
(40, '2017-08-02', 14286540.424857419, 13),
(41, '2013-11-24', 5062722.166922129, 69),
(42, '2009-01-01', 13092606.60406093, 218),
(43, '2016-02-08', 5792581.081885017, 40),
(44, '2000-02-05', 46031019.67502232, 172),
(45, '2000-02-06', 46795273.40020191, 118),
(46, '2017-01-16', 25311429.486803915, 25),
(47, '2010-06-18', 78934239.23933825, 221),
(48, '2000-06-20', 77192562.19680546, 26),
(49, '2014-11-17', 34529328.227228776, 211),
(50, '2014-02-06', 72458726.97160532, 76),
(51, '2002-11-03', 88440715.40040709, 127),
(52, '2005-07-02', 42257789.41625867, 129),
(53, '2009-08-20', 16877926.472722527, 138),
(54, '2001-07-04', 15628413.487414306, 92),
(55, '2010-11-21', 17433951.002168424, 65),
(56, '2012-03-18', 56341069.638836086, 87),
(57, '2011-07-17', 9731759.479562752, 163),
(58, '2019-02-05', 16124780.874055466, 29),
(59, '2004-02-05', 63399340.070570186, 226),
(60, '2005-06-25', 52797217.96198867, 23),
(61, '2012-06-19', 2863839.713021443, 82),
(62, '2003-10-21', 55669927.03196468, 102),
(63, '2003-09-11', 59741769.54063306, 66),
(64, '2000-01-10', 48835702.15029308, 83),
(65, '2000-03-19', 90529485.41002466, 101),
(66, '2013-09-02', 4096635.883229505, 107),
(67, '2003-03-22', 46057738.083823204, 27),
(68, '2009-09-22', 39456777.1540121, 55),
(69, '2003-07-24', 80019729.8329145, 177),
(70, '2009-10-01', 32942844.395337902, 11),
(71, '2010-10-22', 66130497.166839354, 112),
(72, '2002-07-13', 73252647.3374695, 52),
(73, '2019-06-23', 70505201.2357254, 40),
(74, '2002-08-09', 53148981.912585184, 58),
(75, '2004-11-27', 96581.31997107856, 108),
(76, '2004-02-15', 94964400.80949906, 102),
(77, '2007-11-21', 36011424.02233627, 69),
(78, '2016-11-29', 62969638.373149015, 90),
(79, '2004-05-08', 17798499.826006055, 120),
(80, '2008-02-17', 49158108.78716786, 109),
(81, '2008-08-21', 90995374.20082608, 121),
(82, '2018-12-30', 28246173.909513883, 127),
(83, '2004-08-30', 74029771.60413496, 119),
(84, '2010-06-01', 26981179.37946033, 129),
(85, '2017-10-18', 64747045.70182054, 82),
(86, '2007-09-29', 81347024.32632552, 165),
(87, '2000-10-07', 53194867.66498561, 75),
(88, '2005-06-04', 3682641.5973340245, 84),
(89, '2011-11-06', 61718705.21720574, 202),
(90, '2002-04-04', 17367614.825204648, 71),
(91, '2013-02-07', 10848088.441172233, 10),
(92, '2004-07-29', 58428760.629912436, 220),
(93, '2002-05-25', 38888385.73570034, 213),
(94, '2019-11-02', 86591984.49182554, 199),
(95, '2013-01-18', 52641708.13399361, 172),
(96, '2011-09-22', 89918009.56486826, 216),
(97, '2019-09-08', 88393097.21154954, 130),
(98, '2019-03-30', 30753307.89586921, 220),
(99, '2004-02-19', 37405274.743087016, 53),
(100, '2005-04-21', 41397062.00333181, 26),
(101, '2007-06-29', 73921140.80610992, 9),
(102, '2007-04-04', 87290753.35077544, 175),
(103, '2009-04-07', 90394174.0660769, 24),
(104, '2017-07-26', 26902176.579995017, 215),
(105, '2006-09-03', 32731794.92886942, 130),
(106, '2005-10-24', 90585182.30967385, 57),
(107, '2008-11-11', 65187171.375866085, 140),
(108, '2001-01-10', 6897945.39400479, 44),
(109, '2010-01-30', 21674593.732039772, 69),
(110, '2003-09-02', 32066407.802714556, 7),
(111, '2019-12-24', 98278866.80428398, 169),
(112, '2012-09-26', 95958060.05026282, 100),
(113, '2012-08-10', 55209271.90803022, 221),
(114, '2005-07-23', 2119865.251594466, 140),
(115, '2018-03-11', 59104547.48749061, 13),
(116, '2006-10-26', 97730445.83876473, 70),
(117, '2010-02-25', 56181391.35649504, 65),
(118, '2005-04-25', 25880701.79681504, 163),
(119, '2009-10-30', 10051236.937636321, 203),
(120, '2002-05-02', 53151652.19803307, 40),
(121, '2008-07-29', 15987553.966209367, 119),
(122, '2002-09-26', 22288467.892696083, 57),
(123, '2006-02-28', 55950206.8961777, 34),
(124, '2010-12-03', 56723213.052361555, 66),
(125, '2014-05-07', 39768031.29385302, 154),
(126, '2009-11-22', 61185725.838829674, 13),
(127, '2019-04-01', 80612581.73767126, 155),
(128, '2000-04-22', 42635170.582142144, 71),
(129, '2004-03-10', 34393528.83083122, 160),
(130, '2007-03-07', 66779051.61053023, 69),
(131, '2003-06-15', 39161068.9096085, 177),
(132, '2004-11-06', 67619766.99471009, 224),
(133, '2010-12-24', 82266693.04390293, 36),
(134, '2016-01-09', 17441076.473177265, 34),
(135, '2011-02-09', 99227325.18658991, 108),
(136, '2002-03-13', 20640839.96230508, 75),
(137, '2011-10-04', 32337940.94165856, 95),
(138, '2010-05-17', 21617375.53476435, 145),
(139, '2015-10-14', 1525765.8562357167, 35),
(140, '2010-07-14', 70872206.28269458, 143),
(141, '2013-12-24', 31239016.569024604, 2),
(142, '2007-03-15', 7512109.4533957215, 94),
(143, '2004-02-03', 40881131.26000701, 211),
(144, '2008-11-06', 24890922.898519706, 28),
(145, '2005-02-05', 12066638.197918022, 211),
(146, '2013-12-28', 50261579.03874977, 74),
(147, '2015-07-23', 52478451.974137194, 69),
(148, '2003-06-27', 1608980.319530473, 9),
(149, '2004-07-01', 56102492.89825382, 176),
(150, '2013-12-28', 74464920.72217938, 75),
(151, '2019-08-30', 24920528.159697507, 226),
(152, '2018-07-31', 49189649.6328136, 7),
(153, '2016-01-27', 43634731.675180815, 41),
(154, '2014-10-12', 12226375.684226066, 226),
(155, '2016-09-22', 51619393.5056564, 164),
(156, '2001-10-20', 22042364.699419446, 84),
(157, '2003-04-06', 14050043.77765885, 199),
(158, '2008-09-30', 67273695.22439791, 202),
(159, '2012-09-30', 75114651.52880721, 209),
(160, '2006-06-01', 7962643.03890879, 87),
(161, '2000-03-04', 62494271.59472043, 144),
(162, '2013-02-01', 34252439.80701684, 198),
(163, '2012-08-15', 75103018.99707712, 11),
(164, '2007-06-16', 45581260.44625278, 21),
(165, '2004-02-28', 10653454.185717681, 213),
(166, '2018-03-18', 48956022.22577171, 112),
(167, '2017-08-10', 279732.93591648794, 29),
(168, '2006-01-31', 509492.91243681527, 21),
(169, '2014-02-20', 2586084.923849341, 1),
(170, '2016-03-01', 36573.426785613265, 198),
(171, '2014-06-20', 46533997.416399494, 108),
(172, '2008-07-18', 74914939.50776422, 102),
(173, '2010-03-10', 93041266.77061737, 45),
(174, '2001-02-06', 15651814.925426865, 145),
(175, '2019-09-28', 39606940.9153661, 5),
(176, '2002-10-16', 9735077.622453537, 83),
(177, '2003-01-24', 15326378.63501467, 111),
(178, '2011-12-07', 49538286.239932835, 198),
(179, '2014-03-18', 89012022.34340622, 84),
(180, '2018-12-11', 1333354.8287132846, 157),
(181, '2016-06-24', 38541747.638926215, 3),
(182, '2010-03-10', 30161466.56261751, 26),
(183, '2002-06-22', 41834246.29877571, 103),
(184, '2013-01-31', 95125280.69136365, 54),
(185, '2012-05-03', 49878742.82628378, 28),
(186, '2014-02-26', 3878423.31736058, 198),
(187, '2009-08-21', 79965881.02095687, 175),
(188, '2005-04-26', 37549659.031183355, 198),
(189, '2001-12-29', 26681595.882495835, 170),
(190, '2001-04-08', 98458851.74857412, 56),
(191, '2012-05-05', 72402875.16673876, 112),
(192, '2011-10-26', 64732708.51964268, 89),
(193, '2000-07-24', 95102191.25861244, 66),
(194, '2005-09-05', 56845450.16938611, 87),
(195, '2011-10-30', 15417473.855712615, 99),
(196, '2010-07-07', 81290538.8497052, 211),
(197, '2001-06-17', 7430951.883804882, 221),
(198, '2005-03-06', 42694804.47870745, 171),
(199, '2001-06-24', 67739032.33149526, 227),
(200, '2005-08-13', 35938048.62682814, 27),
(201, '2013-08-06', 8565837.004681675, 9),
(202, '2012-11-05', 99025037.9951694, 26),
(203, '2005-08-07', 15316377.313332075, 160),
(204, '2007-01-25', 31919999.663535282, 177),
(205, '2012-01-30', 3585413.2944467375, 189),
(206, '2003-02-06', 49206716.57385578, 68),
(207, '2016-12-28', 80801471.3455529, 188),
(208, '2007-05-03', 19752684.31092232, 44),
(209, '2007-01-28', 83020854.92079902, 159),
(210, '2011-04-09', 65568568.4646907, 84),
(211, '2011-12-22', 26585594.189656757, 189),
(212, '2004-10-30', 7362216.959554013, 69),
(213, '2005-11-03', 10175596.590637691, 46),
(214, '2000-05-11', 95049841.06714715, 111),
(215, '2017-07-12', 87035578.30083908, 82),
(216, '2016-07-07', 88428198.39215557, 29),
(217, '2014-11-19', 25720339.81252123, 171),
(218, '2010-10-18', 23616153.911985505, 143),
(219, '2008-06-18', 5519117.730539924, 87),
(220, '2012-11-01', 33589094.28352023, 129),
(221, '2007-07-08', 78794937.45422822, 108),
(222, '2019-05-31', 81565964.40173186, 164),
(223, '2005-06-04', 44874556.589224845, 11),
(224, '2017-04-07', 11138381.198194824, 71),
(225, '2014-08-06', 50977684.43834603, 68);

-- --------------------------------------------------------

--
-- Structure de la table `empleat`
--

CREATE TABLE `empleat` (
  `id` int(10) UNSIGNED NOT NULL,
  `nom` varchar(40) NOT NULL
) ENGINE=InnoDB DEFAULT CHARSET=utf8mb4 COLLATE=utf8mb4_general_ci;

--
-- Déchargement des données de la table `empleat`
--

INSERT INTO `empleat` (`id`, `nom`) VALUES
(1, 'I watches football. I watches football. '),
(2, 'Rudi like swimming. I loves flowers. '),
(3, 'Mike watches football. Mike like sports.'),
(5, 'I like sports. Rudi loves flowers. '),
(6, 'I watches football. I loves flowers. '),
(7, 'I loves flowers. Rudi watches football. '),
(8, 'Mike watches football. I like swimming. '),
(9, 'I watches football. Rudi loves flowers. '),
(10, 'Mike like sports. '),
(11, 'I watches football. Rudi loves flowers. '),
(12, 'Mike like sports. Mike watches football.'),
(13, 'Mike watches football. I loves flowers. '),
(14, 'I watches football. Rudi like sports. '),
(15, 'Mike like sports. Mike loves flowers. '),
(16, 'Mike watches football. I like swimming. '),
(17, 'I loves flowers. Mike like sports. '),
(18, 'Rudi like sports. Rudi like swimming. '),
(19, 'Mike loves flowers. I watches football. '),
(20, 'I watches football. Rudi like sports. '),
(21, 'Mike like sports. Mike loves flowers. '),
(22, 'Mike watches football. I like swimming. '),
(23, 'I loves flowers. Mike like sports. '),
(24, 'Rudi like sports. Rudi like swimming. '),
(25, 'Mike loves flowers. I watches football. '),
(26, 'I watches football. I watches football. '),
(27, 'Mike loves flowers. Rudi loves flowers. '),
(28, 'I like sports. '),
(29, 'I watches football. '),
(30, 'I loves flowers. Rudi watches football. '),
(31, 'Rudi watches football. '),
(32, 'I like sports. Rudi like sports. '),
(33, 'I loves flowers. Rudi watches football. '),
(34, 'Rudi watches football. '),
(35, 'I like sports. Rudi like sports. '),
(36, 'I watches football. '),
(37, 'Mike watches football. '),
(38, 'Mike watches football. '),
(39, 'I loves flowers. Mike like swimming. '),
(40, 'Mike like sports. '),
(41, 'I watches football. '),
(44, 'Mike watches football. '),
(45, 'Mike like sports. Mike loves flowers. '),
(46, 'Mike loves flowers. Mike like sports. '),
(47, 'Rudi watches football. '),
(48, 'Rudi watches football. '),
(49, 'Rudi loves flowers. Mike like swimming. '),
(50, 'Rudi loves flowers. '),
(51, 'Rudi loves flowers. '),
(52, 'I loves flowers. Rudi watches football. '),
(53, 'Mike loves flowers. I loves flowers. '),
(54, 'Rudi like sports. Mike like swimming. '),
(55, 'I watches football. I watches football. '),
(56, 'Rudi loves flowers. Rudi like sports. '),
(57, 'I like swimming. I like swimming. '),
(58, 'Rudi like swimming. Rudi like sports. '),
(59, 'Mike like swimming. Mike like swimming. '),
(60, 'Mike loves flowers. Rudi loves flowers. '),
(61, 'Mike loves flowers. I watches football. '),
(62, 'Rudi watches football. I loves flowers. '),
(63, 'Mike watches football. '),
(64, 'Mike like swimming. Mike like swimming. '),
(65, 'Mike loves flowers. Rudi loves flowers. '),
(66, 'Mike loves flowers. I watches football. '),
(67, 'Rudi watches football. I loves flowers. '),
(68, 'Mike watches football. '),
(69, 'Mike watches football. '),
(70, 'Rudi like swimming. '),
(71, 'Rudi like swimming. I loves flowers. '),
(72, 'I like sports. Rudi watches football. '),
(74, 'Mike like swimming. Rudi loves flowers. '),
(75, 'I like sports. Rudi watches football. '),
(76, 'Rudi like swimming. Rudi like sports. '),
(77, 'Rudi watches football. I like swimming. '),
(78, 'I like swimming. Mike watches football. '),
(79, 'Rudi like sports. Rudi like swimming. '),
(80, 'Rudi loves flowers. I watches football. '),
(81, 'I like swimming. Mike watches football. '),
(82, 'Rudi like sports. Rudi like swimming. '),
(83, 'Rudi loves flowers. I watches football. '),
(84, 'Mike loves flowers. Rudi like swimming. '),
(85, 'Rudi like sports. Rudi like sports. '),
(86, 'Rudi like sports. Rudi like sports. '),
(87, 'Rudi like swimming. Mike like sports. '),
(89, 'Rudi watches football. '),
(90, 'Rudi loves flowers. Mike like sports. '),
(92, 'Mike loves flowers. I watches football. '),
(93, 'Mike watches football. Mike like sports.'),
(94, 'Rudi like swimming. Mike loves flowers. '),
(95, 'Mike loves flowers. I loves flowers. '),
(99, 'Mike watches football. Mike like sports.'),
(100, 'Mike watches football. '),
(101, 'I like swimming. Rudi loves flowers. '),
(102, 'I watches football. '),
(103, 'Mike watches football. '),
(104, 'Mike like sports. Rudi watches football.'),
(107, 'Mike watches football. Rudi like sports.'),
(108, 'I loves flowers. '),
(109, 'Mike loves flowers. I like swimming. '),
(111, 'I watches football. Mike like sports. '),
(112, 'Rudi like swimming. I watches football. '),
(113, 'Mike watches football. I loves flowers. '),
(114, 'Mike watches football. I like swimming. '),
(115, 'I watches football. Mike like swimming. '),
(116, 'Mike loves flowers. Rudi like swimming. '),
(117, 'I watches football. Mike like swimming. '),
(118, 'Mike loves flowers. Rudi like swimming. '),
(119, 'Rudi like swimming. I loves flowers. '),
(120, 'I like sports. Mike loves flowers. '),
(121, 'I like swimming. Mike loves flowers. '),
(122, 'Mike loves flowers. I like swimming. '),
(123, 'Mike loves flowers. I like swimming. '),
(124, 'Rudi like sports. Mike loves flowers. '),
(125, 'Rudi loves flowers. Mike loves flowers. '),
(126, 'Mike like swimming. '),
(127, 'I loves flowers. '),
(128, 'Mike like swimming. I like sports. '),
(129, 'I watches football. '),
(130, 'I watches football. Rudi loves flowers. '),
(131, 'Mike watches football. '),
(132, 'I like sports. I like swimming. '),
(133, 'Rudi watches football. '),
(134, 'Mike loves flowers. I loves flowers. '),
(135, 'Rudi watches football. I like swimming. '),
(136, 'Mike watches football. '),
(137, 'I like sports. I like swimming. '),
(138, 'Rudi watches football. '),
(139, 'Mike loves flowers. I loves flowers. '),
(140, 'Rudi watches football. I like swimming. '),
(141, 'Mike loves flowers. Rudi loves flowers. ');

-- --------------------------------------------------------

--
-- Structure de la table `marca`
--

CREATE TABLE `marca` (
  `id` int(10) UNSIGNED NOT NULL,
  `nom` varchar(40) NOT NULL
) ENGINE=InnoDB DEFAULT CHARSET=utf8mb4 COLLATE=utf8mb4_general_ci;

--
-- Déchargement des données de la table `marca`
--

INSERT INTO `marca` (`id`, `nom`) VALUES
(1, 'I watches football. I watches football. '),
(2, 'Rudi like swimming. I loves flowers. '),
(3, 'Mike watches football. Mike like sports.'),
(5, 'I like sports. Rudi loves flowers. '),
(6, 'I watches football. I loves flowers. '),
(7, 'I loves flowers. Rudi watches football. '),
(8, 'Mike watches football. I like swimming. '),
(9, 'I watches football. Rudi loves flowers. '),
(10, 'Mike like sports. '),
(11, 'I watches football. Rudi loves flowers. '),
(12, 'Mike like sports. Mike watches football.'),
(13, 'Mike watches football. I loves flowers. '),
(14, 'I watches football. Rudi like sports. '),
(15, 'Mike like sports. Mike loves flowers. '),
(16, 'Mike watches football. I like swimming. '),
(17, 'I loves flowers. Mike like sports. '),
(18, 'Rudi like sports. Rudi like swimming. '),
(19, 'Mike loves flowers. I watches football. '),
(20, 'I watches football. Rudi like sports. '),
(21, 'Mike like sports. Mike loves flowers. '),
(22, 'Mike watches football. I like swimming. '),
(23, 'I loves flowers. Mike like sports. '),
(24, 'Rudi like sports. Rudi like swimming. '),
(25, 'Mike loves flowers. I watches football. '),
(26, 'I watches football. I watches football. '),
(27, 'Mike loves flowers. Rudi loves flowers. '),
(28, 'I like sports. '),
(29, 'I watches football. '),
(30, 'I loves flowers. Rudi watches football. '),
(31, 'Rudi watches football. '),
(32, 'I like sports. Rudi like sports. '),
(33, 'I loves flowers. Rudi watches football. '),
(34, 'Rudi watches football. '),
(35, 'I like sports. Rudi like sports. '),
(36, 'I watches football. '),
(37, 'Mike watches football. '),
(38, 'Mike watches football. '),
(39, 'I loves flowers. Mike like swimming. '),
(40, 'Mike like sports. '),
(41, 'I watches football. '),
(44, 'Mike watches football. '),
(45, 'Mike like sports. Mike loves flowers. '),
(46, 'Mike loves flowers. Mike like sports. '),
(47, 'Rudi watches football. '),
(48, 'Rudi watches football. '),
(49, 'Rudi loves flowers. Mike like swimming. '),
(50, 'Rudi loves flowers. '),
(51, 'Rudi loves flowers. '),
(52, 'I loves flowers. Rudi watches football. '),
(53, 'Mike loves flowers. I loves flowers. '),
(54, 'Rudi like sports. Mike like swimming. '),
(55, 'I watches football. I watches football. '),
(56, 'Rudi loves flowers. Rudi like sports. '),
(57, 'I like swimming. I like swimming. '),
(58, 'Rudi like swimming. Rudi like sports. '),
(59, 'Mike like swimming. Mike like swimming. '),
(60, 'Mike loves flowers. Rudi loves flowers. '),
(61, 'Mike loves flowers. I watches football. '),
(62, 'Rudi watches football. I loves flowers. '),
(63, 'Mike watches football. '),
(64, 'Mike like swimming. Mike like swimming. '),
(65, 'Mike loves flowers. Rudi loves flowers. '),
(66, 'Mike loves flowers. I watches football. '),
(67, 'Rudi watches football. I loves flowers. '),
(68, 'Mike watches football. '),
(69, 'Mike watches football. '),
(70, 'Rudi like swimming. '),
(71, 'Rudi like swimming. I loves flowers. '),
(72, 'I like sports. Rudi watches football. '),
(74, 'Mike like swimming. Rudi loves flowers. '),
(75, 'I like sports. Rudi watches football. '),
(76, 'Rudi like swimming. Rudi like sports. '),
(77, 'Rudi watches football. I like swimming. '),
(78, 'I like swimming. Mike watches football. '),
(79, 'Rudi like sports. Rudi like swimming. '),
(80, 'Rudi loves flowers. I watches football. '),
(81, 'I like swimming. Mike watches football. '),
(82, 'Rudi like sports. Rudi like swimming. '),
(83, 'Rudi loves flowers. I watches football. '),
(84, 'Mike loves flowers. Rudi like swimming. '),
(85, 'Rudi like sports. Rudi like sports. '),
(86, 'Rudi like sports. Rudi like sports. '),
(87, 'Rudi like swimming. Mike like sports. '),
(89, 'Rudi watches football. '),
(90, 'Rudi loves flowers. Mike like sports. '),
(92, 'Mike loves flowers. I watches football. '),
(93, 'Mike watches football. Mike like sports.'),
(94, 'Rudi like swimming. Mike loves flowers. '),
(95, 'Mike loves flowers. I loves flowers. '),
(99, 'Mike watches football. Mike like sports.'),
(100, 'Mike watches football. '),
(101, 'I like swimming. Rudi loves flowers. '),
(102, 'I watches football. '),
(103, 'Mike watches football. '),
(104, 'Mike like sports. Rudi watches football.'),
(107, 'Mike watches football. Rudi like sports.'),
(108, 'I loves flowers. '),
(109, 'Mike loves flowers. I like swimming. '),
(111, 'I watches football. Mike like sports. '),
(112, 'Rudi like swimming. I watches football. '),
(113, 'Mike watches football. I loves flowers. '),
(114, 'Mike watches football. I like swimming. '),
(115, 'I watches football. Mike like swimming. '),
(116, 'Mike loves flowers. Rudi like swimming. '),
(117, 'I watches football. Mike like swimming. '),
(118, 'Mike loves flowers. Rudi like swimming. '),
(119, 'Rudi like swimming. I loves flowers. '),
(120, 'I like sports. Mike loves flowers. '),
(121, 'I like swimming. Mike loves flowers. '),
(122, 'Mike loves flowers. I like swimming. '),
(123, 'Mike loves flowers. I like swimming. '),
(124, 'Rudi like sports. Mike loves flowers. '),
(125, 'Rudi loves flowers. Mike loves flowers. '),
(126, 'Mike like swimming. '),
(127, 'I loves flowers. '),
(128, 'Mike like swimming. I like sports. '),
(129, 'I watches football. '),
(130, 'I watches football. Rudi loves flowers. '),
(131, 'Mike watches football. '),
(132, 'I like sports. I like swimming. '),
(133, 'Rudi watches football. '),
(134, 'Mike loves flowers. I loves flowers. '),
(135, 'Rudi watches football. I like swimming. '),
(136, 'Mike watches football. '),
(137, 'I like sports. I like swimming. '),
(138, 'Rudi watches football. '),
(139, 'Mike loves flowers. I loves flowers. '),
(140, 'Rudi watches football. I like swimming. '),
(141, 'Mike loves flowers. Rudi loves flowers. ');

-- --------------------------------------------------------

--
-- Structure de la table `marcaprovridor`
--

CREATE TABLE `marcaprovridor` (
  `proveidorid` int(10) UNSIGNED NOT NULL,
  `marcaId` int(10) UNSIGNED NOT NULL
) ENGINE=InnoDB DEFAULT CHARSET=utf8mb4 COLLATE=utf8mb4_general_ci;

--
-- Déchargement des données de la table `marcaprovridor`
--

INSERT INTO `marcaprovridor` (`proveidorid`, `marcaId`) VALUES
(77, 1),
(159, 1),
(176, 1),
(208, 1),
(74, 2),
(170, 2),
(176, 3),
(138, 5),
(156, 5),
(41, 6),
(74, 6),
(58, 7),
(211, 7),
(145, 8),
(199, 9),
(35, 10),
(121, 11),
(125, 11),
(171, 11),
(170, 13),
(198, 14),
(215, 14),
(49, 16),
(129, 16),
(169, 16),
(2, 17),
(34, 17),
(68, 17),
(159, 18),
(163, 18),
(45, 19),
(176, 20),
(184, 20),
(199, 20),
(53, 21),
(58, 21),
(74, 21),
(34, 22),
(90, 22),
(144, 22),
(146, 22),
(120, 23),
(25, 24),
(111, 24),
(144, 25),
(171, 25),
(74, 26),
(9, 28),
(21, 28),
(154, 28),
(169, 28),
(195, 28),
(107, 29),
(204, 30),
(21, 31),
(114, 31),
(207, 32),
(23, 33),
(84, 33),
(180, 33),
(12, 34),
(118, 35),
(40, 36),
(74, 36),
(113, 36),
(128, 36),
(163, 36),
(44, 37),
(100, 37),
(219, 37),
(49, 38),
(76, 38),
(113, 38),
(34, 39),
(176, 39),
(181, 39),
(46, 41),
(171, 41),
(82, 45),
(129, 46),
(75, 47),
(221, 47),
(28, 48),
(2, 49),
(129, 49),
(9, 50),
(76, 50),
(92, 50),
(68, 51),
(165, 51),
(52, 52),
(100, 52),
(171, 52),
(215, 52),
(8, 53),
(82, 54),
(68, 55),
(57, 56),
(143, 56),
(219, 56),
(94, 58),
(218, 59),
(226, 59),
(227, 59),
(154, 60),
(179, 60),
(3, 61),
(187, 61),
(163, 62),
(186, 63),
(41, 66),
(68, 66),
(87, 66),
(126, 66),
(144, 66),
(40, 67),
(70, 67),
(5, 69),
(74, 69),
(95, 69),
(203, 69),
(210, 69),
(138, 70),
(52, 71),
(127, 71),
(137, 71),
(172, 71),
(1, 74),
(2, 74),
(138, 74),
(203, 75),
(213, 75),
(214, 75),
(120, 76),
(230, 76),
(225, 77),
(29, 79),
(58, 80),
(137, 80),
(231, 80),
(53, 81),
(119, 81),
(169, 81),
(228, 81),
(165, 82),
(230, 83),
(8, 84),
(209, 84),
(3, 85),
(228, 85),
(186, 86),
(203, 86),
(5, 87),
(23, 87),
(65, 87),
(92, 87),
(26, 90),
(163, 90),
(176, 90),
(204, 90),
(220, 90),
(24, 92),
(89, 94),
(11, 95),
(231, 99),
(1, 100),
(2, 100),
(84, 100),
(87, 101),
(126, 101),
(181, 101),
(186, 101),
(160, 102),
(22, 103),
(1, 104),
(172, 104),
(84, 107),
(195, 107),
(56, 108),
(69, 111),
(226, 112),
(6, 113),
(227, 114),
(142, 115),
(112, 116),
(118, 116),
(231, 116),
(196, 117),
(114, 119),
(216, 119),
(181, 120),
(10, 121),
(76, 122),
(143, 122),
(230, 122),
(1, 124),
(140, 124),
(2, 126),
(95, 126),
(144, 126),
(228, 126),
(66, 127),
(144, 127),
(5, 130),
(45, 130),
(74, 130),
(232, 130),
(114, 132),
(221, 133),
(230, 134),
(72, 135),
(176, 135),
(209, 135),
(128, 136),
(93, 137),
(142, 137),
(189, 137),
(224, 137),
(12, 138),
(82, 138),
(181, 139),
(227, 139),
(1, 140),
(101, 140),
(204, 141);

-- --------------------------------------------------------

--
-- Structure de la table `proveidor`
--

CREATE TABLE `proveidor` (
  `id` int(10) UNSIGNED NOT NULL,
  `nom` varchar(40) NOT NULL,
  `adrecaId` int(10) UNSIGNED NOT NULL,
  `telefon` varchar(9) NOT NULL,
  `fax` varchar(9) NOT NULL,
  `nif` varchar(9) DEFAULT NULL
) ENGINE=InnoDB DEFAULT CHARSET=utf8mb4 COLLATE=utf8mb4_general_ci;

--
-- Déchargement des données de la table `proveidor`
--

INSERT INTO `proveidor` (`id`, `nom`, `adrecaId`, `telefon`, `fax`, `nif`) VALUES
(1, 'I watches football. I watches football. ', 40, 'ovj', 'hmv', 'ltj'),
(2, 'Rudi like swimming. I loves flowers. ', 123, 'ckd', 'uho', 'fxw'),
(3, 'Mike watches football. Mike like sports.', 1, 'wso', 'lsn', 'ibi'),
(5, 'I like sports. Rudi loves flowers. ', 133, 'kcx', 'lps', NULL),
(6, 'I watches football. I loves flowers. ', 117, 'ioj', 'uwd', 'idj'),
(7, 'I loves flowers. Rudi watches football. ', 63, 'gcf', 'wdn', 'wtu'),
(8, 'Mike watches football. I like swimming. ', 30, 'glj', 'ljo', 'hsz'),
(9, 'I watches football. Rudi loves flowers. ', 72, 'lno', 'vom', 'dtu'),
(10, 'Mike like sports. ', 10, 'sjh', 'kev', 'mvf'),
(11, 'I watches football. Rudi loves flowers. ', 115, 'xvx', 'rsp', 'quk'),
(12, 'Mike like sports. Mike watches football.', 103, 'xds', 'azi', 'yoa'),
(13, 'Mike watches football. I loves flowers. ', 34, 'xgf', 'ivj', 'lka'),
(21, 'Mike like sports. Mike loves flowers. ', 77, 'hre', 'kqb', 'nvd'),
(22, 'Mike watches football. I like swimming. ', 5, 'ghc', 'ymd', 'ycc'),
(23, 'I loves flowers. Mike like sports. ', 15, 'hhy', 'cmr', 'cml'),
(24, 'Rudi like sports. Rudi like swimming. ', 109, 'pkd', 'kik', 'qgi'),
(25, 'Mike loves flowers. I watches football. ', 117, 'ibi', 'ujt', 'vjd'),
(26, 'I watches football. I watches football. ', 8, 'vjv', 'vhk', 'lln'),
(27, 'Mike loves flowers. Rudi loves flowers. ', 48, 'dgv', 'dun', 'ysf'),
(28, 'I like sports. ', 72, 'vgj', 'lul', 'dfk'),
(29, 'I watches football. ', 134, 'jws', 'emo', 'grq'),
(34, 'Rudi watches football. ', 78, 'hfj', 'yqk', 'trk'),
(35, 'I like sports. Rudi like sports. ', 66, 'por', 'lhw', 'ucj'),
(36, 'I watches football. ', 110, 'hkh', 'skf', 'mst'),
(39, 'I loves flowers. Mike like swimming. ', 81, 'csb', 'jia', 'wsz'),
(40, 'Mike like sports. ', 21, 'lnc', 'fbw', 'hdw'),
(41, 'I watches football. ', 117, 'giy', 'eth', NULL),
(44, 'Mike watches football. ', 33, 'axt', 'xlx', 'joi'),
(45, 'Mike like sports. Mike loves flowers. ', 20, 'bwk', 'nqr', 'ujt'),
(46, 'Mike loves flowers. Mike like sports. ', 91, 'lkc', 'dnl', 'gbv'),
(49, 'Rudi loves flowers. Mike like swimming. ', 30, 'zuy', 'ekd', 'jtd'),
(52, 'I loves flowers. Rudi watches football. ', 5, 'ztm', 'ozq', 'cip'),
(53, 'Mike loves flowers. I loves flowers. ', 84, 'kkx', 'cba', 'wyo'),
(54, 'Rudi like sports. Mike like swimming. ', 102, 'hhw', 'tsu', 'kbc'),
(55, 'I watches football. I watches football. ', 34, 'cab', 'jab', 'jey'),
(56, 'Rudi loves flowers. Rudi like sports. ', 102, 'sft', 'bjs', 'avp'),
(57, 'I like swimming. I like swimming. ', 115, 'wrz', 'qby', 'gsn'),
(58, 'Rudi like swimming. Rudi like sports. ', 3, 'yid', 'yxh', 'ufo'),
(65, 'Mike loves flowers. Rudi loves flowers. ', 17, 'qsf', 'ycj', 'tjy'),
(66, 'Mike loves flowers. I watches football. ', 114, 'gla', 'toq', 'buo'),
(67, 'Rudi watches football. I loves flowers. ', 15, 'iom', 'nmg', 'hfb'),
(68, 'Mike watches football. ', 14, 'wag', 'yzn', 'hpd'),
(69, 'Mike watches football. ', 5, 'ujj', 'epr', NULL),
(70, 'Rudi like swimming. ', 105, 'lok', 'szn', 'mnl'),
(71, 'Rudi like swimming. I loves flowers. ', 36, 'ndo', 'vpf', 'ysi'),
(72, 'I like sports. Rudi watches football. ', 112, 'wbj', 'fho', 'heq'),
(74, 'Mike like swimming. Rudi loves flowers. ', 17, 'xho', 'tve', 'jpd'),
(75, 'I like sports. Rudi watches football. ', 133, 'rgs', 'hdc', 'txz'),
(76, 'Rudi like swimming. Rudi like sports. ', 7, 'cpa', 'kvj', 'fts'),
(77, 'Rudi watches football. I like swimming. ', 46, 'xwt', 'mns', 'bwo'),
(82, 'Rudi like sports. Rudi like swimming. ', 77, 'jjt', 'dqw', 'ffm'),
(83, 'Rudi loves flowers. I watches football. ', 50, 'bgf', 'dun', NULL),
(84, 'Mike loves flowers. Rudi like swimming. ', 64, 'nrj', 'ebj', 'xgj'),
(87, 'Rudi like swimming. Mike like sports. ', 110, 'rry', 'hrf', 'zwt'),
(89, 'Rudi watches football. ', 35, 'owc', 'cje', NULL),
(90, 'Rudi loves flowers. Mike like sports. ', 81, 'jvg', 'hqz', 'mim'),
(92, 'Mike loves flowers. I watches football. ', 125, 'wlt', 'jod', 'fyu'),
(93, 'Mike watches football. Mike like sports.', 101, 'ktp', 'gnj', 'otv'),
(94, 'Rudi like swimming. Mike loves flowers. ', 74, 'oqj', 'qkv', 'fte'),
(95, 'Mike loves flowers. I loves flowers. ', 121, 'sgy', 'vfg', 'wzs'),
(99, 'Mike watches football. Mike like sports.', 60, 'bym', 'noc', 'gsy'),
(100, 'Mike watches football. ', 60, 'naw', 'mvn', 'vnp'),
(101, 'I like swimming. Rudi loves flowers. ', 22, 'xlj', 'geh', 'dck'),
(102, 'I watches football. ', 101, 'bvt', 'sut', 'ixm'),
(103, 'Mike watches football. ', 20, 'pic', 'xuu', NULL),
(104, 'Mike like sports. Rudi watches football.', 105, 'woh', 'rrf', 'fol'),
(107, 'Mike watches football. Rudi like sports.', 65, 'jsw', 'ifq', NULL),
(108, 'I loves flowers. ', 78, 'iqk', 'nms', NULL),
(109, 'Mike loves flowers. I like swimming. ', 30, 'hng', 'juc', NULL),
(111, 'I watches football. Mike like sports. ', 36, 'ifv', 'vyl', 'gqo'),
(112, 'Rudi like swimming. I watches football. ', 73, 'wcn', 'iel', 'qcw'),
(113, 'Mike watches football. I loves flowers. ', 26, 'txi', 'wdt', 'ldo'),
(114, 'Mike watches football. I like swimming. ', 5, 'jkc', 'vew', 'etn'),
(118, 'Mike loves flowers. Rudi like swimming. ', 86, 'fzp', 'epo', 'qyq'),
(119, 'Rudi like swimming. I loves flowers. ', 124, 'xfb', 'wvs', 'xqx'),
(120, 'I like sports. Mike loves flowers. ', 33, 'xfm', 'gdr', 'ccn'),
(121, 'I like swimming. Mike loves flowers. ', 6, 'psd', 'crk', 'qac'),
(124, 'Rudi like sports. Mike loves flowers. ', 111, 'vgw', 'cew', 'ulg'),
(125, 'Rudi loves flowers. Mike loves flowers. ', 92, 'cnx', 'pfs', 'xjn'),
(126, 'Mike like swimming. ', 45, 'hov', 'rqa', 'sxl'),
(127, 'I loves flowers. ', 89, 'etu', 'pcl', 'ljt'),
(128, 'Mike like swimming. I like sports. ', 91, 'vbt', 'byu', 'bzq'),
(129, 'I watches football. ', 56, 'tmg', 'spd', 'hvs'),
(130, 'I watches football. Rudi loves flowers. ', 102, 'tpy', 'cxb', 'jwi'),
(137, 'I like sports. I like swimming. ', 84, 'seo', 'gas', 'sow'),
(138, 'Rudi watches football. ', 73, 'lzs', 'bqb', 'eyk'),
(139, 'Mike loves flowers. I loves flowers. ', 133, 'xks', 'qvk', 'qod'),
(140, 'Rudi watches football. I like swimming. ', 1, 'asq', 'ezg', 'xgp'),
(141, 'Mike loves flowers. Rudi loves flowers. ', 50, 'kiv', 'emq', 'eyl'),
(142, 'Rudi like sports. Mike watches football.', 80, 'wve', 'dvp', 'ooo'),
(143, 'Mike like sports. Mike watches football.', 87, 'ury', 'guq', 'rku'),
(144, 'I loves flowers. Rudi loves flowers. ', 132, 'dpg', 'vjn', 'pys'),
(145, 'I loves flowers. Rudi watches football. ', 23, 'osr', 'zrg', 'xom'),
(146, 'Mike loves flowers. ', 6, 'cyk', 'bmx', 'olf'),
(147, 'I like swimming. Mike like swimming. ', 69, 'evq', 'etg', 'wse'),
(154, 'Rudi watches football. ', 124, 'sib', 'qdt', 'pef'),
(155, 'Rudi like sports. Rudi watches football.', 125, 'quy', 'wdr', 'omc'),
(156, 'Mike loves flowers. ', 38, 'lvi', 'jxs', 'ewq'),
(157, 'Mike loves flowers. ', 61, 'hmh', 'xrj', 'zjp'),
(158, 'Rudi loves flowers. Rudi like swimming. ', 103, 'exr', 'jke', 'xwr'),
(159, 'I watches football. Rudi like sports. ', 36, 'hgp', 'jzb', 'rre'),
(160, 'I loves flowers. Mike loves flowers. ', 132, 'tki', 'kcq', 'bie'),
(162, 'Mike like swimming. I like swimming. ', 116, 'egm', 'fsn', 'eof'),
(163, 'Mike watches football. ', 126, 'mxb', 'mvl', 'bpr'),
(164, 'Mike loves flowers. Rudi loves flowers. ', 73, 'pnj', 'kxn', 'wye'),
(165, 'I loves flowers. Mike watches football. ', 55, 'ikt', 'fuf', 'oum'),
(169, 'Mike watches football. ', 128, 'psu', 'rmx', 'esr'),
(170, 'Mike like sports. Mike loves flowers. ', 22, 'hvm', 'lbj', 'nvw'),
(171, 'I watches football. ', 3, 'lpg', 'lsu', 'uwb'),
(172, 'I watches football. Mike like swimming. ', 15, 'olj', 'hrs', 'fgd'),
(175, 'Mike like swimming. Rudi like swimming. ', 81, 'whw', 'rvu', 'iqu'),
(176, 'Rudi watches football. I loves flowers. ', 54, 'fko', 'ckd', 'vrq'),
(177, 'I watches football. ', 15, 'fvp', 'ehr', 'rcy'),
(179, 'I loves flowers. Mike watches football. ', 43, 'jqx', 'qup', 'xve'),
(180, 'Rudi loves flowers. Rudi loves flowers. ', 123, 'nbk', 'vvt', 'chi'),
(181, 'Rudi loves flowers. ', 54, 'xyz', 'sul', 'amu'),
(184, 'Mike loves flowers. Mike like sports. ', 130, 'hab', 'dhu', 'ofl'),
(186, 'Mike loves flowers. I like swimming. ', 6, 'svu', 'goz', 'jhx'),
(187, 'I like sports. Mike watches football. ', 103, 'gev', 'wbu', 'sxs'),
(188, 'I like swimming. I like sports. ', 116, 'wbj', 'nfd', 'wmf'),
(189, 'I loves flowers. Rudi like swimming. ', 119, 'djb', 'tii', 'gwk'),
(194, 'I loves flowers. I watches football. ', 46, 'kln', 'uof', 'omm'),
(195, 'Mike loves flowers. ', 36, 'xoq', 'rgp', 'wxz'),
(196, 'Mike loves flowers. I loves flowers. ', 12, 'xmg', 'fhn', 'wuv'),
(198, 'Mike loves flowers. ', 103, 'jnz', 'pdu', 'mqh'),
(199, 'Mike watches football. Mike like sports.', 90, 'usz', 'cdc', 'utq'),
(202, 'Mike like swimming. Rudi like swimming. ', 28, 'aeu', 'dob', 'rqp'),
(203, 'Mike watches football. I loves flowers. ', 87, 'cjb', 'xsb', NULL),
(204, 'Rudi loves flowers. Rudi like swimming. ', 43, 'rgl', 'vwq', 'ydz'),
(207, 'I watches football. ', 133, 'tof', 'twr', 'bvv'),
(208, 'Rudi watches football. Mike like sports.', 130, 'ugc', 'jjd', 'ncf'),
(209, 'Rudi loves flowers. I like sports. ', 3, 'cxw', 'zkg', 'uan'),
(210, 'Mike loves flowers. Mike like swimming. ', 75, 'oau', 'koy', 'uxf'),
(211, 'Mike loves flowers. I watches football. ', 26, 'dak', 'soz', 'plz'),
(213, 'Mike watches football. ', 82, 'rvt', 'haq', 'sbi'),
(214, 'Rudi loves flowers. ', 132, 'ati', 'hiy', 'bhe'),
(215, 'Rudi watches football. ', 133, 'guy', 'bln', NULL),
(216, 'I like swimming. Rudi loves flowers. ', 78, 'uck', 'xas', 'byb'),
(218, 'Mike like swimming. Mike like swimming. ', 131, 'bux', 'rko', 'twv'),
(219, 'Mike watches football. Mike like sports.', 126, 'lnc', 'hcl', 'qrf'),
(220, 'Mike loves flowers. I loves flowers. ', 73, 'kjp', 'ihm', 'prx'),
(221, 'Rudi watches football. Mike like sports.', 133, 'sde', 'nhd', 'wcq'),
(224, 'I like sports. ', 116, 'gii', 'mql', 'qts'),
(225, 'Mike loves flowers. Rudi loves flowers. ', 84, 'ycg', 'jzm', 'bxl'),
(226, 'Mike loves flowers. Rudi loves flowers. ', 77, 'ryc', 'qso', 'mkf'),
(227, 'Mike like swimming. I loves flowers. ', 34, 'akm', 'ksm', 'yvi'),
(228, 'Mike watches football. I like sports. ', 78, 'bln', 'wdk', 'bbk'),
(230, 'Mike like sports. Mike watches football.', 55, 'oeb', 'xfr', NULL),
(231, 'Rudi like sports. Mike loves flowers. ', 84, 'upo', 'sfb', 'fba'),
(232, 'Mike like sports. Rudi loves flowers. ', 74, 'npb', 'dst', 'mah');

-- --------------------------------------------------------

--
-- Structure de la table `recomanat`
--

CREATE TABLE `recomanat` (
  `id` int(10) UNSIGNED NOT NULL,
  `clientId` int(10) UNSIGNED NOT NULL,
  `nom` varchar(40) NOT NULL
) ENGINE=InnoDB DEFAULT CHARSET=utf8mb4 COLLATE=utf8mb4_general_ci;

--
-- Déchargement des données de la table `recomanat`
--

INSERT INTO `recomanat` (`id`, `clientId`, `nom`) VALUES
(1, 154, 'Mike watches football. '),
(2, 80, 'I like sports. Mike watches football. '),
(4, 8, 'Mike like swimming. I watches football. '),
(5, 65, 'Rudi watches football. '),
(7, 207, 'I like sports. Rudi watches football. '),
(8, 2, 'Mike like sports. '),
(9, 31, 'Mike like sports. I like swimming. '),
(10, 199, 'I like swimming. '),
(11, 116, 'Rudi loves flowers. Rudi like sports. '),
(12, 201, 'I loves flowers. Mike watches football. '),
(13, 199, 'I loves flowers. '),
(14, 100, 'Rudi loves flowers. '),
(15, 201, 'I loves flowers. Mike watches football. '),
(16, 199, 'I loves flowers. '),
(17, 100, 'Rudi loves flowers. '),
(18, 78, 'Mike like swimming. Rudi loves flowers. '),
(19, 193, 'I loves flowers. Mike like swimming. '),
(20, 68, 'Rudi watches football. '),
(24, 58, 'Mike loves flowers. '),
(25, 72, 'I watches football. Rudi like sports. '),
(26, 104, 'Rudi like swimming. I like sports. '),
(27, 23, 'Mike like sports. Rudi watches football.'),
(28, 113, 'Mike loves flowers. '),
(29, 113, 'Mike loves flowers. '),
(30, 135, 'I watches football. Mike like sports. '),
(31, 9, 'Rudi like swimming. Mike loves flowers. '),
(32, 9, 'Rudi like swimming. Mike loves flowers. '),
(33, 160, 'I like swimming. I loves flowers. '),
(35, 129, 'Mike like sports. '),
(36, 27, 'Mike like swimming. Rudi like swimming. '),
(38, 142, 'Rudi like sports. Mike watches football.'),
(39, 89, 'I loves flowers. Mike watches football. '),
(40, 169, 'Rudi loves flowers. I like swimming. '),
(41, 169, 'Rudi loves flowers. I like swimming. '),
(42, 1, 'Mike watches football. I loves flowers. '),
(43, 181, 'Rudi watches football. Mike like sports.'),
(44, 181, 'Rudi watches football. Mike like sports.'),
(45, 6, 'Mike like sports. Mike like swimming. '),
(46, 157, 'Mike like sports. Rudi loves flowers. '),
(47, 144, 'Mike like sports. Mike loves flowers. '),
(50, 99, 'Rudi watches football. Rudi like sports.'),
(51, 16, 'I like swimming. '),
(52, 126, 'Rudi watches football. Mike like sports.'),
(53, 120, 'Mike like swimming. Mike loves flowers. '),
(54, 120, 'Mike like swimming. Mike loves flowers. '),
(55, 128, 'Mike loves flowers. I loves flowers. '),
(56, 37, 'Rudi like swimming. Mike loves flowers. '),
(57, 37, 'Rudi like swimming. Mike loves flowers. '),
(58, 2, 'Mike like sports. Rudi watches football.'),
(59, 140, 'I like swimming. Rudi watches football. '),
(60, 31, 'Mike watches football. Rudi like sports.'),
(63, 35, 'Mike like swimming. Rudi like sports. '),
(64, 113, 'I watches football. Rudi like swimming. '),
(65, 26, 'I watches football. Rudi loves flowers. '),
(66, 49, 'Rudi watches football. Rudi like sports.'),
(67, 49, 'Rudi watches football. Rudi like sports.'),
(68, 78, 'Rudi loves flowers. Mike loves flowers. '),
(69, 180, 'Rudi like sports. Mike watches football.'),
(70, 180, 'Rudi like sports. Mike watches football.'),
(71, 85, 'I like sports. Mike watches football. '),
(72, 201, 'I watches football. Rudi loves flowers. '),
(73, 201, 'I watches football. Rudi loves flowers. '),
(74, 189, 'I loves flowers. Rudi watches football. '),
(75, 77, 'Mike like sports. Mike like sports. '),
(76, 9, 'I loves flowers. Rudi loves flowers. '),
(79, 123, 'I watches football. Rudi like swimming. '),
(80, 22, 'Mike loves flowers. '),
(81, 211, 'Mike loves flowers. '),
(83, 122, 'Rudi loves flowers. I loves flowers. '),
(84, 210, 'Mike like sports. Mike watches football.'),
(85, 203, 'Rudi watches football. I like sports. '),
(86, 40, 'I loves flowers. Rudi watches football. '),
(87, 87, 'Mike loves flowers. Rudi loves flowers. '),
(88, 11, 'Mike watches football. '),
(89, 11, 'Mike watches football. '),
(90, 36, 'Mike like sports. '),
(91, 212, 'Rudi watches football. Rudi like sports.'),
(92, 131, 'Mike watches football. '),
(93, 130, 'I watches football. Rudi loves flowers. '),
(94, 193, 'Mike loves flowers. Rudi like swimming. '),
(95, 67, 'Mike like sports. Rudi like swimming. '),
(96, 130, 'I watches football. Rudi loves flowers. '),
(97, 193, 'Mike loves flowers. Rudi like swimming. '),
(98, 67, 'Mike like sports. Rudi like swimming. '),
(99, 53, 'I like sports. '),
(100, 101, 'Rudi like sports. Rudi watches football.'),
(101, 23, 'Mike like sports. '),
(102, 84, 'I watches football. '),
(103, 27, 'Mike loves flowers. I like sports. '),
(104, 61, 'Mike watches football. '),
(105, 84, 'I watches football. '),
(106, 27, 'Mike loves flowers. I like sports. '),
(107, 61, 'Mike watches football. '),
(108, 101, 'Rudi loves flowers. Mike like sports. '),
(109, 70, 'Rudi like sports. Mike loves flowers. '),
(110, 34, 'Rudi loves flowers. I watches football. '),
(111, 49, 'Mike loves flowers. Rudi loves flowers. '),
(114, 169, 'I watches football. Mike loves flowers. '),
(115, 22, 'Mike like sports. Mike watches football.'),
(116, 122, 'Mike loves flowers. I watches football. '),
(118, 166, 'I loves flowers. Rudi loves flowers. '),
(119, 70, 'Rudi like sports. Rudi watches football.'),
(120, 51, 'Mike like swimming. Rudi like sports. '),
(122, 164, 'I watches football. '),
(123, 209, 'Mike watches football. I loves flowers. '),
(124, 196, 'Rudi like swimming. I like sports. '),
(125, 169, 'Mike watches football. '),
(126, 156, 'Mike loves flowers. I watches football. '),
(127, 177, 'I watches football. Mike loves flowers. '),
(128, 32, 'I loves flowers. I loves flowers. '),
(129, 156, 'Mike loves flowers. I watches football. '),
(130, 177, 'I watches football. Mike loves flowers. '),
(131, 32, 'I loves flowers. I loves flowers. '),
(132, 86, 'Rudi watches football. I like sports. '),
(133, 131, 'Mike watches football. I like swimming. '),
(134, 131, 'Mike watches football. I like swimming. '),
(135, 2, 'I loves flowers. Mike loves flowers. '),
(136, 134, 'Mike loves flowers. '),
(137, 130, 'I like sports. '),
(138, 74, 'I like sports. '),
(139, 40, 'Mike loves flowers. Mike loves flowers. '),
(140, 193, 'I loves flowers. Mike watches football. '),
(141, 74, 'I like sports. '),
(142, 40, 'Mike loves flowers. Mike loves flowers. '),
(143, 193, 'I loves flowers. Mike watches football. '),
(144, 147, 'Rudi watches football. Rudi like sports.'),
(145, 12, 'I watches football. '),
(146, 210, 'I watches football. I loves flowers. '),
(147, 27, 'I loves flowers. Mike loves flowers. '),
(148, 30, 'Mike loves flowers. Rudi loves flowers. '),
(149, 123, 'Rudi watches football. '),
(150, 201, 'Mike watches football. Rudi like sports.'),
(151, 30, 'Mike loves flowers. Rudi loves flowers. '),
(152, 123, 'Rudi watches football. '),
(153, 201, 'Mike watches football. Rudi like sports.'),
(154, 175, 'Mike like sports. Mike loves flowers. '),
(155, 104, 'Rudi loves flowers. I like sports. '),
(156, 104, 'Rudi loves flowers. I like sports. '),
(157, 134, 'Mike watches football. Rudi like sports.'),
(158, 127, 'Mike watches football. Rudi like sports.'),
(159, 144, 'Rudi watches football. '),
(160, 99, 'Rudi loves flowers. '),
(161, 53, 'Mike like swimming. '),
(162, 13, 'Rudi like sports. Mike watches football.'),
(163, 99, 'Rudi loves flowers. '),
(164, 53, 'Mike like swimming. '),
(165, 13, 'Rudi like sports. Mike watches football.'),
(166, 122, 'Rudi like sports. I loves flowers. '),
(167, 7, 'Mike like swimming. '),
(168, 7, 'Mike like swimming. '),
(169, 123, 'Mike loves flowers. '),
(170, 109, 'Rudi watches football. '),
(171, 109, 'Rudi watches football. '),
(172, 15, 'Mike loves flowers. Mike like sports. '),
(174, 139, 'Mike watches football. '),
(175, 125, 'Mike like swimming. Rudi loves flowers. '),
(177, 181, 'I watches football. Mike like sports. '),
(178, 72, 'Rudi loves flowers. I like swimming. '),
(179, 124, 'I watches football. Rudi loves flowers. '),
(181, 58, 'I loves flowers. Mike loves flowers. '),
(182, 187, 'Mike loves flowers. Mike loves flowers. '),
(183, 175, 'I loves flowers. Rudi loves flowers. '),
(184, 175, 'I loves flowers. Rudi loves flowers. '),
(185, 113, 'Mike watches football. '),
(186, 83, 'Mike watches football. Rudi like sports.'),
(187, 83, 'Mike watches football. Rudi like sports.'),
(188, 154, 'I like swimming. Rudi watches football. '),
(189, 167, 'Mike loves flowers. Mike loves flowers. '),
(190, 188, 'Rudi like sports. Rudi loves flowers. '),
(191, 179, 'I loves flowers. Mike watches football. '),
(192, 10, 'Mike like sports. I like sports. '),
(193, 179, 'I loves flowers. Mike watches football. '),
(194, 10, 'Mike like sports. I like sports. '),
(195, 66, 'I watches football. Mike loves flowers. '),
(196, 191, 'I loves flowers. Mike like sports. '),
(197, 17, 'Rudi watches football. I like swimming. '),
(198, 13, 'Mike loves flowers. I loves flowers. '),
(201, 52, 'Mike loves flowers. '),
(202, 84, 'I watches football. I loves flowers. '),
(203, 212, 'I watches football. Rudi loves flowers. '),
(205, 13, 'Mike watches football. Mike like sports.'),
(206, 130, 'I like swimming. Rudi watches football. '),
(207, 122, 'Rudi like sports. Rudi watches football.'),
(208, 115, 'Mike like sports. Rudi watches football.'),
(209, 118, 'Rudi loves flowers. Mike like swimming. '),
(210, 114, 'I like sports. Rudi loves flowers. '),
(211, 39, 'I like sports. Mike like swimming. '),
(212, 118, 'Rudi loves flowers. Mike like swimming. '),
(213, 114, 'I like sports. Rudi loves flowers. '),
(214, 39, 'I like sports. Mike like swimming. '),
(215, 192, 'Mike like sports. Rudi loves flowers. '),
(216, 144, 'I like swimming. '),
(217, 50, 'Mike like sports. Mike like swimming. '),
(218, 186, 'Rudi like sports. Rudi like swimming. '),
(219, 144, 'I loves flowers. Rudi like sports. '),
(220, 181, 'Mike loves flowers. Mike loves flowers. '),
(221, 164, 'Rudi watches football. I like swimming. '),
(222, 144, 'I loves flowers. Rudi like sports. '),
(223, 181, 'Mike loves flowers. Mike loves flowers. '),
(224, 164, 'Rudi watches football. I like swimming. '),
(225, 125, 'Mike like swimming. '),
(227, 62, 'Mike watches football. I like swimming. '),
(228, 187, 'Mike like sports. I watches football. '),
(229, 6, 'I watches football. Mike loves flowers. '),
(230, 176, 'I like swimming. Mike loves flowers. '),
(231, 89, 'Mike watches football. Rudi like sports.'),
(232, 53, 'Mike like sports. Rudi loves flowers. '),
(233, 72, 'Rudi like sports. Rudi like sports. '),
(234, 120, 'I loves flowers. I like sports. '),
(238, 34, 'I like sports. '),
(239, 175, 'Rudi watches football. '),
(240, 146, 'I like swimming. Rudi like sports. '),
(241, 196, 'I loves flowers. Mike loves flowers. '),
(242, 147, 'Mike loves flowers. Mike like sports. '),
(243, 147, 'Mike loves flowers. Mike like sports. '),
(244, 132, 'Mike loves flowers. Rudi loves flowers. '),
(246, 2, 'Rudi like sports. Mike watches football.'),
(247, 22, 'Mike loves flowers. I loves flowers. '),
(248, 114, 'Mike like swimming. Rudi loves flowers. '),
(249, 114, 'Mike like swimming. Rudi loves flowers. '),
(250, 177, 'Mike loves flowers. '),
(251, 187, 'Mike like swimming. Rudi like sports. '),
(253, 130, 'Mike like sports. '),
(254, 116, 'Mike loves flowers. Mike loves flowers. '),
(255, 196, 'Rudi like sports. '),
(256, 187, 'Mike like swimming. Mike loves flowers. '),
(257, 38, 'Mike loves flowers. Mike like sports. '),
(258, 51, 'Mike like swimming. I watches football. '),
(259, 159, 'I loves flowers. Rudi loves flowers. '),
(260, 48, 'Rudi loves flowers. '),
(261, 31, 'I watches football. '),
(262, 118, 'I loves flowers. Mike loves flowers. '),
(263, 75, 'Rudi like sports. I watches football. '),
(264, 166, 'I watches football. '),
(265, 31, 'I watches football. '),
(266, 118, 'I loves flowers. Mike loves flowers. '),
(267, 75, 'Rudi like sports. I watches football. '),
(268, 166, 'I watches football. '),
(269, 145, 'I loves flowers. '),
(270, 58, 'I loves flowers. Mike loves flowers. '),
(271, 22, 'I watches football. Mike like sports. '),
(274, 111, 'Rudi like swimming. I loves flowers. '),
(275, 7, 'Mike watches football. I loves flowers. '),
(276, 82, 'Rudi like swimming. I like sports. '),
(277, 62, 'Rudi like sports. Rudi watches football.'),
(278, 62, 'Rudi like sports. Rudi watches football.'),
(279, 199, 'Mike watches football. '),
(280, 84, 'I loves flowers. I watches football. '),
(281, 94, 'Mike loves flowers. Rudi like sports. '),
(282, 79, 'Rudi loves flowers. Mike like swimming. '),
(283, 13, 'I loves flowers. Mike loves flowers. '),
(284, 114, 'Rudi like sports. Mike loves flowers. '),
(285, 79, 'Rudi loves flowers. Mike like swimming. '),
(286, 13, 'I loves flowers. Mike loves flowers. '),
(287, 114, 'Rudi like sports. Mike loves flowers. '),
(288, 16, 'Mike loves flowers. Rudi like swimming. '),
(290, 134, 'Mike loves flowers. Mike loves flowers. '),
(291, 182, 'I watches football. '),
(292, 107, 'Rudi like sports. Mike like sports. '),
(293, 107, 'Rudi like sports. Mike like sports. '),
(294, 26, 'I loves flowers. Rudi watches football. '),
(296, 7, 'Rudi watches football. I like swimming. '),
(297, 89, 'I loves flowers. Mike watches football. '),
(298, 141, 'Mike like sports. Mike watches football.'),
(299, 74, 'I watches football. '),
(300, 164, 'I loves flowers. Rudi loves flowers. '),
(301, 7, 'Mike like swimming. '),
(302, 57, 'Mike watches football. I like sports. '),
(303, 163, 'Rudi loves flowers. '),
(304, 116, 'I like sports. Mike watches football. '),
(305, 57, 'Mike watches football. I like sports. '),
(306, 163, 'Rudi loves flowers. '),
(307, 116, 'I like sports. Mike watches football. '),
(308, 204, 'Mike like swimming. Rudi like swimming. '),
(310, 212, 'Mike watches football. I like sports. '),
(311, 165, 'I like sports. '),
(312, 48, 'I loves flowers. Mike like swimming. '),
(313, 48, 'I loves flowers. Mike like swimming. '),
(314, 135, 'I like swimming. Rudi watches football. '),
(316, 119, 'Mike like sports. '),
(317, 116, 'Mike watches football. '),
(319, 50, 'Mike loves flowers. '),
(320, 195, 'I watches football. Mike loves flowers. '),
(321, 77, 'Rudi like sports. I loves flowers. '),
(322, 147, 'Mike loves flowers. I loves flowers. ');

-- --------------------------------------------------------

--
-- Structure de la table `ulleres`
--

CREATE TABLE `ulleres` (
  `id` int(10) UNSIGNED NOT NULL,
  `graduacioVidres` int(11) NOT NULL,
  `tipusMuntura` varchar(40) NOT NULL,
  `colorMuntura` varchar(40) NOT NULL,
  `ColorVidre` varchar(40) NOT NULL,
  `preu` double NOT NULL,
  `marcaId` int(10) UNSIGNED NOT NULL,
  `compraId` int(10) UNSIGNED NOT NULL,
  `ventaId` int(10) UNSIGNED DEFAULT NULL
) ENGINE=InnoDB DEFAULT CHARSET=utf8mb4 COLLATE=utf8mb4_general_ci;

--
-- Déchargement des données de la table `ulleres`
--

INSERT INTO `ulleres` (`id`, `graduacioVidres`, `tipusMuntura`, `colorMuntura`, `ColorVidre`, `preu`, `marcaId`, `compraId`, `ventaId`) VALUES
(1, 13136548, 'Mike like swimming. I watches football. ', 'I like swimming. Rudi watches football. ', 'I watches football. I loves flowers. ', 69771234.32245299, 111, 111, 102),
(2, 2069540292, 'Rudi watches football. ', 'Mike loves flowers. I loves flowers. ', 'Mike like sports. Mike watches football.', 27776730.57578094, 16, 202, NULL),
(3, 2069540292, 'Rudi watches football. ', 'Mike loves flowers. I loves flowers. ', 'Mike like sports. Mike watches football.', 27776730.57578094, 16, 202, NULL),
(4, 852925404, 'Mike like sports. ', 'Rudi like swimming. Rudi loves flowers. ', 'I loves flowers. Mike like sports. ', 88605578.7176944, 94, 80, 57),
(5, 249037425, 'I like swimming. ', 'Rudi like sports. I watches football. ', 'Rudi like sports. Rudi watches football.', 39287644.11717487, 128, 192, 204),
(7, 1417108800, 'I loves flowers. Mike watches football. ', 'Mike loves flowers. Mike loves flowers. ', 'Mike like swimming. Mike loves flowers. ', 88150079.84632134, 2, 19, 164),
(8, 10791483, 'Rudi watches football. ', 'Rudi loves flowers. Mike loves flowers. ', 'Rudi watches football. ', 4016027.3574101566, 78, 177, NULL),
(9, 1034503649, 'Rudi like swimming. I like sports. ', 'I watches football. ', 'I like swimming. ', 30184384.39643312, 140, 107, 60),
(11, 1239313373, 'Mike like sports. Rudi watches football.', 'Mike loves flowers. ', 'Mike like sports. I like sports. ', 34974192.96226523, 95, 58, 14),
(12, 22944597, 'I watches football. Mike like sports. ', 'Mike loves flowers. ', 'Rudi loves flowers. Rudi loves flowers. ', 19329799.950924676, 29, 174, 95),
(13, 345837903, 'Rudi like swimming. Mike loves flowers. ', 'I watches football. Mike loves flowers. ', 'Rudi watches football. ', 23233506.07549628, 120, 140, 19),
(14, 345837903, 'Rudi like swimming. Mike loves flowers. ', 'I watches football. Mike loves flowers. ', 'Rudi watches football. ', 23233506.07549628, 120, 140, 19),
(15, 1160493859, 'I like swimming. I loves flowers. ', 'Rudi like sports. ', 'Mike loves flowers. I watches football. ', 68404295.9890925, 32, 161, 85),
(17, 527049510, 'Mike like sports. ', 'Mike watches football. Rudi like sports.', 'Mike watches football. Mike like sports.', 83345192.3245626, 32, 190, 78),
(18, 847227194, 'Mike like swimming. Rudi like swimming. ', 'Rudi watches football. ', 'Rudi watches football. I like sports. ', 61752590.242693305, 68, 195, 49),
(19, 1911064491, 'Rudi loves flowers. I like swimming. ', 'Mike loves flowers. I like sports. ', 'Mike like sports. Rudi like swimming. ', 99921932.45362517, 17, 100, 88),
(20, 1406974598, 'Rudi watches football. Mike like sports.', 'Rudi like sports. Rudi watches football.', 'Mike watches football. ', 85791939.21814032, 103, 134, NULL),
(22, 1401183058, 'Mike like sports. Mike like swimming. ', 'Mike like sports. Rudi watches football.', 'Mike watches football. I loves flowers. ', 49321149.17668717, 65, 210, 59),
(23, 716422472, 'Rudi watches football. Rudi like sports.', 'Rudi loves flowers. I like swimming. ', 'I watches football. Mike like swimming. ', 88671815.96394771, 60, 89, 66),
(24, 951791489, 'I like swimming. ', 'Mike like sports. Rudi like sports. ', 'Rudi like sports. ', 15911689.077631885, 58, 175, 128),
(25, 951791489, 'I like swimming. ', 'Mike like sports. Rudi like sports. ', 'Rudi like sports. ', 15911689.077631885, 58, 175, 128),
(26, 1262324880, 'Mike like swimming. Rudi like sports. ', 'Mike loves flowers. Rudi like sports. ', 'Mike like sports. Mike watches football.', 97130719.30634771, 128, 137, NULL),
(27, 1670562660, 'I watches football. Rudi loves flowers. ', 'Mike loves flowers. ', 'Rudi watches football. ', 77315177.65134183, 78, 3, 171),
(28, 1725757814, 'Rudi loves flowers. Mike loves flowers. ', 'Mike loves flowers. Mike loves flowers. ', 'Rudi like sports. Mike watches football.', 6162442.707151272, 62, 114, 69),
(29, 1553428780, 'Mike like sports. Mike like sports. ', 'I loves flowers. ', 'Mike watches football. ', 26990685.5119586, 104, 17, 6),
(30, 1094127713, 'I loves flowers. Rudi loves flowers. ', 'Rudi loves flowers. Mike like sports. ', 'I watches football. Mike like sports. ', 14621859.689926842, 128, 171, 46),
(31, 1094127713, 'I loves flowers. Rudi loves flowers. ', 'Rudi loves flowers. Mike like sports. ', 'I watches football. Mike like sports. ', 14621859.689926842, 128, 171, 46),
(32, 60388041, 'Mike like sports. Mike watches football.', 'Rudi watches football. ', 'Mike like sports. Mike loves flowers. ', 55370623.07979555, 27, 93, 217),
(33, 1270105808, 'Rudi watches football. I like sports. ', 'I loves flowers. Rudi watches football. ', 'Mike watches football. Mike like sports.', 96998049.01837273, 138, 223, 37),
(34, 1270105808, 'Rudi watches football. I like sports. ', 'I loves flowers. Rudi watches football. ', 'Mike watches football. Mike like sports.', 96998049.01837273, 138, 223, 37),
(35, 627265824, 'Mike loves flowers. Rudi loves flowers. ', 'Mike loves flowers. ', 'Mike loves flowers. Rudi like sports. ', 47905567.481971204, 125, 68, NULL),
(36, 807041982, 'Rudi watches football. Rudi like sports.', 'Rudi watches football. I like swimming. ', 'I loves flowers. Mike like sports. ', 23316755.163986713, 20, 66, 204),
(38, 1567284952, 'I watches football. Rudi loves flowers. ', 'I like swimming. ', 'Mike loves flowers. Mike loves flowers. ', 63346552.22066145, 65, 72, NULL),
(39, 93850829, 'Mike loves flowers. Rudi like swimming. ', 'Mike watches football. ', 'Rudi watches football. ', 64724566.2859383, 119, 167, 137),
(40, 134192945, 'Rudi like sports. Rudi watches football.', 'Mike loves flowers. ', 'Rudi like sports. ', 67845657.56609409, 117, 31, 106),
(41, 1640292007, 'Mike like sports. ', 'I loves flowers. Mike watches football. ', 'Rudi watches football. I like sports. ', 40689247.29027647, 13, 15, 95),
(42, 918478930, 'I watches football. ', 'I watches football. I loves flowers. ', 'Rudi watches football. I like sports. ', 45146615.199430615, 128, 82, 189),
(43, 1421689925, 'Rudi loves flowers. Mike like sports. ', 'Mike watches football. ', 'Mike like sports. Mike loves flowers. ', 6225091.83963671, 100, 205, 202),
(44, 52553498, 'I watches football. Mike loves flowers. ', 'Rudi loves flowers. Rudi like sports. ', 'Rudi loves flowers. Mike loves flowers. ', 15788727.833948646, 18, 104, 91),
(45, 1451963417, 'I loves flowers. Rudi loves flowers. ', 'Rudi loves flowers. ', 'Mike like sports. Mike watches football.', 89061046.26078343, 83, 97, 26),
(46, 237275153, 'Mike like swimming. Rudi like sports. ', 'I like swimming. Mike loves flowers. ', 'Mike loves flowers. I watches football. ', 9692112.383329032, 60, 140, 43),
(48, 658166775, 'I watches football. ', 'I loves flowers. Rudi watches football. ', 'I loves flowers. Mike watches football. ', 1541381.259063046, 71, 62, NULL),
(49, 1620590470, 'Rudi like swimming. I like sports. ', 'Mike loves flowers. Mike loves flowers. ', 'Mike like sports. Mike like swimming. ', 43831259.20728022, 52, 186, NULL),
(50, 813086433, 'I watches football. Mike loves flowers. ', 'Mike like sports. Mike like swimming. ', 'Mike like sports. Mike watches football.', 52852814.40004962, 129, 220, NULL),
(51, 1636668304, 'Mike watches football. I like swimming. ', 'Rudi watches football. Rudi like sports.', 'Rudi loves flowers. I watches football. ', 77678179.90734527, 3, 91, 180),
(52, 915779470, 'I like sports. ', 'I watches football. Rudi like swimming. ', 'Mike loves flowers. ', 99366019.06609727, 57, 45, 17),
(53, 784488098, 'I loves flowers. Mike watches football. ', 'I like swimming. Rudi like sports. ', 'Mike watches football. ', 53296643.01208722, 86, 80, NULL),
(54, 281682881, 'Rudi watches football. Rudi like sports.', 'Mike like sports. ', 'Mike like swimming. I like sports. ', 35227394.167364515, 50, 225, 190),
(55, 1544203275, 'I watches football. I loves flowers. ', 'I watches football. Rudi loves flowers. ', 'Mike like sports. Rudi loves flowers. ', 81641737.20365007, 138, 215, NULL),
(56, 1670635488, 'I loves flowers. Mike loves flowers. ', 'I watches football. Mike like sports. ', 'I like sports. Mike like sports. ', 1874962.0455986604, 74, 212, 151),
(57, 618691576, 'Mike loves flowers. Rudi loves flowers. ', 'Rudi loves flowers. I watches football. ', 'Mike loves flowers. Rudi loves flowers. ', 80121660.74149972, 141, 190, 137),
(59, 2140017815, 'Mike watches football. Rudi like sports.', 'Mike like sports. Mike like sports. ', 'I watches football. Rudi like sports. ', 30744330.757718496, 81, 54, 197),
(60, 956019479, 'Rudi loves flowers. I like sports. ', 'Rudi like swimming. I watches football. ', 'Mike loves flowers. Rudi loves flowers. ', 96993668.84412001, 101, 204, 146),
(62, 503529268, 'Mike watches football. Rudi like sports.', 'Mike loves flowers. Rudi loves flowers. ', 'Mike loves flowers. ', 61210246.16269496, 51, 20, NULL),
(63, 1292601837, 'Rudi watches football. ', 'I loves flowers. I loves flowers. ', 'I loves flowers. ', 32059363.777778536, 121, 37, 139),
(64, 569612437, 'Rudi loves flowers. I like swimming. ', 'I loves flowers. ', 'Mike like swimming. Rudi loves flowers. ', 2220593.669209159, 63, 124, NULL),
(65, 159689839, 'I watches football. Rudi loves flowers. ', 'Rudi like sports. Mike watches football.', 'I watches football. ', 81903530.37346624, 68, 89, 123),
(66, 1520748765, 'Mike loves flowers. Mike loves flowers. ', 'I loves flowers. ', 'Mike like sports. ', 82521788.28830281, 20, 94, NULL),
(67, 114017346, 'Mike loves flowers. Mike loves flowers. ', 'I watches football. Mike loves flowers. ', 'Mike loves flowers. Rudi loves flowers. ', 25201995.869176406, 140, 42, NULL),
(68, 1474098452, 'I watches football. Mike loves flowers. ', 'Mike like sports. ', 'Rudi loves flowers. I watches football. ', 3501297.686007032, 62, 130, 140),
(69, 1519588514, 'I loves flowers. Mike like sports. ', 'Mike like swimming. Rudi loves flowers. ', 'Mike loves flowers. Mike loves flowers. ', 76599234.44570681, 17, 75, 137),
(70, 334102574, 'Mike loves flowers. ', 'I watches football. Mike loves flowers. ', 'Mike watches football. Mike like sports.', 38043561.50955901, 49, 100, 186),
(71, 203747676, 'Rudi like sports. Rudi watches football.', 'Mike watches football. Mike like sports.', 'I like swimming. I watches football. ', 30035325.06141745, 81, 135, 191),
(72, 112358029, 'I like sports. Mike like swimming. ', 'Rudi watches football. Rudi like sports.', 'I loves flowers. Rudi like swimming. ', 10789340.29403753, 109, 70, 34),
(73, 1009217669, 'Mike like sports. Rudi loves flowers. ', 'I loves flowers. Mike watches football. ', 'Rudi loves flowers. ', 92999101.31973636, 37, 145, 195),
(74, 1009217669, 'Mike like sports. Rudi loves flowers. ', 'I loves flowers. Mike watches football. ', 'Rudi loves flowers. ', 92999101.31973636, 37, 145, 195),
(75, 751588539, 'I like swimming. ', 'Mike watches football. ', 'Mike watches football. I loves flowers. ', 6680237.567328395, 55, 20, 1),
(77, 24113079, 'Rudi like sports. Rudi like swimming. ', 'I watches football. ', 'I like sports. Mike loves flowers. ', 31361773.3238455, 47, 181, 218),
(78, 215554465, 'Mike loves flowers. Mike loves flowers. ', 'Rudi like sports. ', 'Mike watches football. ', 9387573.195978327, 120, 182, 129),
(79, 815749766, 'Mike like swimming. ', 'Mike watches football. ', 'Mike like sports. Mike watches football.', 79429271.24143283, 80, 127, 146),
(80, 448355111, 'Mike like sports. I watches football. ', 'Mike loves flowers. Rudi like swimming. ', 'I like sports. Rudi like sports. ', 89657696.74048257, 114, 157, 149),
(81, 1366499439, 'Mike like sports. Rudi loves flowers. ', 'Mike watches football. ', 'Mike like swimming. I watches football. ', 1841550.9293421283, 17, 218, 71),
(82, 1894585660, 'Rudi like sports. Mike watches football.', 'I like swimming. Mike watches football. ', 'Mike loves flowers. I watches football. ', 90580590.59397055, 65, 214, 38),
(83, 1889736661, 'Mike loves flowers. I loves flowers. ', 'Rudi loves flowers. Rudi like sports. ', 'Mike like sports. Mike watches football.', 22925924.642405417, 15, 24, 9),
(84, 129836612, 'Mike like swimming. Rudi loves flowers. ', 'I watches football. Rudi like swimming. ', 'Mike like swimming. Rudi loves flowers. ', 36964024.070975624, 114, 8, 13),
(86, 492317620, 'Mike loves flowers. ', 'Rudi like sports. I like swimming. ', 'Rudi watches football. ', 6170440.072931205, 125, 206, 197),
(87, 1168968930, 'Mike like sports. ', 'Rudi watches football. ', 'I like sports. Rudi watches football. ', 71598096.37927847, 45, 3, 50),
(88, 1507127486, 'Mike loves flowers. Mike loves flowers. ', 'Mike like swimming. ', 'I loves flowers. Rudi watches football. ', 43433275.56907628, 123, 35, 177),
(89, 1507127486, 'Mike loves flowers. Mike loves flowers. ', 'Mike like swimming. ', 'I loves flowers. Rudi watches football. ', 43433275.56907628, 123, 35, 177),
(90, 535335385, 'Mike like swimming. I watches football. ', 'I loves flowers. Rudi watches football. ', 'Mike watches football. Mike like sports.', 39518859.9746969, 127, 119, 118),
(91, 2064122299, 'Rudi like sports. I watches football. ', 'Rudi watches football. ', 'Mike like sports. ', 76378604.45836514, 92, 215, 94),
(92, 141193582, 'I loves flowers. ', 'Mike watches football. ', 'I loves flowers. ', 45427917.68554663, 32, 172, 207),
(93, 233696471, 'I loves flowers. Mike loves flowers. ', 'Mike like sports. I watches football. ', 'Rudi like swimming. ', 97631894.54374973, 19, 220, 65),
(94, 233696471, 'I loves flowers. Mike loves flowers. ', 'Mike like sports. I watches football. ', 'Rudi like swimming. ', 97631894.54374973, 19, 220, 65),
(95, 279105514, 'Mike watches football. I loves flowers. ', 'Rudi like swimming. Mike loves flowers. ', 'Mike like sports. Mike loves flowers. ', 46593457.15553539, 2, 225, 88),
(96, 1111765991, 'Mike watches football. ', 'I watches football. ', 'I loves flowers. ', 93669975.0782143, 23, 90, 86),
(97, 370435754, 'I loves flowers. Mike loves flowers. ', 'Mike like swimming. ', 'Mike watches football. Rudi like sports.', 87335910.39492014, 54, 162, 3),
(99, 1027296344, 'Rudi like sports. Mike loves flowers. ', 'Mike watches football. ', 'Mike watches football. ', 71981042.01490524, 51, 44, 139),
(100, 885710930, 'Mike loves flowers. Rudi like swimming. ', 'Rudi like swimming. Mike loves flowers. ', 'I loves flowers. Rudi watches football. ', 40272224.59820629, 138, 197, 54),
(101, 175294356, 'Rudi watches football. I like swimming. ', 'Mike loves flowers. I watches football. ', 'Mike watches football. ', 7768451.586796343, 63, 200, 34),
(102, 788367241, 'Mike like sports. Mike watches football.', 'Rudi watches football. Rudi like sports.', 'Mike watches football. I like swimming. ', 71620362.24524015, 125, 11, 32),
(103, 1185831871, 'Rudi loves flowers. ', 'I loves flowers. ', 'Rudi like swimming. ', 78140362.73205478, 23, 126, 113),
(104, 1436399482, 'I like swimming. Rudi watches football. ', 'Mike like sports. Mike like sports. ', 'I watches football. Mike like sports. ', 69446555.76221557, 101, 172, 46),
(106, 1907867821, 'Mike like sports. ', 'Mike watches football. I like sports. ', 'I loves flowers. ', 59557919.692374624, 57, 59, 58),
(107, 2077324252, 'Mike loves flowers. ', 'Mike watches football. ', 'Mike watches football. ', 95056005.10095215, 125, 113, 221),
(108, 1144717132, 'Mike loves flowers. I loves flowers. ', 'Mike loves flowers. ', 'Rudi like sports. ', 90623649.11058041, 138, 49, 102),
(109, 1742206607, 'I watches football. Rudi loves flowers. ', 'I like sports. I watches football. ', 'Rudi watches football. I loves flowers. ', 52752273.809011064, 131, 149, 197),
(111, 1549101244, 'Mike loves flowers. ', 'I watches football. Mike like sports. ', 'Rudi loves flowers. ', 16132059.182000747, 11, 157, 224),
(112, 1350734712, 'Mike loves flowers. I watches football. ', 'Mike like sports. Rudi loves flowers. ', 'Mike loves flowers. ', 80704888.56553967, 9, 64, 112),
(114, 767325432, 'Mike like swimming. I like swimming. ', 'Rudi loves flowers. Rudi loves flowers. ', 'Mike watches football. Mike like sports.', 10137634.209381608, 72, 104, NULL),
(115, 845487409, 'I watches football. Mike loves flowers. ', 'I like sports. ', 'Mike like swimming. I watches football. ', 66333721.51320541, 70, 124, 110),
(116, 2082651420, 'Rudi loves flowers. I watches football. ', 'Mike loves flowers. Rudi like swimming. ', 'I watches football. ', 52600288.93012919, 6, 62, 112),
(117, 1453776729, 'I like sports. Rudi watches football. ', 'I like swimming. Mike watches football. ', 'Mike like sports. Rudi loves flowers. ', 4579707.0012734365, 18, 73, 206),
(118, 1453776729, 'I like sports. Rudi watches football. ', 'I like swimming. Mike watches football. ', 'Mike like sports. Rudi loves flowers. ', 4579707.0012734365, 18, 73, 206),
(119, 1882179036, 'I watches football. ', 'Mike loves flowers. Rudi loves flowers. ', 'I watches football. I watches football. ', 815391.273277788, 41, 88, 19),
(121, 1074800998, 'I like swimming. ', 'Mike like sports. Mike loves flowers. ', 'Mike loves flowers. Rudi loves flowers. ', 8675942.855121953, 95, 17, 27),
(122, 295105036, 'I like swimming. Mike watches football. ', 'Mike like sports. Mike loves flowers. ', 'I watches football. Rudi like swimming. ', 91579569.5036996, 117, 107, 156),
(123, 659172232, 'I loves flowers. Rudi like sports. ', 'I watches football. Mike like sports. ', 'I watches football. I watches football. ', 57277500.76446967, 79, 79, 220),
(124, 659172232, 'I loves flowers. Rudi like sports. ', 'I watches football. Mike like sports. ', 'I watches football. I watches football. ', 57277500.76446967, 79, 79, 220),
(125, 173200359, 'Mike watches football. ', 'I watches football. Mike like sports. ', 'Mike like sports. ', 63683329.76810661, 136, 145, 107),
(126, 1213646586, 'Rudi loves flowers. Rudi like sports. ', 'Mike watches football. Rudi like sports.', 'I loves flowers. ', 41793776.960892856, 55, 143, 193),
(127, 2033812956, 'I watches football. I watches football. ', 'Rudi watches football. Mike like sports.', 'Mike like swimming. I like swimming. ', 71072924.26474959, 2, 214, 91),
(128, 2033812956, 'I watches football. I watches football. ', 'Rudi watches football. Mike like sports.', 'Mike like swimming. I like swimming. ', 71072924.26474959, 2, 214, 91),
(129, 726955295, 'Mike like sports. Mike watches football.', 'Mike loves flowers. ', 'I loves flowers. I loves flowers. ', 80085617.91158377, 17, 143, 38),
(130, 93276042, 'Rudi loves flowers. Mike like swimming. ', 'Mike loves flowers. Mike loves flowers. ', 'I watches football. I like swimming. ', 76906641.99542685, 2, 197, 165),
(132, 1668188961, 'I watches football. ', 'Mike like sports. ', 'Mike loves flowers. ', 46309226.00096761, 84, 68, 80),
(133, 419003429, 'Rudi watches football. ', 'I loves flowers. ', 'Mike watches football. Rudi like sports.', 64141782.29171761, 11, 197, 216),
(134, 1272099958, 'I loves flowers. Rudi watches football. ', 'I loves flowers. Mike like swimming. ', 'Mike like sports. I like swimming. ', 86015762.8867763, 65, 113, 56),
(135, 1272099958, 'I loves flowers. Rudi watches football. ', 'I loves flowers. Mike like swimming. ', 'Mike like sports. I like swimming. ', 86015762.8867763, 65, 113, 56),
(136, 1968626467, 'I like swimming. Mike loves flowers. ', 'Rudi loves flowers. ', 'I like swimming. I loves flowers. ', 81888861.88451153, 81, 20, 16),
(137, 138876258, 'I like sports. ', 'Mike loves flowers. Rudi like sports. ', 'I loves flowers. Rudi watches football. ', 43362413.654073894, 133, 12, 79),
(138, 1827125531, 'I watches football. I like swimming. ', 'I watches football. ', 'Mike watches football. ', 2594089.4037798755, 2, 120, 64),
(140, 1021213868, 'Rudi watches football. ', 'I loves flowers. ', 'I watches football. Rudi like sports. ', 63725421.34714276, 47, 136, 202),
(141, 611376124, 'I loves flowers. Mike loves flowers. ', 'Mike loves flowers. ', 'Rudi watches football. ', 43259264.31744922, 12, 45, 77),
(142, 133041326, 'I like swimming. ', 'Mike watches football. ', 'Mike loves flowers. ', 67235886.64416307, 77, 100, 71),
(143, 133041326, 'I like swimming. ', 'Mike watches football. ', 'Mike loves flowers. ', 67235886.64416307, 77, 100, 71),
(144, 1803589687, 'Rudi watches football. Rudi like sports.', 'Mike like sports. Rudi watches football.', 'Rudi watches football. ', 33729239.69912145, 55, 96, 221),
(145, 564875, 'I watches football. I loves flowers. ', 'I like sports. I like sports. ', 'Rudi watches football. ', 8361048.041244079, 101, 52, 164),
(146, 564875, 'I watches football. I loves flowers. ', 'I like sports. I like sports. ', 'Rudi watches football. ', 8361048.041244079, 101, 52, 164),
(147, 1464097424, 'Mike like swimming. Rudi like sports. ', 'Mike loves flowers. Rudi loves flowers. ', 'Mike like swimming. Mike loves flowers. ', 63284448.20205344, 44, 19, 71),
(148, 2066676004, 'I loves flowers. Rudi like sports. ', 'Mike like sports. ', 'I watches football. I watches football. ', 56075645.8748938, 5, 82, 7),
(149, 2066676004, 'I loves flowers. Rudi like sports. ', 'Mike like sports. ', 'I watches football. I watches football. ', 56075645.8748938, 5, 82, 7),
(150, 381954177, 'Mike loves flowers. ', 'Mike like sports. Mike watches football.', 'I watches football. I like swimming. ', 63909331.23085466, 132, 143, 224),
(151, 716138026, 'Rudi watches football. ', 'Mike like swimming. ', 'Rudi loves flowers. Rudi like swimming. ', 33638971.87049059, 103, 166, NULL),
(152, 563151432, 'Mike like sports. Rudi like swimming. ', 'Rudi like sports. Rudi loves flowers. ', 'I like swimming. Rudi watches football. ', 95777989.36146334, 140, 223, 180),
(154, 739892921, 'Mike loves flowers. Rudi like swimming. ', 'Mike loves flowers. ', 'Mike watches football. I loves flowers. ', 69258093.27159855, 27, 181, 90),
(155, 1630555293, 'I watches football. I watches football. ', 'Rudi watches football. Mike like sports.', 'I watches football. ', 39030087.81672876, 104, 33, 104),
(156, 1920273281, 'Mike loves flowers. Rudi like swimming. ', 'I loves flowers. Rudi loves flowers. ', 'Mike like swimming. Mike loves flowers. ', 78266166.95266442, 90, 128, 85),
(157, 1219904961, 'Rudi like sports. Mike watches football.', 'Mike like sports. Rudi loves flowers. ', 'Rudi like sports. Mike watches football.', 14336634.582128748, 30, 30, 217),
(158, 1756456502, 'Mike like sports. Mike watches football.', 'Mike watches football. ', 'Mike watches football. Mike like sports.', 94852613.90481874, 125, 44, 146),
(159, 1296579785, 'Rudi like swimming. Mike like swimming. ', 'Mike watches football. ', 'Mike watches football. ', 72112514.67003627, 48, 164, 222),
(161, 998291984, 'Mike like sports. Rudi loves flowers. ', 'I loves flowers. ', 'I like sports. I watches football. ', 41263185.004108995, 13, 12, 45),
(162, 1599929654, 'Mike watches football. ', 'Rudi like sports. ', 'I watches football. I like sports. ', 26629348.97673841, 94, 74, 133),
(163, 338004101, 'Mike like swimming. Rudi like swimming. ', 'Rudi loves flowers. Mike like sports. ', 'Mike loves flowers. Rudi loves flowers. ', 1154427.5314869124, 95, 88, 6),
(164, 160923392, 'Rudi loves flowers. Mike loves flowers. ', 'Mike loves flowers. Rudi like swimming. ', 'I like swimming. Mike like swimming. ', 75585318.51111826, 14, 53, 5),
(165, 160923392, 'Rudi loves flowers. Mike loves flowers. ', 'Mike loves flowers. Rudi like swimming. ', 'I like swimming. Mike like swimming. ', 75585318.51111826, 14, 53, 5),
(166, 1463900321, 'Mike like swimming. I watches football. ', 'Mike watches football. ', 'I like swimming. Rudi watches football. ', 62936044.57527294, 101, 87, 57),
(167, 2009697847, 'Mike watches football. Mike like sports.', 'Rudi loves flowers. Mike like sports. ', 'I like sports. ', 7201651.448413116, 33, 151, 195),
(168, 2125042096, 'Mike watches football. ', 'Mike watches football. ', 'Mike watches football. Mike like sports.', 42219457.1526657, 50, 83, 94),
(170, 1272201514, 'Mike like sports. Mike loves flowers. ', 'Mike loves flowers. Mike loves flowers. ', 'Mike loves flowers. ', 17720892.063073844, 57, 166, 149),
(171, 726447104, 'I like sports. I loves flowers. ', 'I loves flowers. Mike loves flowers. ', 'Mike watches football. Mike like sports.', 32777623.277789358, 84, 66, 146),
(173, 17287396, 'Rudi watches football. Rudi like sports.', 'I watches football. Mike like swimming. ', 'Mike loves flowers. Rudi like sports. ', 74902859.1500517, 47, 144, 101),
(174, 1646715680, 'Mike watches football. ', 'Rudi like sports. Mike loves flowers. ', 'Mike like swimming. ', 92117493.04604836, 11, 91, 65),
(176, 752451393, 'Rudi like sports. I loves flowers. ', 'Rudi watches football. ', 'Mike loves flowers. ', 67904338.1679779, 139, 74, 147),
(177, 376757557, 'Rudi like swimming. ', 'I loves flowers. Rudi watches football. ', 'Rudi loves flowers. ', 17470014.87210512, 122, 47, 4),
(178, 526993953, 'Rudi like sports. Rudi loves flowers. ', 'Rudi watches football. ', 'I watches football. I loves flowers. ', 93616390.27174197, 86, 74, 58),
(179, 526993953, 'Rudi like sports. Rudi loves flowers. ', 'Rudi watches football. ', 'I watches football. I loves flowers. ', 93616390.27174197, 86, 74, 58),
(180, 650720402, 'I like swimming. I watches football. ', 'I watches football. I watches football. ', 'Mike watches football. Rudi like sports.', 82221819.34849589, 53, 142, 141),
(181, 263506765, 'I loves flowers. Rudi watches football. ', 'Mike loves flowers. Mike loves flowers. ', 'Mike loves flowers. Mike like sports. ', 65271914.84785895, 81, 219, 9),
(183, 813331068, 'I loves flowers. Mike loves flowers. ', 'Mike like swimming. Rudi loves flowers. ', 'I watches football. Rudi like swimming. ', 94415434.23468466, 119, 183, 51),
(184, 863794145, 'Mike loves flowers. I like swimming. ', 'Mike watches football. I like sports. ', 'I loves flowers. I like sports. ', 63910786.18680643, 50, 96, NULL),
(185, 95822490, 'Mike like sports. Mike watches football.', 'Rudi like sports. Mike like swimming. ', 'Mike loves flowers. Mike loves flowers. ', 70827964.96266527, 134, 38, 138),
(186, 95822490, 'Mike like sports. Mike watches football.', 'Rudi like sports. Mike like swimming. ', 'Mike loves flowers. Mike loves flowers. ', 70827964.96266527, 134, 38, 138),
(187, 1790319130, 'I watches football. I loves flowers. ', 'Mike like swimming. Rudi like swimming. ', 'I loves flowers. Rudi watches football. ', 78616803.16898446, 99, 186, 102),
(188, 19195665, 'Mike loves flowers. ', 'Rudi like swimming. I like swimming. ', 'Mike like swimming. Mike loves flowers. ', 84590781.59926721, 103, 115, 100),
(189, 19195665, 'Mike loves flowers. ', 'Rudi like swimming. I like swimming. ', 'Mike like swimming. Mike loves flowers. ', 84590781.59926721, 103, 115, 100),
(190, 577217256, 'I loves flowers. I like sports. ', 'Mike watches football. ', 'Rudi watches football. ', 95645355.84072095, 127, 202, 60),
(191, 544219187, 'Mike loves flowers. Mike loves flowers. ', 'I like swimming. Rudi watches football. ', 'Mike like swimming. Mike loves flowers. ', 76207415.01659131, 19, 49, NULL),
(193, 1816285883, 'Rudi watches football. I like swimming. ', 'Mike like sports. I watches football. ', 'Mike watches football. ', 82505677.31543338, 44, 126, 8),
(194, 111100613, 'Mike watches football. ', 'I loves flowers. I watches football. ', 'I like swimming. Rudi like swimming. ', 87726587.8822211, 123, 205, 145),
(195, 272540311, 'Mike loves flowers. I loves flowers. ', 'Mike like sports. I watches football. ', 'Mike loves flowers. Rudi loves flowers. ', 20520656.189828545, 19, 141, 98),
(196, 1083826703, 'Mike watches football. I loves flowers. ', 'I like sports. I watches football. ', 'Mike like sports. Rudi like sports. ', 22161228.179947034, 24, 147, 51),
(197, 1083826703, 'Mike watches football. I loves flowers. ', 'I like sports. I watches football. ', 'Mike like sports. Rudi like sports. ', 22161228.179947034, 24, 147, 51),
(198, 1791523753, 'Mike watches football. ', 'Mike like sports. Rudi watches football.', 'I watches football. Rudi loves flowers. ', 67877351.6884453, 27, 6, 162),
(199, 868944911, 'Rudi like swimming. Mike like swimming. ', 'Rudi watches football. ', 'I watches football. ', 40997791.91510622, 53, 219, 172),
(200, 398312107, 'I loves flowers. Mike watches football. ', 'Mike like swimming. I loves flowers. ', 'Mike loves flowers. Mike like swimming. ', 99082080.93330024, 109, 97, 213),
(201, 1305822216, 'Mike like sports. Rudi like swimming. ', 'Rudi watches football. ', 'I watches football. ', 39035749.404414125, 130, 195, 168),
(203, 1437977286, 'I watches football. I watches football. ', 'I loves flowers. Mike watches football. ', 'Mike watches football. I loves flowers. ', 96083850.90986478, 46, 96, 129),
(204, 756803370, 'Mike watches football. Rudi like sports.', 'Mike loves flowers. ', 'Mike watches football. Rudi like sports.', 33296641.047975462, 126, 46, 115),
(205, 298697360, 'Rudi watches football. Mike like sports.', 'I watches football. Mike loves flowers. ', 'Mike watches football. I loves flowers. ', 44599283.54510844, 131, 23, 157),
(206, 1389752647, 'Mike watches football. ', 'Mike watches football. Rudi like sports.', 'Mike like swimming. Mike like sports. ', 8134617.365171215, 7, 215, 116),
(207, 1861848753, 'Mike like sports. I loves flowers. ', 'Rudi loves flowers. I like swimming. ', 'Mike watches football. ', 41633892.62192858, 137, 73, 166),
(208, 1861848753, 'Mike like sports. I loves flowers. ', 'Rudi loves flowers. I like swimming. ', 'Mike watches football. ', 41633892.62192858, 137, 73, 166),
(209, 529430988, 'Rudi like sports. Mike like sports. ', 'Mike like sports. I like swimming. ', 'I watches football. Rudi loves flowers. ', 55139898.178193204, 17, 164, 77),
(210, 657751165, 'I like swimming. I like swimming. ', 'I watches football. ', 'Rudi watches football. I like swimming. ', 25685220.162773337, 122, 118, NULL),
(211, 1625463827, 'Mike loves flowers. I loves flowers. ', 'Mike loves flowers. I watches football. ', 'Mike watches football. Rudi like sports.', 78451267.75689071, 39, 23, 216),
(212, 1420172361, 'Rudi like sports. I like sports. ', 'I loves flowers. ', 'Rudi watches football. ', 64704841.3168966, 107, 156, 78),
(213, 1420172361, 'Rudi like sports. I like sports. ', 'I loves flowers. ', 'Rudi watches football. ', 64704841.3168966, 107, 156, 78),
(214, 335541913, 'I like sports. Mike watches football. ', 'Mike watches football. ', 'Mike loves flowers. I like swimming. ', 20767208.89326231, 92, 205, 161),
(215, 1544449544, 'Mike watches football. ', 'Mike loves flowers. Rudi loves flowers. ', 'Mike watches football. I like swimming. ', 64112299.366939716, 86, 93, NULL),
(217, 1112041864, 'Rudi watches football. Mike like sports.', 'Mike like sports. Mike loves flowers. ', 'Mike loves flowers. ', 14830537.462027315, 138, 202, 49),
(218, 1379480101, 'Mike loves flowers. I watches football. ', 'I loves flowers. Mike loves flowers. ', 'Mike watches football. ', 16793468.075776275, 133, 36, 44),
(219, 1728874062, 'Mike watches football. ', 'Rudi watches football. Rudi like sports.', 'Mike like swimming. Mike loves flowers. ', 31307423.528997935, 28, 181, 58),
(220, 1728874062, 'Mike watches football. ', 'Rudi watches football. Rudi like sports.', 'Mike like swimming. Mike loves flowers. ', 31307423.528997935, 28, 181, 58),
(221, 1657328472, 'Rudi like sports. Mike like swimming. ', 'Mike loves flowers. ', 'I like swimming. Rudi like sports. ', 6326264.751414068, 115, 27, 81),
(222, 722308451, 'Rudi loves flowers. I watches football. ', 'Rudi like swimming. ', 'I watches football. Rudi loves flowers. ', 59303351.029129855, 23, 69, 66),
(224, 1476756281, 'Rudi watches football. ', 'Mike loves flowers. Mike like swimming. ', 'Mike watches football. Rudi like sports.', 64341282.631787285, 134, 175, 183),
(225, 1733275611, 'Mike loves flowers. Rudi loves flowers. ', 'Rudi like sports. ', 'I watches football. Rudi loves flowers. ', 10314237.474413835, 112, 115, 32),
(226, 103403845, 'I like sports. Mike watches football. ', 'I loves flowers. I like sports. ', 'I watches football. ', 78632417.12953606, 77, 162, 57),
(228, 801407769, 'Mike loves flowers. Rudi loves flowers. ', 'Mike like swimming. Rudi loves flowers. ', 'Mike loves flowers. Rudi loves flowers. ', 19654478.680004615, 1, 42, 6),
(229, 207274160, 'I loves flowers. Mike loves flowers. ', 'Mike like swimming. ', 'I like sports. Mike like sports. ', 66387381.57509288, 31, 197, 65),
(231, 980243745, 'I loves flowers. Mike watches football. ', 'Mike like sports. ', 'Mike like sports. Mike watches football.', 91287501.12828726, 71, 135, 137),
(232, 2004994135, 'Mike like sports. ', 'Mike loves flowers. I like sports. ', 'Mike loves flowers. Mike loves flowers. ', 33403328.507944006, 140, 90, 197),
(233, 769248786, 'Mike like swimming. ', 'Mike loves flowers. I watches football. ', 'I loves flowers. Mike loves flowers. ', 65692907.032697745, 138, 144, NULL),
(234, 372942929, 'Mike loves flowers. I watches football. ', 'Mike loves flowers. ', 'Mike like sports. I watches football. ', 63704975.09853498, 64, 43, 50),
(235, 1867166980, 'Rudi loves flowers. I watches football. ', 'I watches football. I watches football. ', 'Rudi loves flowers. ', 8751194.814750263, 79, 30, 207),
(236, 1517257651, 'Mike loves flowers. Mike like sports. ', 'Mike loves flowers. ', 'Mike like sports. Mike watches football.', 47569451.86907066, 83, 83, NULL),
(237, 1517257651, 'Mike loves flowers. Mike like sports. ', 'Mike loves flowers. ', 'Mike like sports. Mike watches football.', 47569451.86907066, 83, 83, NULL),
(238, 1217934860, 'I watches football. Rudi like swimming. ', 'Mike like sports. Rudi watches football.', 'Mike loves flowers. I loves flowers. ', 63961639.75926704, 18, 162, 25),
(239, 737731765, 'Mike loves flowers. Mike like swimming. ', 'I watches football. Mike loves flowers. ', 'Mike like sports. ', 16733194.333776247, 132, 181, 220),
(240, 285626990, 'I loves flowers. Rudi loves flowers. ', 'I like swimming. Rudi watches football. ', 'Mike like sports. Rudi like swimming. ', 74481540.2877778, 13, 27, 72),
(241, 2032218587, 'I watches football. I loves flowers. ', 'Mike like sports. ', 'Mike loves flowers. Rudi loves flowers. ', 58766899.532479614, 26, 99, NULL),
(242, 1386879118, 'I like swimming. Mike watches football. ', 'I loves flowers. Rudi watches football. ', 'I loves flowers. I like swimming. ', 69237140.10174192, 119, 31, 3),
(244, 1456894225, 'Rudi loves flowers. I like swimming. ', 'Mike loves flowers. ', 'Rudi like sports. I watches football. ', 95283308.76424849, 40, 22, 97),
(245, 35101415, 'I watches football. I watches football. ', 'Mike loves flowers. ', 'Mike like sports. ', 44777369.45408719, 141, 208, 189),
(247, 1598488151, 'I loves flowers. Mike loves flowers. ', 'Rudi watches football. ', 'I loves flowers. Mike loves flowers. ', 97833088.98447551, 121, 176, 58),
(248, 1573565494, 'Rudi loves flowers. Mike like sports. ', 'Mike loves flowers. ', 'I watches football. I loves flowers. ', 54645934.92091709, 130, 66, 187),
(249, 1446315847, 'I watches football. ', 'I loves flowers. Mike watches football. ', 'I like sports. ', 78020241.30337922, 68, 82, 3),
(250, 1446315847, 'I watches football. ', 'I loves flowers. Mike watches football. ', 'I like sports. ', 78020241.30337922, 68, 82, 3),
(251, 173729932, 'Rudi like sports. ', 'I like swimming. I like sports. ', 'Mike loves flowers. ', 38388985.54730907, 81, 106, 87),
(253, 16368031, 'Mike watches football. ', 'I watches football. Rudi like sports. ', 'Mike watches football. Rudi like sports.', 18244132.52945899, 7, 165, 144),
(254, 322474696, 'I loves flowers. Rudi loves flowers. ', 'Rudi loves flowers. Rudi loves flowers. ', 'Mike like sports. Rudi watches football.', 30897533.975375824, 63, 223, 215),
(255, 1782368580, 'Mike watches football. ', 'I like swimming. I watches football. ', 'I like swimming. Rudi watches football. ', 96485155.68598238, 14, 201, 69),
(256, 1782368580, 'Mike watches football. ', 'I like swimming. I watches football. ', 'I like swimming. Rudi watches football. ', 96485155.68598238, 14, 201, 69),
(257, 1065618373, 'Mike like sports. ', 'I like sports. Rudi watches football. ', 'Mike loves flowers. ', 31474197.445161823, 127, 32, 120),
(258, 1947302727, 'I watches football. I watches football. ', 'Mike like sports. Rudi watches football.', 'Mike watches football. Rudi like sports.', 20467862.358780988, 101, 103, NULL),
(259, 2125556275, 'I loves flowers. Rudi like sports. ', 'I watches football. ', 'I like swimming. Mike like swimming. ', 6441130.219480495, 82, 78, NULL),
(260, 1250997333, 'I loves flowers. Rudi like sports. ', 'Rudi like swimming. ', 'Rudi watches football. I like swimming. ', 40984601.34400147, 6, 33, 58),
(261, 858831068, 'I watches football. ', 'Rudi loves flowers. ', 'Mike loves flowers. Rudi like swimming. ', 13577265.2076104, 112, 173, NULL),
(262, 364315811, 'I like sports. Mike watches football. ', 'I watches football. Mike like swimming. ', 'I watches football. I watches football. ', 454168.47344954545, 80, 147, NULL),
(264, 521236275, 'Mike watches football. ', 'Mike watches football. ', 'Rudi loves flowers. ', 64910386.51493375, 54, 196, 1),
(265, 2029248604, 'Mike loves flowers. I watches football. ', 'I watches football. I watches football. ', 'I watches football. ', 61338268.32615381, 16, 131, 177),
(266, 486828559, 'Rudi loves flowers. Rudi like swimming. ', 'Mike like sports. Mike watches football.', 'Mike loves flowers. Mike like swimming. ', 58007894.81033377, 55, 67, NULL),
(267, 1923919688, 'Rudi loves flowers. ', 'Mike watches football. ', 'I loves flowers. ', 5538343.08933544, 81, 217, 11),
(268, 902629205, 'I like sports. Rudi like sports. ', 'Mike like sports. Mike loves flowers. ', 'I like sports. I loves flowers. ', 27397473.467564657, 64, 133, 127),
(269, 242363353, 'I like sports. I loves flowers. ', 'I watches football. I like swimming. ', 'Rudi loves flowers. Mike like sports. ', 20258470.585979294, 54, 125, 37),
(271, 507974048, 'Mike watches football. ', 'I loves flowers. Mike watches football. ', 'I watches football. Mike like sports. ', 60269520.82467549, 104, 47, 200),
(272, 436758310, 'Rudi like swimming. I loves flowers. ', 'I like sports. Mike watches football. ', 'I like sports. Rudi loves flowers. ', 23794156.84155849, 49, 42, 123),
(274, 526655161, 'I like sports. Mike watches football. ', 'Mike loves flowers. I like sports. ', 'I loves flowers. I watches football. ', 68005782.35530558, 118, 158, 92),
(275, 147060964, 'I loves flowers. Mike watches football. ', 'Rudi loves flowers. Mike loves flowers. ', 'I loves flowers. Mike watches football. ', 76191549.26857144, 5, 111, 186),
(277, 1507274023, 'I loves flowers. Rudi like sports. ', 'Rudi loves flowers. ', 'Mike loves flowers. Rudi loves flowers. ', 13623142.247200126, 19, 75, 219),
(278, 177310857, 'I loves flowers. I like swimming. ', 'Rudi like sports. Rudi loves flowers. ', 'Rudi like swimming. I loves flowers. ', 15158832.30920727, 136, 1, 153),
(280, 233478262, 'Mike like sports. Rudi watches football.', 'I watches football. Rudi loves flowers. ', 'Mike watches football. I like swimming. ', 62657453.774973184, 56, 43, 180),
(281, 907311770, 'Rudi like swimming. I loves flowers. ', 'Mike loves flowers. ', 'Mike watches football. ', 27929629.262696855, 100, 16, 20),
(282, 1448850730, 'I like swimming. ', 'Mike watches football. I loves flowers. ', 'Mike like sports. Rudi loves flowers. ', 75878494.97365132, 74, 30, 91),
(283, 244796637, 'Rudi like swimming. Mike like sports. ', 'I watches football. Mike loves flowers. ', 'I like sports. Mike loves flowers. ', 69601849.14022362, 68, 32, 66),
(284, 244796637, 'Rudi like swimming. Mike like sports. ', 'I watches football. Mike loves flowers. ', 'I like sports. Mike loves flowers. ', 69601849.14022362, 68, 32, 66),
(285, 275931942, 'Mike loves flowers. Mike loves flowers. ', 'I like sports. Mike loves flowers. ', 'I like swimming. I watches football. ', 99054390.08738612, 28, 201, 215),
(286, 1673153593, 'Mike loves flowers. Rudi loves flowers. ', 'Mike like sports. ', 'I watches football. Rudi loves flowers. ', 53317452.1753026, 114, 216, 220),
(287, 1673153593, 'Mike loves flowers. Rudi loves flowers. ', 'Mike like sports. ', 'I watches football. Rudi loves flowers. ', 53317452.1753026, 114, 216, 220),
(288, 613236733, 'Mike watches football. ', 'I watches football. Rudi loves flowers. ', 'Mike watches football. Mike like sports.', 14322610.132295465, 74, 181, 115),
(289, 862576238, 'I watches football. I watches football. ', 'I watches football. Rudi loves flowers. ', 'Mike loves flowers. Rudi like sports. ', 93078537.58249235, 81, 159, 143),
(290, 450722227, 'I like swimming. ', 'Mike watches football. I loves flowers. ', 'Mike watches football. I like sports. ', 6232117.944160209, 61, 175, 110),
(291, 450722227, 'I like swimming. ', 'Mike watches football. I loves flowers. ', 'Mike watches football. I like sports. ', 6232117.944160209, 61, 175, 110),
(292, 1953520287, 'Mike watches football. ', 'Rudi loves flowers. ', 'Mike like swimming. I like swimming. ', 49900139.86924732, 120, 122, 198),
(293, 605066624, 'I loves flowers. Mike watches football. ', 'I watches football. Rudi like sports. ', 'I loves flowers. Mike watches football. ', 83900660.30282544, 137, 105, 192),
(294, 605066624, 'I loves flowers. Mike watches football. ', 'I watches football. Rudi like sports. ', 'I loves flowers. Mike watches football. ', 83900660.30282544, 137, 105, 192),
(295, 2029585212, 'Rudi loves flowers. I like sports. ', 'I loves flowers. Rudi watches football. ', 'Mike watches football. Rudi like sports.', 81010569.11605628, 19, 115, 53),
(296, 204684871, 'Mike loves flowers. Rudi like sports. ', 'I loves flowers. ', 'I like swimming. I like sports. ', 26431402.731722355, 125, 69, 173),
(297, 204684871, 'Mike loves flowers. Rudi like sports. ', 'I loves flowers. ', 'I like swimming. I like sports. ', 26431402.731722355, 125, 69, 173),
(298, 637437987, 'I like swimming. Rudi watches football. ', 'I loves flowers. Mike like sports. ', 'I loves flowers. ', 90639529.61882031, 56, 169, 159),
(299, 1613179398, 'Rudi watches football. Rudi like sports.', 'Mike like sports. Mike watches football.', 'I loves flowers. Rudi like swimming. ', 59768927.3604988, 119, 171, 111),
(300, 1265715813, 'I watches football. I like sports. ', 'I watches football. Mike loves flowers. ', 'I watches football. I watches football. ', 45339171.28266558, 20, 99, 123),
(301, 894301156, 'I watches football. ', 'Mike watches football. ', 'I loves flowers. Mike watches football. ', 48787550.90861998, 70, 126, 15),
(302, 2041091787, 'Mike like sports. Rudi watches football.', 'I watches football. Mike like swimming. ', 'Mike loves flowers. Rudi like sports. ', 18046575.95469461, 52, 123, 215),
(303, 1127195135, 'I like swimming. Mike like sports. ', 'Mike watches football. Rudi like sports.', 'I loves flowers. Rudi loves flowers. ', 53356585.914065726, 101, 152, 35),
(304, 192731124, 'I watches football. I loves flowers. ', 'I watches football. Mike like sports. ', 'Rudi watches football. ', 81522641.31181926, 6, 98, 113),
(305, 192266298, 'I loves flowers. Rudi watches football. ', 'I like swimming. Mike watches football. ', 'Mike loves flowers. Rudi loves flowers. ', 77076480.56889956, 131, 36, 6),
(306, 4236552, 'Mike loves flowers. ', 'Mike watches football. Rudi like sports.', 'I like sports. Rudi watches football. ', 19334126.747868773, 31, 205, 139),
(308, 1186861084, 'Rudi watches football. ', 'Mike loves flowers. Mike like swimming. ', 'Mike loves flowers. Mike loves flowers. ', 40679060.19359423, 125, 126, 175),
(309, 1010215345, 'Mike like sports. Rudi like sports. ', 'Mike like swimming. I loves flowers. ', 'I loves flowers. Mike watches football. ', 78574368.74716341, 80, 78, 195),
(311, 89256640, 'I like sports. Mike loves flowers. ', 'Mike loves flowers. Rudi loves flowers. ', 'Mike like sports. Mike like sports. ', 19097727.84524295, 25, 39, 191),
(312, 1537707019, 'Mike like sports. Rudi watches football.', 'Mike watches football. Mike like sports.', 'Rudi like swimming. ', 67528421.34222001, 45, 44, 159),
(313, 902502653, 'I watches football. Mike like swimming. ', 'Mike watches football. Rudi like sports.', 'Mike watches football. ', 89579174.37715358, 44, 46, NULL),
(314, 1080485132, 'Mike watches football. I loves flowers. ', 'Mike like swimming. I like sports. ', 'Rudi like sports. Mike loves flowers. ', 47712346.911824346, 114, 101, 122),
(315, 1560730942, 'I watches football. Mike like swimming. ', 'I loves flowers. Mike loves flowers. ', 'Mike loves flowers. I watches football. ', 50244109.641572475, 121, 137, 195),
(316, 2003810573, 'Rudi like sports. I watches football. ', 'Rudi like sports. Mike watches football.', 'Rudi loves flowers. I like swimming. ', 28803793.10087783, 136, 189, 52),
(317, 1191754844, 'I loves flowers. Rudi watches football. ', 'Mike watches football. Mike like sports.', 'I like swimming. Rudi watches football. ', 13388869.338174148, 52, 188, 131),
(318, 1451323396, 'I watches football. I watches football. ', 'Mike like sports. ', 'Mike watches football. ', 33544610.23025218, 35, 165, 155),
(319, 855404507, 'Mike watches football. ', 'Mike like sports. Rudi watches football.', 'Mike like sports. I watches football. ', 55619605.622992665, 108, 98, NULL),
(320, 2131516371, 'Mike watches football. I loves flowers. ', 'I loves flowers. ', 'Rudi like sports. ', 46028923.39424741, 77, 193, NULL),
(321, 2131516371, 'Mike watches football. I loves flowers. ', 'I loves flowers. ', 'Rudi like sports. ', 46028923.39424741, 77, 193, NULL),
(322, 420178511, 'Mike loves flowers. Mike loves flowers. ', 'Mike like sports. Mike loves flowers. ', 'Mike watches football. ', 21512748.38661359, 122, 184, 37),
(323, 1336330861, 'I watches football. Mike like sports. ', 'I watches football. ', 'Mike loves flowers. ', 55317759.06562356, 127, 178, 70),
(324, 2054435728, 'Mike watches football. I like sports. ', 'Rudi like sports. ', 'Mike loves flowers. Rudi loves flowers. ', 9470676.585426241, 95, 137, NULL),
(325, 2054435728, 'Mike watches football. I like sports. ', 'Rudi like sports. ', 'Mike loves flowers. Rudi loves flowers. ', 9470676.585426241, 95, 137, NULL),
(326, 1964005721, 'Rudi loves flowers. Rudi like sports. ', 'Rudi loves flowers. Mike loves flowers. ', 'I like sports. Mike like sports. ', 41598927.82689606, 26, 44, 225),
(328, 964904094, 'Mike loves flowers. Mike loves flowers. ', 'Mike watches football. ', 'Rudi like swimming. Mike like swimming. ', 56940538.738821656, 131, 184, 184),
(329, 1695447341, 'Rudi like swimming. Rudi loves flowers. ', 'Mike like sports. Mike loves flowers. ', 'Rudi watches football. ', 84460754.00475244, 141, 60, 71),
(330, 301543882, 'Rudi loves flowers. ', 'I loves flowers. Rudi like swimming. ', 'Rudi loves flowers. ', 83240024.04987969, 64, 148, 208),
(331, 569106693, 'I loves flowers. Rudi watches football. ', 'Rudi watches football. ', 'Mike loves flowers. ', 59907142.37952182, 38, 179, 157),
(332, 569106693, 'I loves flowers. Rudi watches football. ', 'Rudi watches football. ', 'Mike loves flowers. ', 59907142.37952182, 38, 179, 157),
(333, 127095002, 'Mike loves flowers. ', 'Rudi like sports. I watches football. ', 'Mike watches football. ', 22956606.395588987, 99, 120, NULL),
(334, 873031126, 'I loves flowers. Rudi watches football. ', 'Mike watches football. ', 'Rudi loves flowers. Mike loves flowers. ', 44319955.31489798, 14, 47, 207),
(335, 660704602, 'I like sports. Mike loves flowers. ', 'I like swimming. Mike like swimming. ', 'Mike like sports. Rudi watches football.', 51466861.7558146, 32, 200, 104),
(337, 1231700946, 'I like swimming. ', 'I like sports. I watches football. ', 'Rudi loves flowers. Rudi loves flowers. ', 79082837.40816756, 128, 200, 158),
(338, 827676842, 'Rudi watches football. ', 'Mike watches football. I like sports. ', 'Mike like swimming. ', 33722170.36829062, 74, 172, 121),
(339, 299711074, 'I watches football. Mike like swimming. ', 'Mike like sports. Rudi watches football.', 'Mike like sports. ', 60929640.088649824, 120, 75, 106),
(340, 592786063, 'I watches football. ', 'Mike loves flowers. Rudi like sports. ', 'Rudi like swimming. Rudi like swimming. ', 81691511.13130374, 80, 4, 1),
(342, 1442984947, 'I loves flowers. Mike watches football. ', 'Rudi like swimming. Rudi loves flowers. ', 'I like swimming. Rudi watches football. ', 16213067.210607702, 111, 90, 67),
(343, 184738034, 'Rudi watches football. I like sports. ', 'Mike like sports. ', 'I like swimming. Mike like sports. ', 26132061.236324888, 59, 98, 56),
(345, 138291980, 'Mike loves flowers. Rudi loves flowers. ', 'I like sports. I watches football. ', 'Rudi watches football. Mike like sports.', 10279414.113661889, 38, 114, 135),
(346, 1752114584, 'I watches football. ', 'I loves flowers. Mike like sports. ', 'Mike like swimming. Rudi like sports. ', 27841306.346116256, 132, 152, 68),
(347, 1471777252, 'Mike loves flowers. Rudi loves flowers. ', 'Mike loves flowers. ', 'I loves flowers. Rudi watches football. ', 56846644.97148417, 54, 23, 48),
(348, 1471777252, 'Mike loves flowers. Rudi loves flowers. ', 'Mike loves flowers. ', 'I loves flowers. Rudi watches football. ', 56846644.97148417, 54, 23, 48),
(349, 115933414, 'Rudi loves flowers. ', 'Mike like sports. Rudi like swimming. ', 'I watches football. Mike like swimming. ', 65456606.04980964, 111, 53, 20),
(350, 1345406787, 'I like sports. Mike loves flowers. ', 'Rudi loves flowers. ', 'I loves flowers. ', 6455423.721685949, 21, 206, NULL),
(351, 1390198070, 'I watches football. Mike like swimming. ', 'I loves flowers. Mike watches football. ', 'Mike watches football. ', 19177462.0717192, 74, 164, 97),
(352, 1390198070, 'I watches football. Mike like swimming. ', 'I loves flowers. Mike watches football. ', 'Mike watches football. ', 19177462.0717192, 74, 164, 97),
(353, 1638253535, 'Mike like sports. Rudi watches football.', 'Mike watches football. ', 'I watches football. I loves flowers. ', 73822432.64470166, 29, 225, NULL),
(354, 443862937, 'I like sports. Mike loves flowers. ', 'Mike watches football. I like swimming. ', 'Mike loves flowers. Mike like sports. ', 24934267.35731422, 3, 11, 106);
INSERT INTO `ulleres` (`id`, `graduacioVidres`, `tipusMuntura`, `colorMuntura`, `ColorVidre`, `preu`, `marcaId`, `compraId`, `ventaId`) VALUES
(355, 417959404, 'Mike watches football. ', 'I loves flowers. Mike loves flowers. ', 'I loves flowers. Mike loves flowers. ', 28649115.756275013, 72, 71, 31),
(356, 1937498484, 'I loves flowers. Mike watches football. ', 'Mike loves flowers. Rudi loves flowers. ', 'I loves flowers. Mike watches football. ', 20867799.224179063, 126, 38, 169),
(357, 636737869, 'I watches football. Mike like sports. ', 'I loves flowers. Rudi like swimming. ', 'I watches football. I loves flowers. ', 79470393.76368415, 85, 18, 114),
(358, 1757245386, 'Mike like sports. Mike loves flowers. ', 'Mike like swimming. Rudi like sports. ', 'I watches football. Mike loves flowers. ', 24404936.441728774, 65, 102, 11),
(359, 101778383, 'Mike watches football. Mike like sports.', 'I like sports. I like swimming. ', 'I watches football. I loves flowers. ', 93494595.24572003, 135, 125, 48),
(360, 871909053, 'Rudi watches football. Rudi like sports.', 'I loves flowers. Rudi like sports. ', 'Rudi loves flowers. Mike like sports. ', 23958205.067627713, 119, 183, 144),
(361, 1815882213, 'Mike like sports. Mike watches football.', 'Rudi loves flowers. Rudi like swimming. ', 'I watches football. Rudi loves flowers. ', 54956780.46231256, 44, 16, 89),
(362, 727352581, 'I like swimming. Mike loves flowers. ', 'Rudi watches football. ', 'I watches football. Mike loves flowers. ', 34285825.257875234, 134, 56, 102),
(363, 330274926, 'I like swimming. I like sports. ', 'I like swimming. I watches football. ', 'I like swimming. Rudi watches football. ', 14448291.600571983, 34, 19, 165),
(364, 330274926, 'I like swimming. I like sports. ', 'I like swimming. I watches football. ', 'I like swimming. Rudi watches football. ', 14448291.600571983, 34, 19, 165),
(365, 842912994, 'Mike watches football. ', 'I like swimming. ', 'Rudi like sports. Rudi watches football.', 15620331.563940115, 45, 45, 33),
(366, 1229667235, 'Mike watches football. ', 'Mike watches football. ', 'I loves flowers. Rudi loves flowers. ', 56188685.157083206, 20, 38, 166),
(368, 759428173, 'Mike like swimming. Mike like swimming. ', 'Rudi loves flowers. ', 'Rudi loves flowers. Mike loves flowers. ', 97687155.09289299, 133, 82, 56),
(369, 710452877, 'Rudi loves flowers. Rudi loves flowers. ', 'Mike watches football. Mike like sports.', 'Mike loves flowers. I loves flowers. ', 78919013.24470733, 140, 110, 175),
(370, 238087910, 'I loves flowers. I watches football. ', 'Mike like swimming. Rudi loves flowers. ', 'Mike like swimming. I watches football. ', 78758101.24633637, 72, 87, 86),
(371, 238087910, 'I loves flowers. I watches football. ', 'Mike like swimming. Rudi loves flowers. ', 'Mike like swimming. I watches football. ', 78758101.24633637, 72, 87, 86),
(372, 1693309781, 'Mike loves flowers. ', 'Mike watches football. ', 'Rudi like swimming. Mike like sports. ', 81917083.66986215, 33, 22, 221),
(373, 38214407, 'I watches football. ', 'I like sports. I watches football. ', 'I loves flowers. Mike watches football. ', 6577136.455417787, 24, 179, 174),
(374, 1429434763, 'Mike watches football. Rudi like sports.', 'I loves flowers. I watches football. ', 'Mike loves flowers. Mike like sports. ', 83561809.68041736, 87, 212, 112),
(375, 734377019, 'Rudi watches football. ', 'Mike loves flowers. Rudi loves flowers. ', 'Mike watches football. ', 2105537.9614072, 7, 105, 13),
(377, 1515637745, 'I loves flowers. Mike like sports. ', 'Mike watches football. Rudi like sports.', 'I watches football. Mike like sports. ', 14616088.05874285, 130, 214, 214),
(378, 767039249, 'Mike like sports. ', 'Rudi like swimming. ', 'Mike loves flowers. ', 61336886.657009125, 128, 107, 194),
(380, 585654464, 'I watches football. ', 'Mike watches football. ', 'Rudi like swimming. Rudi loves flowers. ', 42760784.69815746, 83, 45, 170),
(381, 1290010959, 'Mike watches football. ', 'I loves flowers. ', 'I like swimming. Mike loves flowers. ', 35871992.84119007, 51, 187, 98),
(383, 1319500228, 'Mike watches football. I loves flowers. ', 'Mike like sports. Rudi watches football.', 'Mike loves flowers. Mike loves flowers. ', 77516990.7823286, 129, 92, 157),
(384, 146593376, 'Mike watches football. Mike like sports.', 'Mike like swimming. Rudi loves flowers. ', 'Rudi like sports. I loves flowers. ', 55705204.659709096, 104, 217, 81),
(385, 1257353980, 'Mike watches football. ', 'Mike loves flowers. Rudi loves flowers. ', 'Mike like sports. Rudi watches football.', 87617134.76230097, 95, 115, 92),
(386, 1974767972, 'I watches football. Mike like swimming. ', 'Mike like sports. Mike like sports. ', 'I loves flowers. Rudi watches football. ', 92707550.0224869, 69, 147, 134),
(387, 1900976850, 'I watches football. I watches football. ', 'I watches football. ', 'Mike loves flowers. Mike loves flowers. ', 52112736.34713552, 133, 169, 201),
(388, 1888155421, 'Rudi like swimming. I watches football. ', 'I watches football. Mike loves flowers. ', 'Rudi like swimming. Mike like swimming. ', 74506731.72549357, 104, 203, 128),
(389, 1766265937, 'I like sports. Mike watches football. ', 'I watches football. Rudi like swimming. ', 'I watches football. Rudi like sports. ', 79969030.49498887, 39, 58, 34),
(390, 164435523, 'Mike watches football. ', 'Mike like swimming. I like sports. ', 'Rudi watches football. I loves flowers. ', 84552950.3839124, 137, 179, 103),
(391, 283330370, 'Mike loves flowers. Rudi like swimming. ', 'I watches football. I like swimming. ', 'Mike like swimming. I watches football. ', 43173611.68583781, 36, 6, 121),
(392, 283330370, 'Mike loves flowers. Rudi like swimming. ', 'I watches football. I like swimming. ', 'Mike like swimming. I watches football. ', 43173611.68583781, 36, 6, 121),
(393, 1980164499, 'Rudi loves flowers. Mike loves flowers. ', 'Rudi loves flowers. Mike loves flowers. ', 'Mike like swimming. Mike like sports. ', 50116814.730117984, 44, 70, 136),
(394, 1852942370, 'Mike watches football. Rudi like sports.', 'I loves flowers. Mike watches football. ', 'Mike loves flowers. Rudi like swimming. ', 71578917.27156833, 132, 101, 133),
(395, 631503111, 'Rudi like swimming. Rudi loves flowers. ', 'Rudi like sports. ', 'I loves flowers. I watches football. ', 52282924.46545333, 48, 149, 63),
(396, 1137002526, 'I loves flowers. Mike like swimming. ', 'Mike watches football. ', 'Rudi like sports. Rudi watches football.', 89627461.47190832, 39, 123, 146),
(397, 1949505381, 'I loves flowers. I loves flowers. ', 'Mike like sports. Rudi watches football.', 'Rudi like sports. Rudi watches football.', 16907858.309660416, 125, 77, 26),
(398, 400821650, 'I like sports. Rudi like swimming. ', 'I like sports. I like sports. ', 'I watches football. I like swimming. ', 83696420.53044575, 51, 203, 100),
(399, 1474375835, 'Mike watches football. Mike like sports.', 'Mike like swimming. Rudi loves flowers. ', 'Mike like swimming. I watches football. ', 11437364.190254917, 113, 80, NULL),
(400, 1474375835, 'Mike watches football. Mike like sports.', 'Mike like swimming. Rudi loves flowers. ', 'Mike like swimming. I watches football. ', 11437364.190254917, 113, 80, NULL),
(401, 2016445265, 'Mike like swimming. I watches football. ', 'I loves flowers. Rudi watches football. ', 'Mike like swimming. Mike like swimming. ', 61921078.10075168, 109, 34, 81),
(402, 817142338, 'I loves flowers. Rudi watches football. ', 'Mike watches football. ', 'I watches football. I like sports. ', 76926918.51272438, 58, 55, 41),
(404, 2061707804, 'Mike watches football. ', 'Rudi watches football. ', 'Mike like sports. Mike loves flowers. ', 94556474.3739222, 138, 187, 58),
(405, 1547587974, 'Rudi watches football. I loves flowers. ', 'Rudi loves flowers. Mike loves flowers. ', 'Mike like swimming. Mike like sports. ', 76781086.24126914, 79, 116, 225),
(406, 79438022, 'Mike like sports. Mike loves flowers. ', 'Mike watches football. I like sports. ', 'I watches football. I watches football. ', 98143756.94468749, 19, 56, 22),
(407, 1686731120, 'I loves flowers. Mike watches football. ', 'I loves flowers. Rudi loves flowers. ', 'Mike watches football. Rudi like sports.', 7728175.649431312, 136, 19, 168),
(408, 1686731120, 'I loves flowers. Mike watches football. ', 'I loves flowers. Rudi loves flowers. ', 'Mike watches football. Rudi like sports.', 7728175.649431312, 136, 19, 168),
(409, 613927095, 'I like sports. Mike watches football. ', 'Rudi like sports. Mike loves flowers. ', 'Mike watches football. Mike like sports.', 79723023.26993316, 72, 146, 138),
(411, 1206847758, 'Rudi like swimming. Mike loves flowers. ', 'Rudi loves flowers. ', 'Mike loves flowers. I loves flowers. ', 65254376.29173717, 138, 216, 205),
(412, 1804498777, 'Mike like sports. I like swimming. ', 'Mike like sports. Mike like sports. ', 'Rudi like sports. ', 49600548.31155279, 3, 225, 164),
(413, 1538809739, 'Mike watches football. I like swimming. ', 'I loves flowers. Mike loves flowers. ', 'I like swimming. Mike watches football. ', 4283071.983373343, 100, 154, 199),
(415, 342136379, 'I watches football. ', 'Mike loves flowers. Rudi like swimming. ', 'Mike watches football. ', 7899304.364731286, 103, 30, 119),
(416, 1670579532, 'Mike loves flowers. Mike loves flowers. ', 'Mike like sports. Mike like sports. ', 'Mike loves flowers. Rudi like sports. ', 53350360.5764367, 69, 168, 215),
(417, 757475035, 'I loves flowers. ', 'Rudi watches football. Rudi like sports.', 'I watches football. Rudi like swimming. ', 70233161.52155201, 115, 141, 67),
(418, 757475035, 'I loves flowers. ', 'Rudi watches football. Rudi like sports.', 'I watches football. Rudi like swimming. ', 70233161.52155201, 115, 141, 67),
(419, 485066657, 'I like sports. Mike watches football. ', 'I loves flowers. Mike loves flowers. ', 'Rudi loves flowers. Rudi like swimming. ', 19924362.211809922, 65, 205, 218),
(420, 1077867574, 'I loves flowers. Rudi watches football. ', 'I like sports. Rudi loves flowers. ', 'Rudi loves flowers. Mike like sports. ', 88787523.71917148, 71, 114, 70),
(421, 1573079801, 'I loves flowers. Rudi like swimming. ', 'Mike loves flowers. Mike like swimming. ', 'I loves flowers. ', 62368252.0177705, 59, 14, 186),
(423, 847988652, 'Rudi like sports. ', 'Mike like swimming. Mike like swimming. ', 'Mike like sports. ', 12476559.727919035, 46, 120, 147),
(424, 386417653, 'Mike loves flowers. Mike loves flowers. ', 'Mike watches football. ', 'Mike watches football. ', 489480.98348763346, 102, 32, 110),
(425, 1327153690, 'I like sports. ', 'Mike watches football. ', 'Mike watches football. ', 67203261.9580622, 134, 220, 35),
(426, 852501011, 'Rudi like sports. Mike like sports. ', 'Mike loves flowers. I loves flowers. ', 'Rudi loves flowers. Mike like swimming. ', 51262583.836255535, 123, 50, 54),
(428, 299841672, 'Rudi like swimming. Mike like swimming. ', 'Mike loves flowers. Rudi loves flowers. ', 'Mike watches football. ', 43556555.362168916, 122, 71, 15),
(429, 1755545954, 'I like swimming. ', 'Rudi watches football. I loves flowers. ', 'I watches football. Mike like sports. ', 18077422.57464464, 131, 11, 39),
(430, 195619898, 'I loves flowers. Mike watches football. ', 'I watches football. ', 'Rudi watches football. Rudi like sports.', 80809655.47596012, 140, 173, NULL),
(431, 320813111, 'Mike like swimming. Rudi loves flowers. ', 'I watches football. Rudi loves flowers. ', 'I like swimming. I watches football. ', 45398960.53365021, 16, 9, 91);

-- --------------------------------------------------------

--
-- Structure de la table `venta`
--

CREATE TABLE `venta` (
  `id` int(10) UNSIGNED NOT NULL,
  `dataV` date NOT NULL,
  `clientId` int(10) UNSIGNED NOT NULL,
  `empleatId` int(10) UNSIGNED NOT NULL,
  `preuTotal` double NOT NULL
) ENGINE=InnoDB DEFAULT CHARSET=utf8mb4 COLLATE=utf8mb4_general_ci;

--
-- Déchargement des données de la table `venta`
--

INSERT INTO `venta` (`id`, `dataV`, `clientId`, `empleatId`, `preuTotal`) VALUES
(1, '2014-08-14', 154, 104, 73060946.02878371),
(2, '2002-01-03', 58, 77, 91871401.385551),
(3, '2008-03-14', 191, 11, 91860711.89908658),
(4, '2008-02-24', 1, 116, 67955716.37816596),
(5, '2004-02-26', 102, 10, 7838777.450255496),
(6, '2000-09-21', 181, 80, 2481356.043541838),
(7, '2006-08-27', 210, 112, 69925169.34753202),
(8, '2013-03-06', 8, 79, 80493696.43305346),
(9, '2019-05-10', 182, 31, 15123210.213417403),
(10, '2014-03-19', 195, 122, 92458104.22363743),
(11, '2000-02-14', 210, 92, 76383542.59288844),
(12, '2003-01-20', 90, 49, 338070.88945944083),
(13, '2019-04-10', 46, 117, 73642318.4878915),
(14, '2003-03-11', 108, 10, 95622009.71497884),
(15, '2018-10-18', 15, 5, 82364909.54363953),
(16, '2011-01-30', 179, 57, 18868296.808848295),
(17, '2018-12-11', 157, 117, 32609877.602076508),
(18, '2018-03-21', 50, 19, 75154841.22780623),
(19, '2018-09-28', 201, 134, 28041953.520639118),
(20, '2009-09-28', 115, 124, 23011387.26913681),
(21, '2007-12-11', 7, 21, 80762357.61667795),
(22, '2018-04-12', 22, 101, 75921257.46067487),
(23, '2006-12-13', 141, 130, 78137650.29039796),
(24, '2003-03-09', 166, 79, 89308447.21729952),
(25, '2005-11-18', 181, 141, 52404668.601780966),
(26, '2007-05-19', 75, 7, 5141979.252497208),
(27, '2010-02-16', 12, 74, 34681494.7191277),
(28, '2017-04-15', 55, 19, 48021421.56413753),
(29, '2002-04-27', 80, 139, 90658149.39341068),
(30, '2010-10-14', 201, 65, 57046701.8161824),
(31, '2015-05-30', 69, 22, 55773225.188546486),
(32, '2011-09-01', 109, 74, 57175706.31498931),
(33, '2013-03-13', 211, 75, 89764460.23774922),
(34, '2000-11-04', 138, 63, 21451212.268385734),
(35, '2003-02-19', 117, 14, 32334590.14791076),
(36, '2015-03-27', 66, 117, 14813148.238885254),
(37, '2007-07-25', 95, 61, 68084110.99362795),
(38, '2012-06-24', 168, 56, 93644556.96536724),
(39, '2002-10-18', 11, 57, 56177464.96684649),
(40, '2017-08-02', 33, 11, 29233886.046795666),
(41, '2013-11-24', 121, 38, 81338652.3216696),
(42, '2009-01-01', 32, 132, 33538550.856089633),
(43, '2016-02-08', 181, 23, 72189167.75907429),
(44, '2000-02-05', 123, 104, 61634358.98883276),
(45, '2000-02-06', 46, 66, 71680578.35261807),
(46, '2017-01-16', 48, 16, 5723294.119311617),
(47, '2010-06-18', 30, 134, 45033567.73138356),
(48, '2000-06-20', 136, 17, 53302779.18238518),
(49, '2014-11-17', 204, 127, 62335230.4165141),
(50, '2014-02-06', 129, 45, 68888777.48072839),
(51, '2002-11-03', 47, 74, 86489183.16827081),
(52, '2005-07-02', 140, 75, 50412168.097636476),
(53, '2009-08-20', 127, 78, 49844117.25232754),
(54, '2001-07-04', 6, 52, 73014078.06615564),
(55, '2010-11-21', 126, 34, 83393163.82886249),
(56, '2012-03-18', 155, 50, 43455093.31474967),
(57, '2011-07-17', 50, 99, 16349214.795124145),
(58, '2019-02-05', 154, 19, 65792027.7338655),
(59, '2004-02-05', 179, 136, 38132644.633535564),
(60, '2005-06-25', 2, 14, 45493024.640449956),
(61, '2012-06-19', 141, 47, 82892996.03621867),
(62, '2003-10-21', 113, 58, 5948656.00973129),
(63, '2003-09-11', 168, 35, 83722709.29369621),
(64, '2000-01-10', 2, 47, 43647217.88657231),
(65, '2000-03-19', 25, 58, 51369062.77280433),
(66, '2013-09-02', 175, 61, 30433129.789687674),
(67, '2003-03-22', 22, 18, 63732765.30230791),
(68, '2009-09-22', 21, 31, 71636902.24381244),
(69, '2003-07-24', 8, 108, 37543434.45723606),
(70, '2009-10-01', 180, 9, 24895285.68156514),
(71, '2010-10-22', 198, 64, 73670825.82994065),
(72, '2002-07-13', 158, 28, 67674463.10366759),
(73, '2019-06-23', 53, 23, 80476689.02423775),
(74, '2002-08-09', 170, 34, 2434291.4814365124),
(75, '2004-11-27', 116, 62, 44907895.88170401),
(76, '2004-02-15', 8, 58, 1656234.6671254225),
(77, '2007-11-21', 46, 38, 24712298.67086524),
(78, '2016-11-29', 25, 51, 4293354.15834895),
(79, '2004-05-08', 28, 68, 14822205.651656872),
(80, '2008-02-17', 210, 63, 78341377.18471341),
(81, '2008-08-21', 11, 69, 10756709.26292025),
(82, '2018-12-30', 66, 74, 97991802.26267497),
(83, '2004-08-30', 26, 68, 67565821.2241573),
(84, '2010-06-01', 117, 75, 49090279.09206425),
(85, '2017-10-18', 12, 47, 76661798.01885639),
(86, '2007-09-29', 71, 100, 63327304.91683498),
(87, '2000-10-07', 92, 45, 48703717.75920436),
(88, '2005-06-04', 77, 49, 93737786.02192594),
(89, '2011-11-06', 94, 121, 68930541.34604648),
(90, '2002-04-04', 76, 39, 24747338.714346133),
(91, '2013-02-07', 51, 8, 53948085.15934359),
(92, '2004-07-29', 167, 133, 66305485.07067242),
(93, '2002-05-25', 166, 129, 84501891.61355765),
(94, '2019-11-02', 52, 121, 9780486.5602941),
(95, '2013-01-18', 163, 104, 67308348.13114965),
(96, '2011-09-22', 121, 131, 33511168.407418113),
(97, '2019-09-08', 68, 77, 17230975.88856778),
(98, '2019-03-30', 195, 133, 87534513.2950584),
(99, '2004-02-19', 147, 30, 77199930.7897979),
(100, '2005-04-21', 113, 16, 73412523.45133734),
(101, '2007-06-29', 188, 8, 62065943.232095085),
(102, '2007-04-04', 82, 104, 68709569.80575776),
(103, '2009-04-07', 83, 15, 30402564.960752666),
(104, '2017-07-26', 84, 130, 43025983.33274414),
(105, '2006-09-03', 33, 76, 38032863.11534162),
(106, '2005-10-24', 147, 33, 29141316.8353737),
(107, '2008-11-11', 31, 80, 93231510.89538476),
(108, '2001-01-10', 158, 25, 68390586.76100798),
(109, '2010-01-30', 34, 38, 27175328.805054143),
(110, '2003-09-02', 94, 7, 52580137.97054332),
(111, '2019-12-24', 117, 101, 76882771.96409553),
(112, '2012-09-26', 168, 57, 58300603.49456423),
(113, '2012-08-10', 20, 134, 90755510.89875746),
(114, '2005-07-23', 47, 80, 75229019.22266868),
(115, '2018-03-11', 31, 11, 49635992.171874344),
(116, '2006-10-26', 53, 39, 93809592.26605338),
(117, '2010-02-25', 130, 35, 16308559.595815053),
(118, '2005-04-25', 192, 99, 54504089.35164518),
(119, '2009-10-30', 111, 122, 2446455.044919016),
(120, '2002-05-02', 38, 24, 99612446.9270159),
(121, '2008-07-29', 7, 67, 69552462.31744234),
(122, '2002-09-26', 59, 33, 77548218.26542266),
(123, '2006-02-28', 116, 20, 56430150.57931532),
(124, '2010-12-03', 128, 35, 60540913.34622541),
(125, '2014-05-07', 124, 87, 73690579.90665576),
(126, '2009-11-22', 186, 12, 71219467.91236198),
(127, '2019-04-01', 100, 89, 843654.795851223),
(128, '2000-04-22', 199, 40, 6661954.188203545),
(129, '2004-03-10', 192, 93, 15304223.096515179),
(130, '2007-03-07', 49, 38, 74592615.33960551),
(131, '2003-06-15', 9, 108, 28383115.053069476),
(132, '2004-11-06', 169, 135, 53847250.287557304),
(133, '2010-12-24', 92, 22, 80817862.75747754),
(134, '2016-01-09', 171, 20, 87453348.00375551),
(135, '2011-02-09', 78, 61, 90974375.33650002),
(136, '2002-03-13', 194, 44, 53186023.13796034),
(137, '2011-10-04', 168, 55, 60429612.48039943),
(138, '2010-05-17', 137, 84, 13831169.808058064),
(139, '2015-10-14', 65, 21, 33698863.55872178),
(140, '2010-07-14', 132, 82, 72242289.22546105),
(141, '2013-12-24', 136, 1, 17434907.984028492),
(142, '2007-03-15', 80, 54, 78308412.63211116),
(143, '2004-02-03', 155, 127, 77097574.63408075),
(144, '2008-11-06', 95, 19, 3911536.068306909),
(145, '2005-02-05', 144, 127, 10031330.99546294),
(146, '2013-12-28', 126, 41, 4659242.853034984),
(147, '2015-07-23', 111, 38, 8818105.646930786),
(148, '2003-06-27', 210, 8, 74510753.63833277),
(149, '2004-07-01', 1, 107, 69977795.25874443),
(150, '2013-12-28', 129, 44, 11313821.942731516),
(151, '2019-08-30', 201, 136, 14417353.512573527),
(152, '2018-07-31', 122, 6, 1739600.9095158593),
(153, '2016-01-27', 70, 24, 87891391.08634661),
(154, '2014-10-12', 119, 136, 96209361.10611874),
(155, '2016-09-22', 130, 100, 24105183.05658146),
(156, '2001-10-20', 208, 48, 35279484.45694218),
(157, '2003-04-06', 35, 121, 28500391.265675984),
(158, '2008-09-30', 9, 121, 54781027.07745195),
(159, '2012-09-30', 101, 125, 77311962.41904904),
(160, '2006-06-01', 72, 49, 98051122.64675504),
(161, '2000-03-04', 193, 83, 832024.1998179712),
(162, '2013-02-01', 194, 120, 99162229.34212628),
(163, '2012-08-15', 56, 10, 10185590.484808682),
(164, '2007-06-16', 85, 12, 34530171.81636647),
(165, '2004-02-28', 156, 128, 38098853.84686658),
(166, '2018-03-18', 157, 64, 24105126.82126794),
(167, '2017-08-10', 54, 20, 52471248.36856413),
(168, '2006-01-31', 208, 12, 64024345.29666993),
(169, '2014-02-20', 133, 1, 99957676.77239902),
(170, '2016-03-01', 179, 120, 95698601.01453325),
(171, '2014-06-20', 171, 62, 79699766.69870499),
(172, '2008-07-18', 195, 58, 31444355.88929363),
(173, '2010-03-10', 111, 26, 95850055.44845),
(174, '2001-02-06', 78, 84, 22652427.410869647),
(175, '2019-09-28', 8, 3, 4208196.153994747),
(176, '2002-10-16', 200, 47, 45854976.85358808),
(177, '2003-01-24', 127, 63, 42293764.57495853),
(178, '2011-12-07', 201, 120, 6732658.99583727),
(179, '2014-03-18', 34, 49, 4238767.79303568),
(180, '2018-12-11', 3, 90, 97971335.47367443),
(181, '2016-06-24', 22, 2, 9279539.626567923),
(182, '2010-03-10', 194, 16, 58874784.29402149),
(183, '2002-06-22', 121, 59, 84210140.7936656),
(184, '2013-01-31', 104, 30, 51769535.319531515),
(185, '2012-05-03', 77, 18, 81337744.9713961),
(186, '2014-02-26', 190, 120, 10567493.693701135),
(187, '2009-08-21', 184, 107, 31227445.201626424),
(188, '2005-04-26', 21, 119, 12509593.577909583),
(189, '2001-12-29', 109, 102, 57374644.11724689),
(190, '2001-04-08', 63, 32, 46291391.42798896),
(191, '2012-05-05', 191, 64, 82995319.45924754),
(192, '2011-10-26', 158, 50, 83722518.54196535),
(193, '2000-07-24', 188, 36, 40038201.131524235),
(194, '2005-09-05', 78, 50, 32113351.022865444),
(195, '2011-10-30', 61, 55, 50520772.30424336),
(196, '2010-07-07', 119, 127, 39092389.85242242),
(197, '2001-06-17', 74, 134, 20158427.32713512),
(198, '2005-03-06', 202, 103, 17978624.473098848),
(199, '2001-06-24', 81, 137, 45340370.404162444),
(200, '2005-08-13', 9, 17, 51668051.619687885),
(201, '2013-08-06', 156, 8, 44717502.9706819),
(202, '2012-11-05', 181, 16, 46809232.18826491),
(203, '2005-08-07', 186, 94, 45478911.6892502),
(204, '2007-01-25', 201, 108, 42468101.54365491),
(205, '2012-01-30', 192, 116, 67839993.75127742),
(206, '2003-02-06', 66, 37, 12208558.021092953),
(207, '2016-12-28', 54, 115, 96944385.29514745),
(208, '2007-05-03', 19, 25, 33296606.4051516),
(209, '2007-01-28', 64, 93, 23453715.759386275),
(210, '2011-04-09', 157, 49, 68388485.72184111),
(211, '2011-12-22', 192, 116, 88286682.56008147),
(212, '2004-10-30', 168, 38, 14465997.83706647),
(213, '2005-11-03', 134, 27, 25556875.291396365),
(214, '2000-05-11', 36, 63, 10876802.70243896),
(215, '2017-07-12', 14, 47, 54595187.28726974),
(216, '2016-07-07', 167, 19, 67127456.54937515),
(217, '2014-11-19', 44, 103, 97437350.2328201),
(218, '2010-10-18', 130, 82, 14629035.568305315),
(219, '2008-06-18', 63, 49, 64283028.541455336),
(220, '2012-11-01', 1, 75, 12038006.168373605),
(221, '2007-07-08', 209, 61, 54725060.2555676),
(222, '2019-05-31', 13, 100, 37360259.2154588),
(223, '2005-06-04', 203, 10, 17103409.207547117),
(224, '2017-04-07', 5, 40, 91847446.97151668),
(225, '2014-08-06', 115, 37, 18818591.61584902);

--
-- Index pour les tables déchargées
--

--
-- Index pour la table `adreca`
--
ALTER TABLE `adreca`
  ADD PRIMARY KEY (`id`),
  ADD KEY `ind` (`id`);

--
-- Index pour la table `client`
--
ALTER TABLE `client`
  ADD PRIMARY KEY (`id`),
  ADD KEY `ind` (`id`),
  ADD KEY `adrecaId` (`adrecaId`);

--
-- Index pour la table `compra`
--
ALTER TABLE `compra`
  ADD PRIMARY KEY (`id`),
  ADD KEY `ind` (`id`),
  ADD KEY `poveidorId` (`poveidorId`);

--
-- Index pour la table `empleat`
--
ALTER TABLE `empleat`
  ADD PRIMARY KEY (`id`),
  ADD KEY `ind` (`id`);

--
-- Index pour la table `marca`
--
ALTER TABLE `marca`
  ADD PRIMARY KEY (`id`),
  ADD KEY `ind` (`id`);

--
-- Index pour la table `marcaprovridor`
--
ALTER TABLE `marcaprovridor`
  ADD PRIMARY KEY (`marcaId`,`proveidorid`),
  ADD KEY `ind` (`marcaId`),
  ADD KEY `proveidorid` (`proveidorid`);

--
-- Index pour la table `proveidor`
--
ALTER TABLE `proveidor`
  ADD PRIMARY KEY (`id`),
  ADD UNIQUE KEY `nif` (`nif`),
  ADD KEY `ind` (`id`),
  ADD KEY `adrecaId` (`adrecaId`);

--
-- Index pour la table `recomanat`
--
ALTER TABLE `recomanat`
  ADD PRIMARY KEY (`id`),
  ADD KEY `ind` (`nom`),
  ADD KEY `clientId` (`clientId`);

--
-- Index pour la table `ulleres`
--
ALTER TABLE `ulleres`
  ADD PRIMARY KEY (`id`),
  ADD KEY `ind` (`id`),
  ADD KEY `compraId` (`compraId`),
  ADD KEY `marcaId` (`marcaId`),
  ADD KEY `ventaId` (`ventaId`);

--
-- Index pour la table `venta`
--
ALTER TABLE `venta`
  ADD PRIMARY KEY (`id`),
  ADD KEY `ind` (`id`),
  ADD KEY `clientId` (`clientId`),
  ADD KEY `empleatId` (`empleatId`);

--
-- AUTO_INCREMENT pour les tables déchargées
--

--
-- AUTO_INCREMENT pour la table `adreca`
--
ALTER TABLE `adreca`
  MODIFY `id` int(10) UNSIGNED NOT NULL AUTO_INCREMENT, AUTO_INCREMENT=135;

--
-- AUTO_INCREMENT pour la table `client`
--
ALTER TABLE `client`
  MODIFY `id` int(10) UNSIGNED NOT NULL AUTO_INCREMENT, AUTO_INCREMENT=213;

--
-- AUTO_INCREMENT pour la table `compra`
--
ALTER TABLE `compra`
  MODIFY `id` int(10) UNSIGNED NOT NULL AUTO_INCREMENT, AUTO_INCREMENT=226;

--
-- AUTO_INCREMENT pour la table `empleat`
--
ALTER TABLE `empleat`
  MODIFY `id` int(10) UNSIGNED NOT NULL AUTO_INCREMENT, AUTO_INCREMENT=142;

--
-- AUTO_INCREMENT pour la table `marca`
--
ALTER TABLE `marca`
  MODIFY `id` int(10) UNSIGNED NOT NULL AUTO_INCREMENT, AUTO_INCREMENT=142;

--
-- AUTO_INCREMENT pour la table `proveidor`
--
ALTER TABLE `proveidor`
  MODIFY `id` int(10) UNSIGNED NOT NULL AUTO_INCREMENT, AUTO_INCREMENT=233;

--
-- AUTO_INCREMENT pour la table `recomanat`
--
ALTER TABLE `recomanat`
  MODIFY `id` int(10) UNSIGNED NOT NULL AUTO_INCREMENT, AUTO_INCREMENT=323;

--
-- AUTO_INCREMENT pour la table `ulleres`
--
ALTER TABLE `ulleres`
  MODIFY `id` int(10) UNSIGNED NOT NULL AUTO_INCREMENT, AUTO_INCREMENT=432;

--
-- AUTO_INCREMENT pour la table `venta`
--
ALTER TABLE `venta`
  MODIFY `id` int(10) UNSIGNED NOT NULL AUTO_INCREMENT, AUTO_INCREMENT=226;

--
-- Contraintes pour les tables déchargées
--

--
-- Contraintes pour la table `client`
--
ALTER TABLE `client`
  ADD CONSTRAINT `client_ibfk_1` FOREIGN KEY (`adrecaId`) REFERENCES `adreca` (`id`);

--
-- Contraintes pour la table `compra`
--
ALTER TABLE `compra`
  ADD CONSTRAINT `compra_ibfk_1` FOREIGN KEY (`poveidorId`) REFERENCES `proveidor` (`id`);

--
-- Contraintes pour la table `marcaprovridor`
--
ALTER TABLE `marcaprovridor`
  ADD CONSTRAINT `marcaprovridor_ibfk_1` FOREIGN KEY (`marcaId`) REFERENCES `marca` (`id`),
  ADD CONSTRAINT `marcaprovridor_ibfk_2` FOREIGN KEY (`proveidorid`) REFERENCES `proveidor` (`id`);

--
-- Contraintes pour la table `proveidor`
--
ALTER TABLE `proveidor`
  ADD CONSTRAINT `proveidor_ibfk_1` FOREIGN KEY (`adrecaId`) REFERENCES `adreca` (`id`);

--
-- Contraintes pour la table `recomanat`
--
ALTER TABLE `recomanat`
  ADD CONSTRAINT `recomanat_ibfk_1` FOREIGN KEY (`clientId`) REFERENCES `client` (`id`);

--
-- Contraintes pour la table `ulleres`
--
ALTER TABLE `ulleres`
  ADD CONSTRAINT `ulleres_ibfk_1` FOREIGN KEY (`compraId`) REFERENCES `compra` (`id`) ON DELETE CASCADE,
  ADD CONSTRAINT `ulleres_ibfk_2` FOREIGN KEY (`marcaId`) REFERENCES `marca` (`id`),
  ADD CONSTRAINT `ulleres_ibfk_3` FOREIGN KEY (`ventaId`) REFERENCES `venta` (`id`);

--
-- Contraintes pour la table `venta`
--
ALTER TABLE `venta`
  ADD CONSTRAINT `venta_ibfk_1` FOREIGN KEY (`clientId`) REFERENCES `client` (`id`),
  ADD CONSTRAINT `venta_ibfk_2` FOREIGN KEY (`empleatId`) REFERENCES `empleat` (`id`);
COMMIT;

/*!40101 SET CHARACTER_SET_CLIENT=@OLD_CHARACTER_SET_CLIENT */;
/*!40101 SET CHARACTER_SET_RESULTS=@OLD_CHARACTER_SET_RESULTS */;
/*!40101 SET COLLATION_CONNECTION=@OLD_COLLATION_CONNECTION */;
