-- phpMyAdmin SQL Dump
-- version 5.2.1
-- https://www.phpmyadmin.net/
--
-- Hôte : 127.0.0.1
-- Généré le : mar. 25 juil. 2023 à 01:41
-- Version du serveur : 10.4.28-MariaDB
-- Version de PHP : 8.2.4

SET SQL_MODE = "NO_AUTO_VALUE_ON_ZERO";
START TRANSACTION;
SET time_zone = "+00:00";


/*!40101 SET @OLD_CHARACTER_SET_CLIENT=@@CHARACTER_SET_CLIENT */;
/*!40101 SET @OLD_CHARACTER_SET_RESULTS=@@CHARACTER_SET_RESULTS */;
/*!40101 SET @OLD_COLLATION_CONNECTION=@@COLLATION_CONNECTION */;
/*!40101 SET NAMES utf8mb4 */;

--
-- Base de données : `pizzeria`
--

-- --------------------------------------------------------

--
-- Structure de la table `beguda`
--

CREATE TABLE `beguda` (
  `id` int(10) UNSIGNED NOT NULL,
  `categoria` varchar(10) DEFAULT NULL
) ENGINE=InnoDB DEFAULT CHARSET=utf8mb4 COLLATE=utf8mb4_general_ci;

--
-- Déchargement des données de la table `beguda`
--

INSERT INTO `beguda` (`id`, `categoria`) VALUES
(1, 'bdp'),
(2, 'hcp'),
(3, 'whb'),
(5, 'mjb'),
(6, 'eph'),
(7, 'bso'),
(8, 'lss'),
(9, 'tmv'),
(10, 'lml'),
(11, NULL),
(12, 'blr'),
(13, 'tjj'),
(14, 'dkh'),
(15, 'qfd'),
(16, 'ofx'),
(17, 'hcp'),
(18, 'urf'),
(19, 'inm'),
(20, 'uve'),
(21, 'xdj'),
(22, 'jkk'),
(23, 'wwu'),
(24, 'hdd'),
(25, 'utj'),
(26, 'sbn'),
(27, NULL),
(28, 'ceo'),
(29, 'glm'),
(30, 'btq'),
(31, 'axc'),
(32, 'vxf'),
(33, 'yxk'),
(34, 'mmd'),
(35, 'axk'),
(36, 'xav'),
(37, 'syf'),
(38, 'wuv'),
(39, 'uiq'),
(40, 'veg'),
(41, 'qwl'),
(44, 'gud'),
(45, 'nxq'),
(46, NULL),
(47, 'bpr'),
(48, 'jge'),
(49, 'tvn'),
(50, 'ion'),
(51, 'rer'),
(52, 'nie'),
(53, 'gkf'),
(54, 'bwb'),
(55, 'loh'),
(56, NULL),
(57, NULL),
(58, 'dcd'),
(59, 'jcc'),
(60, NULL),
(61, 'bet'),
(62, 'kbm'),
(63, 'jvu'),
(64, 'znx'),
(65, 'bjo'),
(66, 'ggs'),
(67, 'vrm'),
(68, NULL),
(69, 'rfa'),
(70, 'czp'),
(71, 'sdt'),
(72, 'lhk'),
(74, 'gwr'),
(75, 'vdp'),
(76, 'ant'),
(77, 'ngh'),
(78, 'sqa'),
(79, 'cxu'),
(80, 'fro'),
(81, 'ftx'),
(82, 'fqf'),
(83, 'ejw'),
(84, 'ynk'),
(85, 'tlj'),
(86, 'ici'),
(87, 'tqe'),
(89, 'kcr'),
(90, 'due'),
(92, 'clj'),
(93, 'kkb'),
(94, 'nqs'),
(95, 'oof'),
(99, 'wcc'),
(100, 'iqj'),
(101, 'zcl'),
(102, 'elv'),
(103, 'kwx'),
(104, 'kfi'),
(107, 'fbx'),
(108, 'eto'),
(109, 'und'),
(111, 'doa'),
(112, 'wos'),
(113, NULL),
(114, 'ujd'),
(115, 'mpv'),
(116, 'yim'),
(117, 'qdf'),
(118, 'tiw'),
(119, NULL),
(120, 'see'),
(121, 'ebj'),
(122, 'grj'),
(123, 'gls'),
(124, 'tfw'),
(125, 'qug'),
(126, 'zfj'),
(127, 'kme'),
(128, 'are'),
(129, 'snc'),
(130, 'ynd'),
(131, NULL),
(132, NULL),
(133, 'zpn'),
(134, 'zqx'),
(135, 'yyj'),
(136, 'xqi'),
(137, NULL),
(138, 'hpy'),
(139, 'hod'),
(140, NULL),
(141, 'xyx');

-- --------------------------------------------------------

--
-- Structure de la table `botiga`
--

CREATE TABLE `botiga` (
  `id` int(10) UNSIGNED NOT NULL,
  `adreca` varchar(150) NOT NULL,
  `codiPostal` int(11) NOT NULL,
  `localitatId` int(10) UNSIGNED NOT NULL
) ENGINE=InnoDB DEFAULT CHARSET=utf8mb4 COLLATE=utf8mb4_general_ci;

--
-- Déchargement des données de la table `botiga`
--

INSERT INTO `botiga` (`id`, `adreca`, `codiPostal`, `localitatId`) VALUES
(1, 'Anne has free time. Anne bought new car. Tony has free time. Tony has free time. John has free time. ', 1570126088, 159),
(2, 'Anne bought new car. Tony bought new car. John bought new car. John has free time. John has free time. ', 1935844031, 126),
(3, 'John bought new car. Tony has free time. John has free time. Tony is walking. John is shopping. ', 1066918394, 16),
(4, 'Tony is walking. Anne is walking. ', 2117154592, 174),
(5, 'Anne bought new car. Anne has free time. Tony has free time. Anne has free time. Anne is walking. ', 1840659868, 15),
(6, 'Anne bought new car. John has free time. John bought new car. Tony bought new car. John is shopping. ', 2120470093, 130),
(7, 'John has free time. Anne is walking. Anne has free time. Anne has free time. Anne has free time. ', 489965424, 166),
(8, 'Anne is walking. Anne is shopping. John has free time. Anne has free time. Anne has free time. ', 160618522, 129),
(9, 'Tony has free time. John is shopping. John bought new car. John has free time. ', 1595919047, 53),
(10, 'Tony bought new car. Tony is walking. ', 2039214544, 185),
(11, 'Anne is walking. Anne bought new car. Tony has free time. John is walking. John has free time. ', 65526659, 145),
(12, 'Anne is walking. John has free time. Anne bought new car. ', 1485318616, 81),
(13, 'John has free time. Anne is shopping. John bought new car. Tony bought new car. ', 1828992267, 174),
(14, 'Anne bought new car. Anne bought new car. Tony bought new car. Anne bought new car. Anne bought new car. ', 121863560, 15),
(15, 'Tony bought new car. Anne bought new car. ', 876785565, 8),
(16, 'John bought new car. Tony has free time. John has free time. John bought new car. Tony is walking. ', 756749168, 94),
(17, 'John is shopping. John is shopping. John is walking. John has free time. ', 2133925812, 175),
(18, 'Anne is walking. Anne is shopping. Tony is walking. Tony bought new car. John has free time. ', 1206768426, 31),
(19, 'Tony is shopping. Anne is walking. John bought new car. Tony bought new car. Tony is walking. ', 1022169017, 206),
(20, 'Anne bought new car. Anne has free time. Tony bought new car. John has free time. Tony has free time. ', 106110341, 188),
(21, 'John bought new car. Tony is shopping. John is shopping. Tony is shopping. Tony has free time. ', 1250420388, 36),
(22, 'John is shopping. John has free time. Anne bought new car. ', 1828030354, 155),
(23, 'Anne has free time. John is walking. Tony is shopping. Tony has free time. John is walking. ', 491073319, 196),
(24, 'Tony is walking. John is shopping. John has free time. John is shopping. Tony bought new car. ', 328964149, 129),
(25, 'John has free time. Anne bought new car. ', 2070007347, 216),
(26, 'Anne bought new car. Anne bought new car. Tony has free time. John has free time. Anne has free time. ', 499559765, 10),
(27, 'Anne is shopping. Anne is shopping. Anne is shopping. Tony has free time. Tony is shopping. ', 1324227872, 122),
(28, 'Tony bought new car. Anne has free time. Tony has free time. ', 1307592918, 32),
(29, 'Tony is shopping. John bought new car. Tony is walking. Tony has free time. John has free time. ', 531757751, 212),
(30, 'Anne bought new car. Anne bought new car. Anne has free time. Tony bought new car. Tony has free time. ', 1802512063, 107),
(31, 'Anne has free time. John has free time. John is shopping. John has free time. Tony is walking. ', 1479606320, 38),
(32, 'Tony has free time. Tony is walking. Tony bought new car. John bought new car. Tony has free time. ', 1712955679, 123),
(33, 'Anne has free time. John bought new car. Tony is walking. Tony bought new car. John has free time. ', 265695738, 124),
(34, 'John has free time. Anne is walking. ', 231014531, 103),
(35, 'Tony is walking. Tony is shopping. John bought new car. John bought new car. Tony is shopping. ', 70359707, 20),
(36, 'Anne is walking. Tony bought new car. ', 2002877782, 175),
(37, 'Tony bought new car. John bought new car. John has free time. Anne is shopping. Anne bought new car. ', 573006457, 100),
(38, 'Anne has free time. Anne bought new car. Tony bought new car. Anne bought new car. Anne bought new car. ', 1190581120, 92),
(39, 'John bought new car. Anne is shopping. ', 488052483, 94),
(40, 'Tony bought new car. Tony bought new car. Anne bought new car. John has free time. John is walking. ', 306801119, 17),
(41, 'John bought new car. Anne has free time. Anne has free time. ', 108721130, 67),
(42, 'Tony is shopping. Tony is walking. ', 281161585, 201),
(43, 'Anne is shopping. Anne bought new car. John bought new car. ', 124394731, 40),
(44, 'Anne has free time. Tony has free time. ', 988508620, 159),
(45, 'John bought new car. John bought new car. John bought new car. Tony has free time. Tony has free time. ', 1004920843, 108),
(46, 'John has free time. John bought new car. Tony has free time. Anne has free time. Anne bought new car. ', 543558809, 27),
(47, 'Anne has free time. Anne bought new car. ', 1695099879, 206),
(48, 'Anne bought new car. Anne is walking. ', 1657697649, 28),
(49, 'Tony bought new car. Anne has free time. Tony has free time. Anne has free time. John bought new car. ', 741511677, 192),
(50, 'Anne bought new car. Anne bought new car. John bought new car. John bought new car. John is walking. ', 1556039312, 73),
(51, 'John bought new car. John bought new car. ', 1899249900, 120),
(52, 'Anne is shopping. John is shopping. Anne has free time. Anne is walking. Anne has free time. ', 907479117, 124),
(53, 'Tony has free time. Anne is walking. John bought new car. John has free time. Tony has free time. ', 362450710, 128),
(54, 'Anne bought new car. Tony is shopping. Anne bought new car. Tony is walking. ', 335617623, 87),
(55, 'Tony has free time. Anne bought new car. John has free time. Tony bought new car. John has free time. ', 374391246, 58),
(56, 'Anne bought new car. John is shopping. John bought new car. Tony is shopping. John bought new car. ', 1209915257, 83),
(57, 'Anne has free time. Anne has free time. ', 208987943, 151),
(58, 'Anne bought new car. Tony is walking. ', 346277032, 32),
(59, 'John is shopping. Anne is walking. Tony bought new car. Tony has free time. John has free time. ', 1361490460, 209),
(60, 'Anne has free time. Anne is shopping. Tony bought new car. ', 1133811621, 24),
(61, 'John is walking. John is walking. Anne bought new car. Anne bought new car. Tony bought new car. ', 61500489, 76),
(62, 'Anne bought new car. Tony is shopping. ', 1195502579, 96),
(63, 'Anne bought new car. John has free time. ', 1282944731, 59),
(64, 'Anne is walking. John is shopping. Anne is walking. Tony has free time. Tony is shopping. ', 1048738717, 79),
(65, 'Anne bought new car. John is walking. Anne is shopping. ', 1944105894, 95),
(66, 'John is walking. Tony has free time. John bought new car. ', 87974585, 100),
(67, 'Tony has free time. John has free time. John bought new car. Tony is shopping. John is shopping. ', 989082393, 30),
(68, 'John bought new car. Tony is walking. John bought new car. ', 847327837, 54),
(69, 'Anne bought new car. John is shopping. Tony bought new car. Tony has free time. Tony bought new car. ', 1718410612, 162),
(70, 'Anne bought new car. John is walking. John has free time. John has free time. John is shopping. ', 707442196, 14),
(71, 'John bought new car. John bought new car. ', 1420141612, 104),
(72, 'Anne bought new car. Tony is walking. John is shopping. ', 1573088622, 47),
(73, 'John is walking. John has free time. Anne bought new car. Tony bought new car. Tony bought new car. ', 1514087666, 40),
(74, 'Tony is shopping. John is shopping. John bought new car. Anne bought new car. Tony bought new car. ', 1141365695, 57),
(75, 'Anne is shopping. Anne bought new car. John is shopping. John bought new car. Tony is walking. ', 2074068, 101),
(76, 'John has free time. Anne is walking. John bought new car. John has free time. Anne has free time. ', 2039344977, 96),
(77, 'Anne has free time. Anne is walking. ', 773339441, 66),
(78, 'Tony is shopping. John has free time. Anne bought new car. Tony bought new car. Tony has free time. ', 1352262686, 85),
(79, 'Anne is shopping. Anne has free time. Anne has free time. Tony has free time. Anne has free time. ', 382219873, 111),
(80, 'Anne bought new car. John bought new car. John has free time. John has free time. Tony is shopping. ', 1055662347, 102),
(81, 'Anne bought new car. John is shopping. Anne bought new car. John is walking. John has free time. ', 1954110780, 115),
(82, 'Tony is shopping. Anne is walking. Tony has free time. Anne is walking. Anne is walking. ', 606581965, 122),
(83, 'Anne is shopping. Tony has free time. John bought new car. John has free time. John bought new car. ', 1589777239, 110),
(84, 'Tony is shopping. John bought new car. Tony bought new car. Tony has free time. ', 579416414, 124),
(85, 'John bought new car. Tony has free time. ', 1390432218, 76),
(86, 'John bought new car. Anne is shopping. Tony is shopping. Tony is walking. Tony has free time. ', 1746914044, 153),
(87, 'Anne has free time. John is shopping. Anne bought new car. John has free time. John is walking. ', 1142351084, 73),
(88, 'Anne bought new car. Tony is walking. John bought new car. Tony bought new car. John has free time. ', 79084126, 81),
(89, 'John is walking. Anne is shopping. Tony bought new car. Tony has free time. Tony bought new car. ', 1325399101, 183),
(90, 'Anne is shopping. Anne is shopping. ', 372966688, 68),
(91, 'Anne is walking. John bought new car. John bought new car. Tony has free time. ', 232960925, 13),
(92, 'John bought new car. Tony has free time. Tony is shopping. John bought new car. Tony has free time. ', 1254748079, 203),
(93, 'Tony bought new car. Anne has free time. John bought new car. John bought new car. John bought new car. ', 835121724, 194),
(94, 'Tony has free time. Anne has free time. Tony has free time. Anne is shopping. Anne has free time. ', 1859548706, 182),
(95, 'Tony bought new car. Anne is shopping. John bought new car. John has free time. Anne has free time. ', 1130472073, 159),
(96, 'John bought new car. Anne is walking. Anne bought new car. Tony is shopping. Tony bought new car. ', 1930974551, 198),
(97, 'Tony bought new car. John is shopping. Tony bought new car. ', 1898227307, 126),
(98, 'Anne has free time. Anne has free time. John is shopping. ', 660422257, 203),
(99, 'Tony bought new car. Anne is walking. John is walking. John has free time. ', 803272158, 51),
(100, 'Anne has free time. Anne is shopping. Tony bought new car. ', 888995136, 28),
(101, 'Anne has free time. Anne bought new car. Anne bought new car. John is shopping. ', 1587444410, 12),
(102, 'John has free time. John is walking. John has free time. Tony is shopping. Anne has free time. ', 1874554653, 159),
(103, 'Anne bought new car. John is walking. Tony is shopping. Tony has free time. John is walking. ', 1941200105, 25),
(104, 'John has free time. Anne bought new car. Tony has free time. Tony is shopping. Tony bought new car. ', 577719842, 197),
(105, 'Anne has free time. Anne has free time. John is walking. ', 702909943, 125),
(106, 'Anne bought new car. Anne bought new car. John bought new car. Tony has free time. Tony bought new car. ', 1945301976, 57),
(107, 'Anne is shopping. Anne has free time. Anne bought new car. Tony bought new car. Anne has free time. ', 1399883845, 131),
(108, 'Anne bought new car. John bought new car. Anne bought new car. John has free time. John has free time. ', 148132249, 43),
(109, 'Anne bought new car. Tony has free time. Tony bought new car. ', 465458355, 66),
(110, 'John is walking. John is walking. Tony has free time. John has free time. Tony is walking. ', 688620863, 10),
(111, 'Tony bought new car. John has free time. ', 2110522593, 155),
(112, 'Anne bought new car. Anne is shopping. John has free time. John has free time. Tony has free time. ', 2060683647, 94),
(113, 'John is shopping. John bought new car. John bought new car. ', 1185610085, 205),
(114, 'John bought new car. Tony bought new car. John bought new car. Tony has free time. Tony has free time. ', 45523759, 130),
(115, 'Anne bought new car. Tony has free time. John bought new car. ', 1269260491, 17),
(116, 'Anne bought new car. Anne is shopping. Tony bought new car. Tony bought new car. Anne bought new car. ', 2098745342, 68),
(117, 'John has free time. Anne is walking. Tony bought new car. ', 1206486192, 59),
(118, 'John is walking. Anne bought new car. Tony bought new car. John bought new car. ', 555783838, 151),
(119, 'John bought new car. Anne has free time. ', 215848669, 185),
(120, 'Tony has free time. Anne has free time. John is walking. Tony is walking. Tony has free time. ', 1141423039, 40),
(121, 'Tony is walking. Anne has free time. Tony has free time. Tony is shopping. John has free time. ', 343330106, 110),
(122, 'Anne is shopping. Anne is shopping. John bought new car. Tony has free time. Anne has free time. ', 478641203, 56),
(123, 'Anne bought new car. John bought new car. ', 1201521543, 32),
(124, 'Anne has free time. Anne has free time. Tony bought new car. ', 1218121724, 60),
(125, 'Tony is shopping. Anne is shopping. Tony bought new car. Tony has free time. John is shopping. ', 854011968, 141),
(126, 'Anne is shopping. Anne is walking. Anne bought new car. ', 1313953456, 18),
(127, 'Anne is shopping. John has free time. John is walking. Tony bought new car. Tony bought new car. ', 1731142010, 143),
(128, 'Tony has free time. John is shopping. ', 915583316, 69),
(129, 'John bought new car. Anne is shopping. Tony bought new car. John has free time. John is shopping. ', 738595407, 148),
(130, 'John has free time. Anne has free time. John has free time. John has free time. John has free time. ', 1434069212, 66),
(131, 'Anne bought new car. John has free time. John bought new car. ', 840977550, 163),
(132, 'Anne bought new car. Tony is walking. Tony bought new car. John bought new car. Anne has free time. ', 1452123438, 207),
(133, 'Anne bought new car. Anne is walking. John is shopping. John has free time. ', 1766663780, 38),
(134, 'Anne bought new car. John is walking. Tony bought new car. ', 374544265, 33),
(135, 'Anne is shopping. Anne has free time. John bought new car. Anne has free time. Tony has free time. ', 2130890581, 101),
(136, 'Anne is walking. Anne is shopping. John has free time. Tony bought new car. Tony bought new car. ', 443258662, 72),
(137, 'Anne bought new car. Tony is walking. Tony has free time. Tony has free time. ', 694451993, 91),
(138, 'Tony is shopping. Anne is shopping. John has free time. Anne is walking. Tony has free time. ', 464229604, 137),
(139, 'Anne has free time. John bought new car. Tony has free time. John is shopping. Tony has free time. ', 32765572, 35),
(140, 'Anne bought new car. John is shopping. Anne bought new car. Tony has free time. John bought new car. ', 1521969040, 135),
(141, 'Tony has free time. Anne bought new car. Anne is shopping. Anne has free time. Tony bought new car. ', 670852772, 2),
(142, 'John bought new car. Anne has free time. John bought new car. John bought new car. John has free time. ', 161321322, 90),
(143, 'Anne bought new car. Anne is shopping. John is shopping. Tony has free time. Tony bought new car. ', 877915608, 192),
(144, 'Tony bought new car. Tony is walking. John is walking. Tony bought new car. John is shopping. ', 534528498, 31),
(145, 'Anne is walking. Tony is walking. John bought new car. John is shopping. Tony has free time. ', 259129082, 192),
(146, 'John bought new car. Tony is walking. John bought new car. Tony bought new car. John has free time. ', 1079359190, 70),
(147, 'Tony bought new car. John bought new car. John has free time. John is walking. Anne bought new car. ', 1126966174, 65),
(148, 'John has free time. Anne has free time. Tony is walking. Anne has free time. Tony is walking. ', 34552589, 12),
(149, 'John bought new car. John is shopping. Tony is walking. Anne is shopping. ', 1204791860, 161),
(150, 'Tony bought new car. Anne is walking. John has free time. Tony is walking. Tony is walking. ', 1599121995, 72),
(151, 'John has free time. Tony has free time. Tony has free time. John bought new car. Anne has free time. ', 535164266, 209),
(152, 'Anne bought new car. Tony bought new car. Tony bought new car. Tony has free time. Tony has free time. ', 1056339681, 9),
(153, 'Tony has free time. John is shopping. ', 937048727, 41),
(154, 'Anne bought new car. Anne has free time. John bought new car. ', 262559418, 209),
(155, 'Anne bought new car. Anne has free time. ', 1108518034, 153),
(156, 'John has free time. John has free time. Tony has free time. Tony has free time. Tony bought new car. ', 473356177, 80),
(157, 'Tony bought new car. John bought new car. Tony is shopping. Tony has free time. Anne has free time. ', 301722392, 183),
(158, 'John is walking. Anne bought new car. John has free time. Tony has free time. ', 1444691603, 183),
(159, 'Anne is shopping. Tony bought new car. Tony bought new car. Tony is walking. ', 1613074858, 189),
(160, 'John bought new car. Tony has free time. Tony has free time. Tony has free time. Anne is shopping. ', 170996457, 83),
(161, 'Anne bought new car. John bought new car. Anne bought new car. John has free time. Tony has free time. ', 1342054262, 136),
(162, 'Anne has free time. John has free time. John is shopping. Anne has free time. ', 735565543, 181),
(163, 'Anne has free time. John is walking. Anne bought new car. ', 1612825051, 15),
(164, 'Anne bought new car. Anne bought new car. ', 978850114, 18),
(165, 'Tony bought new car. Anne is walking. John bought new car. Tony bought new car. John is shopping. ', 228781186, 194),
(166, 'Anne bought new car. Tony is walking. John is walking. Tony bought new car. John has free time. ', 1051322571, 104),
(167, 'John is shopping. John bought new car. ', 6007219, 32),
(168, 'Anne bought new car. Tony is shopping. Anne has free time. Tony bought new car. Tony has free time. ', 10941276, 19),
(169, 'Tony bought new car. John is walking. Anne has free time. Tony is shopping. Anne bought new car. ', 55535750, 1),
(170, 'Anne is shopping. John is walking. John is shopping. Anne bought new car. ', 785408, 181),
(171, 'Anne bought new car. John has free time. Tony bought new car. Tony bought new car. Tony is walking. ', 999309984, 101),
(172, 'Anne bought new car. John has free time. John has free time. Tony bought new car. Anne has free time. ', 1608786075, 96),
(173, 'Anne is walking. Tony bought new car. John has free time. John is shopping. John has free time. ', 1998045988, 44),
(174, 'Anne has free time. Anne is walking. John bought new car. ', 336120165, 137),
(175, 'Tony has free time. John is walking. Anne has free time. Tony is walking. Tony has free time. ', 850552579, 5),
(176, 'John bought new car. Tony has free time. ', 209059199, 79),
(177, 'Anne is shopping. Anne bought new car. ', 329131474, 103),
(178, 'Tony bought new car. Anne has free time. ', 1063826596, 181),
(179, 'John bought new car. John is shopping. ', 1911518623, 81),
(180, 'Anne bought new car. Anne has free time. Tony bought new car. John is shopping. Anne is shopping. ', 28633576, 145),
(181, 'Anne has free time. Anne has free time. Anne bought new car. John bought new car. ', 827677727, 4),
(182, 'John bought new car. Tony is shopping. John bought new car. John is walking. Anne bought new car. ', 647712562, 28),
(183, 'Tony bought new car. Anne bought new car. Tony has free time. John is shopping. Anne is walking. ', 898383598, 97),
(184, 'Anne has free time. Anne is shopping. ', 2042799847, 52),
(185, 'Anne bought new car. Anne is walking. Anne bought new car. Tony has free time. John bought new car. ', 1071137845, 31),
(186, 'Anne is walking. John has free time. John bought new car. Tony has free time. ', 83288506, 181),
(187, 'Anne bought new car. Tony is walking. Anne is walking. John has free time. Tony has free time. ', 1717254218, 160),
(188, 'Anne bought new car. Tony is shopping. Tony has free time. ', 806372787, 179),
(189, 'Tony bought new car. Anne is shopping. John is walking. Tony is walking. John has free time. ', 572982908, 156),
(190, 'Anne bought new car. John bought new car. Anne is shopping. Anne has free time. Tony has free time. ', 2114387740, 54),
(191, 'John bought new car. Anne is walking. John is walking. ', 1554839904, 105),
(192, 'Anne is walking. Anne has free time. Anne bought new car. ', 1390124329, 84),
(193, 'Anne has free time. Anne has free time. ', 2042304005, 60),
(194, 'Tony bought new car. John has free time. Anne is walking. John has free time. Tony bought new car. ', 1220746746, 83),
(195, 'Anne is walking. Tony is walking. ', 331087729, 92),
(196, 'Anne is shopping. Tony is shopping. Tony bought new car. Anne has free time. ', 1745701028, 192),
(197, 'Anne has free time. Tony bought new car. ', 159578476, 205),
(198, 'Anne bought new car. Anne is shopping. ', 916863944, 157),
(199, 'Anne bought new car. John bought new car. John is shopping. Tony bought new car. John bought new car. ', 1454684641, 210),
(200, 'Anne is walking. Anne is shopping. Tony bought new car. John bought new car. Tony has free time. ', 771763717, 29),
(201, 'John is walking. Tony bought new car. Anne is shopping. Tony has free time. John bought new car. ', 183949948, 13),
(202, 'Anne has free time. Anne has free time. Tony is shopping. John is walking. Tony bought new car. ', 2126546497, 28),
(203, 'Tony bought new car. John bought new car. Anne is walking. ', 328916698, 148),
(204, 'Tony bought new car. Anne bought new car. Tony bought new car. Tony has free time. John is shopping. ', 685476772, 163),
(205, 'Anne bought new car. Anne has free time. Anne bought new car. Tony has free time. Anne has free time. ', 76996164, 174),
(206, 'Anne has free time. John bought new car. John is shopping. Anne has free time. John has free time. ', 1056706191, 65),
(207, 'John has free time. Tony is walking. Tony bought new car. Tony has free time. Tony is walking. ', 1735198383, 171),
(208, 'Tony is walking. Anne bought new car. Tony has free time. John is walking. John has free time. ', 424185665, 43),
(209, 'Tony has free time. John has free time. John bought new car. John has free time. Tony is shopping. ', 1782859283, 147),
(210, 'Anne has free time. Anne is shopping. Tony is shopping. John is shopping. John is shopping. ', 1408074285, 81),
(211, 'Tony bought new car. Anne has free time. Tony is shopping. Anne has free time. ', 570921287, 174),
(212, 'John is shopping. Anne is walking. ', 158102405, 65),
(213, 'Anne bought new car. Tony bought new car. Anne is walking. John has free time. John is walking. ', 218519272, 46),
(214, 'Anne bought new car. Tony is walking. Tony bought new car. Tony has free time. Anne has free time. ', 2041179793, 103),
(215, 'Anne bought new car. Anne bought new car. Tony bought new car. John has free time. John is shopping. ', 1869074811, 76),
(216, 'Tony bought new car. Anne is walking. ', 1898981099, 32),
(217, 'Anne is shopping. John has free time. Tony has free time. ', 552340091, 158),
(218, 'Tony bought new car. John is walking. ', 507153043, 134),
(219, 'Anne has free time. Anne is walking. Tony bought new car. Tony bought new car. Anne has free time. ', 118522150, 83),
(220, 'Anne has free time. Anne is shopping. ', 721320306, 124),
(221, 'Anne has free time. Tony bought new car. Tony bought new car. Tony has free time. Tony has free time. ', 1692108396, 100),
(222, 'Anne has free time. Tony is shopping. Anne has free time. John is walking. Anne has free time. ', 1751615747, 153),
(223, 'Tony has free time. Anne is walking. Anne bought new car. John is shopping. John bought new car. ', 963673764, 15),
(224, 'John bought new car. Tony has free time. John bought new car. Anne has free time. Tony bought new car. ', 239194914, 69),
(225, 'Anne bought new car. John has free time. John is shopping. John bought new car. Tony has free time. ', 1094737436, 65);

-- --------------------------------------------------------

--
-- Structure de la table `client`
--

CREATE TABLE `client` (
  `id` int(10) UNSIGNED NOT NULL,
  `nom` varchar(40) NOT NULL,
  `cognoms` varchar(100) NOT NULL,
  `adreca` varchar(151) NOT NULL,
  `codiPostal` int(11) NOT NULL,
  `telefon` varchar(9) NOT NULL
) ENGINE=InnoDB DEFAULT CHARSET=utf8mb4 COLLATE=utf8mb4_general_ci;

--
-- Déchargement des données de la table `client`
--

INSERT INTO `client` (`id`, `nom`, `cognoms`, `adreca`, `codiPostal`, `telefon`) VALUES
(1, 'I watches football. I watches football. ', 'Mike watches football. Rudi watches football. ', 'Tony is walking. Anne is walking. John bought new car. John is walking. ', 1972923321, 'vlt'),
(2, 'Rudi like swimming. I loves flowers. ', 'Mike watches football. I watches football. ', 'Tony is shopping. Tony is shopping. Anne bought new car. ', 1972693766, 'jvm'),
(3, 'Mike watches football. Mike like sports.', 'I like sports. Mike watches football. ', 'Tony has free time. Anne has free time. John is walking. Anne has free time. John has free time. ', 1459337896, 'sii'),
(5, 'I like sports. Rudi loves flowers. ', 'Rudi watches football. ', 'Tony is shopping. Anne is shopping. Anne has free time. Tony has free time. John is walking. ', 1501631576, 'cmm'),
(6, 'I watches football. I loves flowers. ', 'I like sports. Rudi watches football. ', 'Anne is shopping. Tony bought new car. ', 324768466, 'msm'),
(7, 'I loves flowers. Rudi watches football. ', 'I watches football. Mike watches football. ', 'Tony is shopping. Anne bought new car. John has free time. Tony bought new car. Tony has free time. ', 7260017, 'zjy'),
(8, 'Mike watches football. I like swimming. ', 'Rudi loves flowers. Mike watches football. ', 'John has free time. Tony has free time. ', 1581456746, 'wtu'),
(9, 'I watches football. Rudi loves flowers. ', 'Mike like sports. I like swimming. ', 'Tony bought new car. Tony is shopping. Anne has free time. John bought new car. Anne has free time. ', 2053467021, 'itm'),
(10, 'Mike like sports. ', 'I like swimming. ', 'Anne has free time. Anne has free time. ', 1768772963, 'tdt'),
(11, 'I watches football. Rudi loves flowers. ', 'Rudi loves flowers. Rudi like sports. ', 'Anne is shopping. Anne bought new car. ', 405193588, 'uix'),
(12, 'Mike like sports. Mike watches football.', 'I loves flowers. Mike watches football. ', 'John is shopping. Anne has free time. Tony has free time. Tony has free time. John bought new car. ', 700291788, 'aoq'),
(13, 'Mike watches football. I loves flowers. ', 'Rudi loves flowers. Rudi watches football. ', 'Anne bought new car. Anne has free time. John has free time. Tony has free time. John has free time. ', 1613937925, 'uku'),
(14, 'I watches football. Rudi like sports. ', 'I loves flowers. ', 'Anne has free time. Anne is shopping. Tony is walking. John bought new car. John has free time. ', 602196366, 'mcr'),
(15, 'Mike like sports. Mike loves flowers. ', 'Rudi loves flowers. ', 'Anne has free time. John is shopping. Anne has free time. ', 494165778, 'lka'),
(16, 'Mike watches football. I like swimming. ', 'Mike like swimming. Rudi loves flowers. ', 'John has free time. Tony has free time. John is shopping. Tony is walking. Anne has free time. ', 1734358422, 'xdi'),
(17, 'I loves flowers. Mike like sports. ', 'I loves flowers. Mike like swimming. ', 'Tony bought new car. Anne is shopping. Tony bought new car. John has free time. Tony is walking. ', 1630396588, 'lnv'),
(18, 'Rudi like sports. Rudi like swimming. ', 'Mike watches football. Rudi like swimming. ', 'Anne is walking. Tony is walking. Tony is shopping. Tony bought new car. ', 1917884299, 'jhc'),
(19, 'Mike loves flowers. I watches football. ', 'Mike loves flowers. ', 'Anne bought new car. Tony is walking. ', 1125381688, 'mlm'),
(20, 'I watches football. Rudi like sports. ', 'I loves flowers. ', 'Anne has free time. Anne is shopping. Tony is walking. John bought new car. John has free time. ', 602196366, 'mcr'),
(21, 'Mike like sports. Mike loves flowers. ', 'Rudi loves flowers. ', 'Anne has free time. John is shopping. Anne has free time. ', 494165778, 'lka'),
(22, 'Mike watches football. I like swimming. ', 'Mike like swimming. Rudi loves flowers. ', 'John has free time. Tony has free time. John is shopping. Tony is walking. Anne has free time. ', 1734358422, 'xdi'),
(23, 'I loves flowers. Mike like sports. ', 'I loves flowers. Mike like swimming. ', 'Tony bought new car. Anne is shopping. Tony bought new car. John has free time. Tony is walking. ', 1630396588, 'lnv'),
(24, 'Rudi like sports. Rudi like swimming. ', 'Mike watches football. Rudi like swimming. ', 'Anne is walking. Tony is walking. Tony is shopping. Tony bought new car. ', 1917884299, 'jhc'),
(25, 'Mike loves flowers. I watches football. ', 'Mike loves flowers. ', 'Anne bought new car. Tony is walking. ', 1125381688, 'mlm'),
(26, 'I watches football. I watches football. ', 'Rudi like swimming. I like sports. ', 'John is shopping. Tony bought new car. Tony has free time. John has free time. Tony has free time. ', 744779427, 'qgi'),
(27, 'Mike loves flowers. Rudi loves flowers. ', 'Rudi like swimming. Rudi watches football. ', 'Anne bought new car. Anne is shopping. Anne is shopping. John has free time. John has free time. ', 1197720890, 'hnl'),
(28, 'I like sports. ', 'Mike watches football. Rudi watches football. ', 'Tony has free time. John is shopping. Tony bought new car. Tony has free time. Anne is walking. ', 1227838943, 'esb'),
(29, 'I watches football. ', 'I watches football. Mike like sports. ', 'Anne bought new car. Anne is shopping. Tony is shopping. Tony bought new car. Anne is shopping. ', 1927677104, 'dui'),
(30, 'I loves flowers. Rudi watches football. ', 'Rudi like swimming. Mike loves flowers. ', 'Anne bought new car. John is walking. John bought new car. Tony is walking. ', 460661275, 'pro'),
(31, 'Rudi watches football. ', 'Mike like swimming. Rudi watches football. ', 'Anne has free time. Anne bought new car. Anne has free time. John is walking. John has free time. ', 694380035, 'xsz'),
(32, 'I like sports. Rudi like sports. ', 'Rudi watches football. I watches football. ', 'Tony bought new car. Anne bought new car. ', 1462095149, 'kvn'),
(33, 'I loves flowers. Rudi watches football. ', 'Rudi like swimming. Mike loves flowers. ', 'Anne bought new car. John is walking. John bought new car. Tony is walking. ', 460661275, 'pro'),
(34, 'Rudi watches football. ', 'Mike like swimming. Rudi watches football. ', 'Anne has free time. Anne bought new car. Anne has free time. John is walking. John has free time. ', 694380035, 'xsz'),
(35, 'I like sports. Rudi like sports. ', 'Rudi watches football. I watches football. ', 'Tony bought new car. Anne bought new car. ', 1462095149, 'kvn'),
(36, 'I watches football. ', 'Mike like sports. ', 'Tony bought new car. Anne bought new car. ', 2011001547, 'zoz'),
(37, 'Mike watches football. ', 'Mike like swimming. Rudi like swimming. ', 'Anne has free time. Anne bought new car. John has free time. John has free time. Tony has free time. ', 1206401873, 'eua'),
(38, 'Mike watches football. ', 'Mike like swimming. Rudi like swimming. ', 'Anne has free time. Anne bought new car. John has free time. John has free time. Tony has free time. ', 1206401873, 'eua'),
(39, 'I loves flowers. Mike like swimming. ', 'Rudi like sports. Mike watches football. ', 'Anne bought new car. Anne has free time. ', 1746734257, 'plu'),
(40, 'Mike like sports. ', 'I loves flowers. Mike watches football. ', 'Tony bought new car. Anne is shopping. John bought new car. Tony bought new car. ', 720234895, 'tok'),
(41, 'I watches football. ', 'Rudi loves flowers. I like swimming. ', 'Tony bought new car. John has free time. Tony bought new car. John has free time. Anne bought new car. ', 1550250572, 'nms'),
(44, 'Mike watches football. ', 'Rudi watches football. Mike like sports. ', 'Anne bought new car. Tony bought new car. Tony bought new car. Tony has free time. Tony is walking. ', 122906805, 'soo'),
(45, 'Mike like sports. Mike loves flowers. ', 'Mike loves flowers. Mike watches football. ', 'John bought new car. Anne is shopping. Tony bought new car. Tony is shopping. John bought new car. ', 967088502, 'kyy'),
(46, 'Mike loves flowers. Mike like sports. ', 'Mike like sports. Mike like swimming. ', 'Tony has free time. Anne is walking. John bought new car. John is walking. ', 1144668466, 'hdw'),
(47, 'Rudi watches football. ', 'Mike like sports. Rudi loves flowers. ', 'Tony bought new car. Tony is walking. Tony has free time. Tony bought new car. Tony has free time. ', 1338638879, 'nzl'),
(48, 'Rudi watches football. ', 'Mike like sports. Rudi loves flowers. ', 'Tony bought new car. Tony is walking. Tony has free time. Tony bought new car. Tony has free time. ', 1338638879, 'nzl'),
(49, 'Rudi loves flowers. Mike like swimming. ', 'Rudi watches football. Mike loves flowers. ', 'Tony is shopping. Anne is walking. John bought new car. Anne has free time. John has free time. ', 1857341064, 'udj'),
(50, 'Rudi loves flowers. ', 'Rudi watches football. Rudi loves flowers. ', 'Anne bought new car. Anne bought new car. Anne is walking. John has free time. John has free time. ', 1082593065, 'oir'),
(51, 'Rudi loves flowers. ', 'Rudi watches football. Rudi loves flowers. ', 'Anne bought new car. Anne bought new car. Anne is walking. John has free time. John has free time. ', 1082593065, 'oir'),
(52, 'I loves flowers. Rudi watches football. ', 'I like swimming. ', 'Tony bought new car. Tony is walking. Tony bought new car. John has free time. Tony bought new car. ', 1567965386, 'gbv'),
(53, 'Mike loves flowers. I loves flowers. ', 'Rudi watches football. Rudi watches football. ', 'Anne has free time. Tony is walking. Anne has free time. Tony is walking. Anne has free time. ', 1790854555, 'pjv'),
(54, 'Rudi like sports. Mike like swimming. ', 'Rudi watches football. Mike like sports. ', 'Tony bought new car. Tony has free time. Tony has free time. John is shopping. Tony has free time. ', 933191022, 'rku'),
(55, 'I watches football. I watches football. ', 'Mike like swimming. Mike loves flowers. ', 'Anne bought new car. John is walking. ', 351096714, 'gab'),
(56, 'Rudi loves flowers. Rudi like sports. ', 'Mike watches football. Mike watches football. ', 'John bought new car. Anne is shopping. Anne is shopping. John has free time. Anne has free time. ', 1412873036, 'wkh'),
(57, 'I like swimming. I like swimming. ', 'I watches football. Mike watches football. ', 'John bought new car. Anne is shopping. ', 818892307, 'ksj'),
(58, 'Rudi like swimming. Rudi like sports. ', 'I watches football. Mike watches football. ', 'Anne is walking. Anne is walking. Anne is walking. John has free time. Tony has free time. ', 976955264, 'tgd'),
(59, 'Mike like swimming. Mike like swimming. ', 'Mike loves flowers. I loves flowers. ', 'Anne is walking. Anne is shopping. John bought new car. John is shopping. Tony has free time. ', 1780113534, 'cip'),
(60, 'Mike loves flowers. Rudi loves flowers. ', 'Mike like sports. Rudi watches football. ', 'Anne bought new car. Tony has free time. Tony bought new car. Anne bought new car. John bought new car. ', 1103142222, 'kxa'),
(61, 'Mike loves flowers. I watches football. ', 'I like swimming. Rudi watches football. ', 'Tony has free time. Anne is walking. Anne bought new car. John has free time. Tony has free time. ', 653546485, 'vpj'),
(62, 'Rudi watches football. I loves flowers. ', 'Mike watches football. Rudi like sports. ', 'John bought new car. Tony is shopping. John has free time. Tony bought new car. John bought new car. ', 1368650712, 'twu'),
(63, 'Mike watches football. ', 'Mike watches football. Rudi watches football. ', 'John bought new car. Anne bought new car. Tony bought new car. Tony is shopping. Tony has free time. ', 1538390760, 'ufo'),
(64, 'Mike like swimming. Mike like swimming. ', 'Mike loves flowers. I loves flowers. ', 'Anne is walking. Anne is shopping. John bought new car. John is shopping. Tony has free time. ', 1780113534, 'cip'),
(65, 'Mike loves flowers. Rudi loves flowers. ', 'Mike like sports. Rudi watches football. ', 'Anne bought new car. Tony has free time. Tony bought new car. Anne bought new car. John bought new car. ', 1103142222, 'kxa'),
(66, 'Mike loves flowers. I watches football. ', 'I like swimming. Rudi watches football. ', 'Tony has free time. Anne is walking. Anne bought new car. John has free time. Tony has free time. ', 653546485, 'vpj'),
(67, 'Rudi watches football. I loves flowers. ', 'Mike watches football. Rudi like sports. ', 'John bought new car. Tony is shopping. John has free time. Tony bought new car. John bought new car. ', 1368650712, 'twu'),
(68, 'Mike watches football. ', 'Mike watches football. Rudi watches football. ', 'John bought new car. Anne bought new car. Tony bought new car. Tony is shopping. Tony has free time. ', 1538390760, 'ufo'),
(69, 'Mike watches football. ', 'Mike like swimming. Rudi like sports. ', 'Tony bought new car. Anne is shopping. Tony has free time. John has free time. Anne has free time. ', 806239115, 'ulo'),
(70, 'Rudi like swimming. ', 'I watches football. Rudi watches football. ', 'John has free time. John is shopping. Tony bought new car. John is shopping. John has free time. ', 1453298028, 'pro'),
(71, 'Rudi like swimming. I loves flowers. ', 'Mike watches football. Rudi watches football. ', 'Tony bought new car. John is walking. Tony bought new car. ', 1728223736, 'ncn'),
(72, 'I like sports. Rudi watches football. ', 'I watches football. Rudi loves flowers. ', 'Anne bought new car. Anne is walking. Anne bought new car. Tony bought new car. Tony has free time. ', 52276011, 'lxu'),
(74, 'Mike like swimming. Rudi loves flowers. ', 'Rudi like sports. Mike watches football. ', 'John bought new car. Anne is shopping. John is shopping. Tony has free time. John has free time. ', 92199078, 'djw'),
(75, 'I like sports. Rudi watches football. ', 'Mike watches football. Mike like swimming. ', 'Anne has free time. Tony is walking. Anne is walking. ', 1682368263, 'fdy'),
(76, 'Rudi like swimming. Rudi like sports. ', 'I like sports. Mike watches football. ', 'John bought new car. Tony bought new car. John is shopping. Tony bought new car. John bought new car. ', 230998572, 'mnl'),
(77, 'Rudi watches football. I like swimming. ', 'I watches football. Rudi loves flowers. ', 'John has free time. Anne is walking. Anne bought new car. Anne has free time. ', 2104357928, 'kvr'),
(78, 'I like swimming. Mike watches football. ', 'Rudi watches football. Rudi watches football. ', 'Anne is walking. Tony has free time. ', 1450964961, 'lhe'),
(79, 'Rudi like sports. Rudi like swimming. ', 'Mike like swimming. Mike watches football. ', 'Anne is shopping. John is walking. ', 1054205715, 'qcs'),
(80, 'Rudi loves flowers. I watches football. ', 'Mike like sports. Mike like sports. ', 'Tony is walking. Anne bought new car. Tony has free time. Tony is walking. Tony has free time. ', 1359943517, 'oru'),
(81, 'I like swimming. Mike watches football. ', 'Rudi watches football. Rudi watches football. ', 'Anne is walking. Tony has free time. ', 1450964961, 'lhe'),
(82, 'Rudi like sports. Rudi like swimming. ', 'Mike like swimming. Mike watches football. ', 'Anne is shopping. John is walking. ', 1054205715, 'qcs'),
(83, 'Rudi loves flowers. I watches football. ', 'Mike like sports. Mike like sports. ', 'Tony is walking. Anne bought new car. Tony has free time. Tony is walking. Tony has free time. ', 1359943517, 'oru'),
(84, 'Mike loves flowers. Rudi like swimming. ', 'I loves flowers. Rudi loves flowers. ', 'John has free time. Anne is walking. Anne has free time. ', 1045904374, 'rsj'),
(85, 'Rudi like sports. Rudi like sports. ', 'I watches football. Mike watches football. ', 'Tony is shopping. Anne is walking. Anne bought new car. John bought new car. Anne has free time. ', 2013003625, 'jpd'),
(86, 'Rudi like sports. Rudi like sports. ', 'I watches football. Mike watches football. ', 'Tony is shopping. Anne is walking. Anne bought new car. John bought new car. Anne has free time. ', 2013003625, 'jpd'),
(87, 'Rudi like swimming. Mike like sports. ', 'Mike watches football. Rudi watches football. ', 'Anne bought new car. John is shopping. Anne is shopping. Tony bought new car. Tony bought new car. ', 1423899448, 'frb'),
(89, 'Rudi watches football. ', 'Mike loves flowers. ', 'Anne has free time. Anne is shopping. Anne is walking. Anne is walking. Anne bought new car. ', 210034349, 'yqp'),
(90, 'Rudi loves flowers. Mike like sports. ', 'Rudi loves flowers. I loves flowers. ', 'Anne is shopping. John bought new car. Tony has free time. Tony has free time. John has free time. ', 719646861, 'caj'),
(92, 'Mike loves flowers. I watches football. ', 'Rudi watches football. I like sports. ', 'Anne has free time. Anne is shopping. John has free time. ', 1879789358, 'gap'),
(93, 'Mike watches football. Mike like sports.', 'I loves flowers. Rudi watches football. ', 'Tony has free time. Anne is shopping. John has free time. John has free time. Tony has free time. ', 1657855889, 'zrd'),
(94, 'Rudi like swimming. Mike loves flowers. ', 'Mike loves flowers. Rudi watches football. ', 'John has free time. John has free time. John bought new car. John bought new car. John is walking. ', 1576521935, 'vne'),
(95, 'Mike loves flowers. I loves flowers. ', 'Rudi loves flowers. Mike watches football. ', 'Tony is walking. John is shopping. John has free time. Tony has free time. Anne bought new car. ', 1332855981, 'rzw'),
(99, 'Mike watches football. Mike like sports.', 'Mike watches football. Rudi watches football. ', 'Tony has free time. Anne is walking. ', 652890110, 'fcu'),
(100, 'Mike watches football. ', 'Mike watches football. Rudi watches football. ', 'John bought new car. Anne bought new car. John bought new car. Anne has free time. Tony bought new car. ', 923975956, 'rfv'),
(101, 'I like swimming. Rudi loves flowers. ', 'Rudi like swimming. Mike watches football. ', 'Anne has free time. Tony bought new car. ', 816749515, 'mim'),
(102, 'I watches football. ', 'Mike watches football. Rudi watches football. ', 'John bought new car. Anne has free time. John bought new car. John is shopping. Tony has free time. ', 625805013, 'lfy'),
(103, 'Mike watches football. ', 'Mike loves flowers. Rudi loves flowers. ', 'Anne bought new car. Anne has free time. Tony is walking. Tony is shopping. John bought new car. ', 2002131450, 'uwi'),
(104, 'Mike like sports. Rudi watches football.', 'Mike watches football. ', 'Anne is shopping. Tony bought new car. Tony has free time. Anne is shopping. Tony has free time. ', 1468676666, 'bwf'),
(107, 'Mike watches football. Rudi like sports.', 'Mike like sports. ', 'John is walking. Tony has free time. John bought new car. Anne is shopping. ', 1129149864, 'iwp'),
(108, 'I loves flowers. ', 'Rudi watches football. Rudi like sports. ', 'Tony bought new car. Anne bought new car. John has free time. John has free time. John has free time. ', 1651044955, 'tlu'),
(109, 'Mike loves flowers. I like swimming. ', 'Mike watches football. Rudi loves flowers. ', 'Tony bought new car. Anne bought new car. John is walking. Tony has free time. Tony is walking. ', 1615530885, 'plq'),
(111, 'I watches football. Mike like sports. ', 'Mike like sports. Rudi like swimming. ', 'Anne has free time. Tony is shopping. Anne is walking. Tony is walking. Tony has free time. ', 2014545653, 'xmt'),
(112, 'Rudi like swimming. I watches football. ', 'Rudi like sports. Rudi watches football. ', 'John bought new car. Anne has free time. Tony bought new car. John has free time. ', 52537222, 'bul'),
(113, 'Mike watches football. I loves flowers. ', 'Mike like sports. ', 'Anne is walking. Tony is shopping. John bought new car. Tony has free time. John has free time. ', 2139161008, 'ior'),
(114, 'Mike watches football. I like swimming. ', 'I watches football. ', 'John is walking. John is walking. John is shopping. Anne has free time. Tony has free time. ', 1493627754, 'dnb'),
(115, 'I watches football. Mike like swimming. ', 'Mike loves flowers. I like sports. ', 'Anne has free time. Tony has free time. Tony bought new car. Tony has free time. Anne bought new car. ', 1665335305, 'owt'),
(116, 'Mike loves flowers. Rudi like swimming. ', 'Mike watches football. Rudi loves flowers. ', 'John bought new car. Tony has free time. Tony bought new car. John has free time. John has free time. ', 1300106213, 'oie'),
(117, 'I watches football. Mike like swimming. ', 'Mike loves flowers. I like sports. ', 'Anne has free time. Tony has free time. Tony bought new car. Tony has free time. Anne bought new car. ', 1665335305, 'owt'),
(118, 'Mike loves flowers. Rudi like swimming. ', 'Mike watches football. Rudi loves flowers. ', 'John bought new car. Tony has free time. Tony bought new car. John has free time. John has free time. ', 1300106213, 'oie'),
(119, 'Rudi like swimming. I loves flowers. ', 'Rudi loves flowers. Rudi watches football. ', 'Tony bought new car. Anne bought new car. John is walking. Anne bought new car. ', 328655688, 'rtq'),
(120, 'I like sports. Mike loves flowers. ', 'Rudi like sports. Mike loves flowers. ', 'John has free time. John is walking. Tony bought new car. Tony bought new car. Tony bought new car. ', 1601864216, 'cxd'),
(121, 'I like swimming. Mike loves flowers. ', 'Rudi loves flowers. I watches football. ', 'Anne has free time. Anne bought new car. Anne is shopping. ', 609522754, 'emq'),
(122, 'Mike loves flowers. I like swimming. ', 'Mike loves flowers. Rudi loves flowers. ', 'John is walking. Anne is shopping. Tony bought new car. Anne has free time. Tony has free time. ', 1156360894, 'yqv'),
(123, 'Mike loves flowers. I like swimming. ', 'Mike loves flowers. Rudi loves flowers. ', 'John is walking. Anne is shopping. Tony bought new car. Anne has free time. Tony has free time. ', 1156360894, 'yqv'),
(124, 'Rudi like sports. Mike loves flowers. ', 'Mike loves flowers. I watches football. ', 'Anne bought new car. Anne bought new car. Anne has free time. Tony bought new car. ', 1297716045, 'stc'),
(125, 'Rudi loves flowers. Mike loves flowers. ', 'Rudi watches football. Mike loves flowers. ', 'Anne has free time. Tony bought new car. ', 297022109, 'cnw'),
(126, 'Mike like swimming. ', 'I loves flowers. Rudi loves flowers. ', 'Anne is walking. Anne is walking. John bought new car. John bought new car. Tony bought new car. ', 723677584, 'evv'),
(127, 'I loves flowers. ', 'Rudi watches football. Rudi loves flowers. ', 'Tony bought new car. John bought new car. John bought new car. Tony is shopping. John has free time. ', 1551391347, 'mdy'),
(128, 'Mike like swimming. I like sports. ', 'Rudi watches football. Mike like swimming. ', 'Tony bought new car. Tony bought new car. John bought new car. John has free time. Anne bought new car. ', 374411797, 'ctk'),
(129, 'I watches football. ', 'Rudi like sports. Rudi watches football. ', 'Tony bought new car. John bought new car. Tony bought new car. John is walking. Tony bought new car. ', 1681660355, 'iui'),
(130, 'I watches football. Rudi loves flowers. ', 'Rudi loves flowers. Mike watches football. ', 'Tony is shopping. Anne is walking. Anne has free time. John has free time. Tony has free time. ', 1655657807, 'yuh'),
(131, 'Mike watches football. ', 'Mike watches football. Rudi watches football. ', 'Anne bought new car. Tony is walking. John bought new car. ', 83999597, 'mli'),
(132, 'I like sports. I like swimming. ', 'Mike watches football. Rudi watches football. ', 'Tony bought new car. John bought new car. Tony bought new car. Tony bought new car. John has free time. ', 100056478, 'yee'),
(133, 'Rudi watches football. ', 'I watches football. ', 'Tony is walking. Anne is walking. ', 189367376, 'xjn'),
(134, 'Mike loves flowers. I loves flowers. ', 'Rudi loves flowers. Mike watches football. ', 'John is shopping. Anne bought new car. Tony bought new car. Tony is walking. John has free time. ', 1600106249, 'kdx'),
(135, 'Rudi watches football. I like swimming. ', 'Mike watches football. I watches football. ', 'John has free time. Anne has free time. John is walking. John is walking. ', 1502761709, 'flj'),
(136, 'Mike watches football. ', 'Mike watches football. Rudi watches football. ', 'Anne bought new car. Tony is walking. John bought new car. ', 83999597, 'mli'),
(137, 'I like sports. I like swimming. ', 'Mike watches football. Rudi watches football. ', 'Tony bought new car. John bought new car. Tony bought new car. Tony bought new car. John has free time. ', 100056478, 'yee'),
(138, 'Rudi watches football. ', 'I watches football. ', 'Tony is walking. Anne is walking. ', 189367376, 'xjn'),
(139, 'Mike loves flowers. I loves flowers. ', 'Rudi loves flowers. Mike watches football. ', 'John is shopping. Anne bought new car. Tony bought new car. Tony is walking. John has free time. ', 1600106249, 'kdx'),
(140, 'Rudi watches football. I like swimming. ', 'Mike watches football. I watches football. ', 'John has free time. Anne has free time. John is walking. John is walking. ', 1502761709, 'flj'),
(141, 'Mike loves flowers. Rudi loves flowers. ', 'Mike watches football. ', 'Tony bought new car. Tony has free time. Anne bought new car. ', 1887453250, 'nnp');

-- --------------------------------------------------------

--
-- Structure de la table `comanda`
--

CREATE TABLE `comanda` (
  `id` int(10) UNSIGNED NOT NULL,
  `dataHora` datetime NOT NULL,
  `clientId` int(10) UNSIGNED NOT NULL,
  `botigaId` int(10) UNSIGNED NOT NULL,
  `preuTotal` double NOT NULL
) ENGINE=InnoDB DEFAULT CHARSET=utf8mb4 COLLATE=utf8mb4_general_ci;

--
-- Déchargement des données de la table `comanda`
--

INSERT INTO `comanda` (`id`, `dataHora`, `clientId`, `botigaId`, `preuTotal`) VALUES
(1, '2008-09-24 11:02:02', 104, 165, 73060946.02878371),
(2, '2008-02-06 17:33:22', 39, 127, 91871401.385551),
(3, '2008-05-30 01:08:58', 129, 16, 91860711.89908658),
(4, '2008-05-29 01:57:02', 1, 182, 67955716.37816596),
(5, '2008-03-16 23:34:00', 68, 16, 7838777.450255496),
(6, '2008-01-14 05:17:28', 123, 131, 2481356.043541838),
(7, '2008-05-01 17:35:10', 140, 173, 69925169.34753202),
(8, '2008-08-29 02:29:21', 6, 130, 80493696.43305346),
(9, '2008-12-20 03:46:02', 123, 52, 15123210.213417403),
(10, '2008-09-17 02:08:12', 132, 192, 92458104.22363743),
(11, '2008-01-03 04:43:59', 140, 149, 76383542.59288844),
(12, '2008-02-25 20:38:04', 62, 80, 338070.88945944083),
(13, '2008-12-18 16:10:57', 31, 182, 73642318.4878915),
(14, '2008-02-28 08:44:00', 71, 15, 95622009.71497884),
(15, '2008-12-09 22:46:37', 11, 7, 82364909.54363953),
(16, '2008-07-21 17:58:14', 121, 93, 18868296.808848295),
(17, '2008-12-12 15:09:35', 107, 183, 32609877.602076508),
(18, '2008-11-29 08:47:18', 33, 31, 75154841.22780623),
(19, '2008-12-08 22:19:44', 135, 213, 28041953.520639118),
(20, '2008-06-27 05:34:31', 76, 195, 23011387.26913681),
(21, '2008-05-25 07:46:44', 5, 35, 80762357.61667795),
(22, '2008-11-30 11:14:57', 16, 161, 75921257.46067487),
(23, '2008-05-07 03:35:53', 99, 205, 78137650.29039796),
(24, '2008-02-28 06:38:19', 114, 130, 89308447.21729952),
(25, '2008-04-17 13:59:48', 122, 225, 52404668.601780966),
(26, '2008-05-15 00:19:05', 52, 10, 5141979.252497208),
(27, '2008-07-04 07:57:07', 9, 122, 34681494.7191277),
(28, '2008-11-12 08:26:34', 37, 32, 48021421.56413753),
(29, '2008-02-12 09:39:15', 56, 220, 90658149.39341068),
(30, '2008-07-16 07:51:23', 135, 108, 57046701.8161824),
(31, '2008-10-08 23:23:12', 49, 36, 55773225.188546486),
(32, '2008-08-01 11:10:48', 71, 123, 57175706.31498931),
(33, '2008-08-29 11:29:49', 141, 124, 89764460.23774922),
(34, '2008-01-16 10:32:54', 93, 105, 21451212.268385734),
(35, '2008-02-27 07:51:51', 77, 22, 32334590.14791076),
(36, '2008-10-05 17:33:01', 47, 183, 14813148.238885254),
(37, '2008-05-18 09:07:35', 65, 100, 68084110.99362795),
(38, '2008-08-16 07:58:29', 115, 92, 93644556.96536724),
(39, '2008-02-21 02:40:30', 8, 93, 56177464.96684649),
(40, '2008-11-17 18:26:43', 24, 17, 29233886.046795666),
(41, '2008-09-11 07:25:22', 80, 65, 81338652.3216696),
(42, '2008-06-13 17:43:05', 23, 209, 33538550.856089633),
(43, '2008-10-21 16:07:14', 122, 39, 72189167.75907429),
(44, '2008-01-02 17:37:28', 81, 165, 61634358.98883276),
(45, '2008-01-02 19:08:27', 31, 110, 71680578.35261807),
(46, '2008-11-07 21:11:43', 32, 25, 5723294.119311617),
(47, '2008-07-10 10:13:08', 21, 213, 45033567.73138356),
(48, '2008-01-09 12:42:13', 92, 27, 53302779.18238518),
(49, '2008-09-29 06:09:34', 137, 201, 62335230.4165141),
(50, '2008-09-14 23:48:26', 86, 73, 68888777.48072839),
(51, '2008-02-21 22:31:37', 32, 121, 86489183.16827081),
(52, '2008-04-10 14:51:45', 95, 124, 50412168.097636476),
(53, '2008-06-25 06:30:03', 84, 129, 49844117.25232754),
(54, '2008-01-28 13:12:22', 5, 85, 73014078.06615564),
(55, '2008-07-18 06:22:08', 83, 58, 83393163.82886249),
(56, '2008-08-11 10:26:09', 104, 81, 43455093.31474967),
(57, '2008-07-30 04:14:53', 33, 156, 16349214.795124145),
(58, '2008-12-15 11:06:40', 103, 31, 65792027.7338655),
(59, '2008-03-15 22:57:36', 121, 217, 38132644.633535564),
(60, '2008-04-10 06:25:21', 2, 23, 45493024.640449956),
(61, '2008-08-16 02:37:40', 95, 76, 82892996.03621867),
(62, '2008-03-10 13:44:09', 74, 96, 5948656.00973129),
(63, '2008-03-08 13:28:00', 115, 59, 83722709.29369621),
(64, '2008-01-01 10:24:23', 2, 77, 43647217.88657231),
(65, '2008-01-04 20:51:05', 17, 95, 51369062.77280433),
(66, '2008-09-07 03:05:47', 119, 101, 30433129.789687674),
(67, '2008-02-28 21:36:15', 15, 29, 63732765.30230791),
(68, '2008-06-26 22:18:15', 15, 53, 71636902.24381244),
(69, '2008-03-06 03:02:00', 6, 169, 37543434.45723606),
(70, '2008-06-27 09:19:53', 122, 14, 24895285.68156514),
(71, '2008-07-16 17:50:51', 133, 106, 73670825.82994065),
(72, '2008-02-16 06:50:03', 108, 47, 67674463.10366759),
(73, '2008-12-22 09:09:27', 36, 39, 80476689.02423775),
(74, '2008-02-17 14:45:10', 117, 56, 2434291.4814365124),
(75, '2008-03-30 18:49:35', 76, 102, 44907895.88170401),
(76, '2008-03-16 10:55:38', 6, 96, 1656234.6671254225),
(77, '2008-05-24 08:28:17', 31, 64, 24712298.67086524),
(78, '2008-11-05 11:14:19', 18, 83, 4293354.15834895),
(79, '2008-03-20 14:24:59', 20, 113, 14822205.651656872),
(80, '2008-05-28 18:03:15', 139, 104, 78341377.18471341),
(81, '2008-06-07 01:44:52', 8, 115, 10756709.26292025),
(82, '2008-12-13 14:23:35', 47, 122, 97991802.26267497),
(83, '2008-03-26 07:02:25', 18, 113, 67565821.2241573),
(84, '2008-07-09 13:31:26', 77, 124, 49090279.09206425),
(85, '2008-11-21 15:57:29', 9, 76, 76661798.01885639),
(86, '2008-05-21 16:36:27', 50, 159, 63327304.91683498),
(87, '2008-01-14 23:39:47', 63, 72, 48703717.75920436),
(88, '2008-04-09 06:08:58', 54, 80, 93737786.02192594),
(89, '2008-08-04 18:27:31', 64, 190, 68930541.34604648),
(90, '2008-02-11 06:01:02', 53, 67, 24747338.714346133),
(91, '2008-08-27 18:02:41', 34, 13, 53948085.15934359),
(92, '2008-03-24 16:47:47', 115, 211, 66305485.07067242),
(93, '2008-02-13 19:39:57', 114, 203, 84501891.61355765),
(94, '2008-12-28 23:41:31', 35, 189, 9780486.5602941),
(95, '2008-08-26 18:21:19', 112, 165, 67308348.13114965),
(96, '2008-08-02 12:36:19', 80, 207, 33511168.407418113),
(97, '2008-12-26 05:17:28', 48, 126, 17230975.88856778),
(98, '2008-12-18 03:05:39', 131, 211, 87534513.2950584),
(99, '2008-03-16 14:58:54', 103, 50, 77199930.7897979),
(100, '2008-04-07 00:07:25', 74, 26, 73412523.45133734),
(101, '2008-05-17 01:55:15', 127, 11, 62065943.232095085),
(102, '2008-05-12 18:40:41', 58, 166, 68709569.80575776),
(103, '2008-06-18 13:03:51', 58, 24, 30402564.960752666),
(104, '2008-11-17 11:07:07', 59, 206, 43025983.33274414),
(105, '2008-05-02 01:25:54', 23, 126, 38032863.11534162),
(106, '2008-04-16 08:47:28', 103, 56, 29141316.8353737),
(107, '2008-06-11 04:10:40', 22, 132, 93231510.89538476),
(108, '2008-01-19 18:55:20', 109, 42, 68390586.76100798),
(109, '2008-07-03 11:19:36', 24, 64, 27175328.805054143),
(110, '2008-03-08 03:13:00', 64, 9, 52580137.97054332),
(111, '2008-12-31 14:02:48', 77, 160, 76882771.96409553),
(112, '2008-08-21 01:16:00', 116, 93, 58300603.49456423),
(113, '2008-08-18 16:28:34', 14, 212, 90755510.89875746),
(114, '2008-04-11 16:24:04', 32, 131, 75229019.22266868),
(115, '2008-11-28 20:47:08', 22, 18, 49635992.171874344),
(116, '2008-05-04 17:35:49', 36, 66, 93809592.26605338),
(117, '2008-07-04 18:17:05', 86, 59, 16308559.595815053),
(118, '2008-04-07 05:41:42', 129, 156, 54504089.35164518),
(119, '2008-06-28 19:54:26', 72, 192, 2446455.044919016),
(120, '2008-02-12 15:49:53', 27, 39, 99612446.9270159),
(121, '2008-06-05 21:26:23', 5, 112, 69552462.31744234),
(122, '2008-02-20 00:55:07', 40, 55, 77548218.26542266),
(123, '2008-04-22 17:17:17', 76, 32, 56430150.57931532),
(124, '2008-07-18 19:50:56', 85, 60, 60540913.34622541),
(125, '2008-09-19 11:57:33', 82, 144, 73690579.90665576),
(126, '2008-06-29 23:44:11', 125, 18, 71219467.91236198),
(127, '2008-12-18 04:50:57', 66, 146, 843654.795851223),
(128, '2008-01-06 14:08:10', 134, 68, 6661954.188203545),
(129, '2008-03-17 15:11:01', 129, 152, 15304223.096515179),
(130, '2008-05-11 08:24:28', 33, 64, 74592615.33960551),
(131, '2008-03-04 03:32:49', 7, 170, 28383115.053069476),
(132, '2008-03-29 16:55:46', 116, 214, 53847250.287557304),
(133, '2008-07-19 20:59:54', 63, 36, 80817862.75747754),
(134, '2008-10-20 04:21:49', 117, 32, 87453348.00375551),
(135, '2008-07-22 06:14:03', 54, 101, 90974375.33650002),
(136, '2008-02-10 03:50:37', 131, 72, 53186023.13796034),
(137, '2008-08-03 02:22:27', 116, 90, 60429612.48039943),
(138, '2008-07-08 20:01:24', 93, 139, 13831169.808058064),
(139, '2008-10-15 19:15:02', 46, 34, 33698863.55872178),
(140, '2008-07-11 17:45:38', 87, 136, 72242289.22546105),
(141, '2008-09-12 19:04:26', 92, 2, 17434907.984028492),
(142, '2008-05-11 17:43:18', 56, 88, 78308412.63211116),
(143, '2008-03-15 20:31:05', 104, 201, 77097574.63408075),
(144, '2008-06-10 22:14:17', 65, 30, 3911536.068306909),
(145, '2008-04-03 06:07:27', 100, 200, 10031330.99546294),
(146, '2008-09-13 00:13:58', 83, 70, 4659242.853034984),
(147, '2008-10-11 16:13:00', 72, 64, 8818105.646930786),
(148, '2008-03-04 18:40:31', 140, 12, 74510753.63833277),
(149, '2008-03-23 07:35:47', 1, 168, 69977795.25874443),
(150, '2008-09-13 00:12:42', 85, 72, 11313821.942731516),
(151, '2008-12-25 18:34:40', 135, 217, 14417353.512573527),
(152, '2008-12-05 23:05:19', 80, 8, 1739600.9095158593),
(153, '2008-10-21 01:59:07', 50, 40, 87891391.08634661),
(154, '2008-09-27 10:00:51', 78, 217, 96209361.10611874),
(155, '2008-11-02 01:11:24', 86, 158, 24105183.05658146),
(156, '2008-02-02 22:50:50', 139, 79, 35279484.45694218),
(157, '2008-02-29 15:42:04', 24, 189, 28500391.265675984),
(158, '2008-06-09 01:19:13', 7, 190, 54781027.07745195),
(159, '2008-08-21 06:46:39', 67, 197, 77311962.41904904),
(160, '2008-04-27 08:46:12', 51, 80, 98051122.64675504),
(161, '2008-01-04 03:57:04', 130, 138, 832024.1998179712),
(162, '2008-08-27 11:28:39', 131, 187, 99162229.34212628),
(163, '2008-08-18 23:22:18', 38, 15, 10185590.484808682),
(164, '2008-05-16 10:19:09', 60, 19, 34530171.81636647),
(165, '2008-03-17 01:52:41', 107, 202, 38098853.84686658),
(166, '2008-11-29 05:24:46', 108, 106, 24105126.82126794),
(167, '2008-11-18 04:03:28', 36, 32, 52471248.36856413),
(168, '2008-04-21 07:24:30', 138, 20, 64024345.29666993),
(169, '2008-09-15 17:40:33', 89, 1, 99957676.77239902),
(170, '2008-10-22 18:35:13', 121, 188, 95698601.01453325),
(171, '2008-09-21 17:05:46', 117, 102, 79699766.69870499),
(172, '2008-06-05 08:51:47', 132, 96, 31444355.88929363),
(173, '2008-07-05 10:23:07', 72, 44, 95850055.44845),
(174, '2008-01-21 03:11:21', 55, 139, 22652427.410869647),
(175, '2008-12-27 05:42:16', 6, 5, 4208196.153994747),
(176, '2008-02-21 01:22:03', 134, 77, 45854976.85358808),
(177, '2008-02-26 01:06:53', 84, 105, 42293764.57495853),
(178, '2008-08-06 07:20:52', 135, 187, 6732658.99583727),
(179, '2008-09-17 00:41:18', 24, 80, 4238767.79303568),
(180, '2008-12-12 15:43:59', 2, 149, 97971335.47367443),
(181, '2008-10-28 12:50:53', 15, 4, 9279539.626567923),
(182, '2008-07-05 09:27:20', 131, 26, 58874784.29402149),
(183, '2008-02-15 05:19:39', 80, 97, 84210140.7936656),
(184, '2008-08-27 10:30:32', 69, 51, 51769535.319531515),
(185, '2008-08-13 18:18:01', 54, 30, 81337744.9713961),
(186, '2008-09-16 00:02:06', 128, 188, 10567493.693701135),
(187, '2008-06-25 07:40:42', 124, 167, 31227445.201626424),
(188, '2008-04-07 06:41:34', 15, 187, 12509593.577909583),
(189, '2008-02-06 11:12:23', 71, 162, 57374644.11724689),
(190, '2008-01-24 04:20:16', 45, 53, 46291391.42798896),
(191, '2008-08-13 20:00:31', 128, 107, 82995319.45924754),
(192, '2008-08-04 05:12:01', 108, 82, 83722518.54196535),
(193, '2008-01-11 06:00:32', 127, 60, 40038201.131524235),
(194, '2008-04-13 21:44:11', 54, 81, 32113351.022865444),
(195, '2008-08-04 10:12:03', 41, 91, 50520772.30424336),
(196, '2008-07-11 09:33:04', 78, 201, 39092389.85242242),
(197, '2008-01-27 16:27:37', 52, 212, 20158427.32713512),
(198, '2008-04-04 17:59:10', 136, 163, 17978624.473098848),
(199, '2008-01-28 01:26:13', 57, 218, 45340370.404162444),
(200, '2008-04-12 18:09:06', 7, 28, 51668051.619687885),
(201, '2008-09-05 19:33:08', 107, 12, 44717502.9706819),
(202, '2008-08-23 01:41:11', 122, 26, 46809232.18826491),
(203, '2008-04-12 10:32:02', 125, 152, 45478911.6892502),
(204, '2008-05-09 06:43:51', 135, 170, 42468101.54365491),
(205, '2008-08-09 00:23:32', 129, 181, 67839993.75127742),
(206, '2008-02-26 16:17:59', 47, 63, 12208558.021092953),
(207, '2008-11-06 22:14:41', 36, 180, 96944385.29514745),
(208, '2008-05-14 04:43:08', 14, 42, 33296606.4051516),
(209, '2008-05-09 10:59:00', 46, 151, 23453715.759386275),
(210, '2008-07-25 04:35:03', 107, 79, 68388485.72184111),
(211, '2008-08-07 01:23:14', 129, 181, 88286682.56008147),
(212, '2008-03-29 09:15:46', 116, 64, 14465997.83706647),
(213, '2008-04-16 20:44:54', 90, 45, 25556875.291396365),
(214, '2008-01-07 13:08:13', 25, 104, 10876802.70243896),
(215, '2008-11-16 17:40:19', 10, 77, 54595187.28726974),
(216, '2008-10-29 04:24:16', 115, 31, 67127456.54937515),
(217, '2008-09-29 08:29:18', 29, 164, 97437350.2328201),
(218, '2008-07-16 12:16:04', 86, 136, 14629035.568305315),
(219, '2008-06-03 20:40:32', 45, 80, 64283028.541455336),
(220, '2008-08-22 20:53:35', 1, 124, 12038006.168373605),
(221, '2008-05-17 12:05:56', 139, 101, 54725060.2555676),
(222, '2008-12-21 04:56:22', 10, 158, 37360259.2154588),
(223, '2008-04-09 06:02:24', 136, 15, 17103409.207547117),
(224, '2008-11-11 21:51:21', 3, 68, 91847446.97151668),
(225, '2008-09-24 01:46:22', 76, 63, 18818591.61584902),
(226, '2008-10-16 09:50:13', 27, 90, 70228834.25333756),
(227, '2008-11-20 12:09:44', 3, 145, 35066129.72714575),
(228, '2008-11-04 17:50:31', 67, 62, 32367159.094900057),
(229, '2008-01-16 22:53:03', 81, 167, 17012341.16886061),
(230, '2008-06-08 16:38:30', 54, 17, 45445443.31707644),
(231, '2008-06-16 11:26:16', 139, 31, 59270031.52147837),
(232, '2008-05-03 21:44:51', 140, 24, 69786737.47397807),
(233, '2008-11-11 14:45:28', 77, 224, 33560651.31225626),
(234, '2008-04-19 10:31:28', 70, 101, 90947196.10534689),
(235, '2008-11-26 01:30:00', 35, 107, 75139765.93075976),
(236, '2008-01-31 19:04:12', 138, 152, 75433288.50191393),
(237, '2008-01-23 19:53:54', 14, 170, 11950545.60868455),
(238, '2008-07-23 03:12:24', 132, 181, 55967979.56310383),
(239, '2008-10-06 12:23:55', 72, 213, 76152976.05432269),
(240, '2008-04-05 14:29:51', 140, 18, 57422135.89295528),
(241, '2008-06-05 11:55:01', 22, 207, 72814807.89337306),
(242, '2008-08-06 08:17:50', 122, 22, 18152627.1314269),
(243, '2008-12-31 15:49:36', 30, 109, 41866560.82523691),
(244, '2008-12-20 05:43:49', 83, 164, 69426643.06983471),
(245, '2008-01-23 14:44:41', 77, 164, 4202338.330745991),
(246, '2008-08-18 17:03:31', 34, 11, 22803912.622460444),
(247, '2008-08-02 13:14:23', 78, 130, 49898427.8074188),
(248, '2008-07-21 06:51:51', 129, 103, 10798641.017227607),
(249, '2008-07-26 14:06:07', 55, 103, 1332850.425192067),
(250, '2008-07-17 20:23:35', 6, 122, 97917756.59974155),
(251, '2008-08-30 06:14:08', 83, 217, 63493756.40082569),
(252, '2008-03-14 18:50:12', 74, 22, 59400024.83445105),
(253, '2008-11-28 00:33:27', 116, 39, 81498165.60488056),
(254, '2008-12-31 00:09:38', 122, 52, 34853440.658767566),
(255, '2008-03-31 04:07:45', 58, 158, 36402444.333538584),
(256, '2008-09-16 11:02:18', 87, 75, 38759818.86073936),
(257, '2008-03-31 21:43:29', 48, 221, 76432457.2415295),
(258, '2008-11-16 13:41:50', 66, 214, 23802042.808330003),
(259, '2008-09-15 16:02:36', 93, 79, 55017094.52813172),
(260, '2008-11-08 12:58:22', 132, 203, 84550063.39656135),
(261, '2008-05-03 13:32:24', 54, 10, 9259008.419981573),
(262, '2008-10-11 14:25:08', 65, 130, 85657714.38830647),
(263, '2008-08-10 05:49:50', 94, 147, 94068530.22697191),
(264, '2008-03-20 03:54:57', 64, 87, 41877655.6185666),
(265, '2008-04-25 09:40:25', 119, 73, 96031201.5956391),
(266, '2008-11-17 15:02:55', 21, 14, 47462812.64402362),
(267, '2008-01-09 21:57:47', 24, 103, 96648485.60337353),
(268, '2008-10-31 19:13:34', 39, 182, 94518286.94311328),
(269, '2008-06-14 00:39:30', 141, 183, 72920538.57408778),
(270, '2008-04-06 21:33:50', 101, 127, 67289310.03307188),
(271, '2008-05-15 01:28:32', 28, 59, 1926790.5815758102),
(272, '2008-07-30 00:50:03', 30, 2, 99972474.38397785),
(273, '2008-06-18 17:21:02', 45, 9, 39264785.09812759),
(274, '2008-02-17 22:18:08', 117, 206, 26235324.547799367),
(275, '2008-03-05 19:53:59', 29, 46, 34653031.376685075),
(276, '2008-01-16 08:20:10', 21, 176, 80102569.14817709),
(277, '2008-09-04 10:03:56', 2, 128, 23974325.68240144),
(278, '2008-10-28 15:35:51', 19, 7, 70157010.09215511),
(279, '2008-09-18 20:35:18', 101, 160, 39380261.25127269),
(280, '2008-07-30 07:07:10', 72, 198, 96113598.44425812),
(281, '2008-09-29 00:45:30', 44, 28, 28205118.102942694),
(282, '2008-12-01 04:08:18', 20, 91, 1822434.6068302365),
(283, '2008-12-06 00:14:14', 11, 156, 89321093.11647242),
(284, '2008-09-22 09:23:17', 44, 102, 18769631.232396323),
(285, '2008-08-03 20:37:29', 56, 106, 70741697.31493777),
(286, '2008-08-23 13:21:46', 113, 91, 95365526.22722042),
(287, '2008-08-23 16:00:13', 34, 161, 24844076.704888128),
(288, '2008-01-04 00:21:40', 81, 16, 89991323.64608969),
(289, '2008-02-10 09:32:34', 17, 27, 64193874.02631533),
(290, '2008-07-18 22:20:55', 118, 14, 29234514.4113639),
(291, '2008-10-10 11:07:19', 68, 134, 79840964.01502481),
(292, '2008-11-01 18:12:27', 103, 171, 60359161.11291568),
(293, '2008-04-22 03:08:39', 71, 102, 79895911.47244774),
(294, '2008-09-29 17:43:58', 137, 201, 11270761.677463826),
(295, '2008-11-18 06:10:43', 3, 69, 35543088.95603218),
(296, '2008-05-15 04:26:34', 57, 165, 78550859.55135871),
(297, '2008-08-18 16:26:46', 77, 57, 17307161.347343415),
(298, '2008-07-22 02:30:22', 92, 216, 120229.4539543125),
(299, '2008-12-05 22:24:07', 108, 32, 837815.3817036882),
(300, '2008-11-17 06:56:06', 52, 48, 3370238.608184228),
(301, '2008-03-12 22:43:09', 34, 53, 79748223.49574776),
(302, '2008-04-03 15:22:32', 49, 222, 10871269.10650189),
(303, '2008-10-03 03:48:46', 67, 206, 55733539.500328355),
(304, '2008-03-29 06:53:29', 11, 180, 6778871.1645808015),
(305, '2008-02-27 15:37:36', 60, 78, 72466918.66841474),
(306, '2008-06-04 05:38:25', 107, 218, 29628821.49377104),
(307, '2008-01-16 09:29:49', 17, 97, 10344532.898380853),
(308, '2008-07-25 18:05:37', 120, 17, 37220633.845039986),
(309, '2008-05-18 12:49:22', 70, 181, 81313498.42145948),
(310, '2008-01-19 05:00:19', 80, 92, 51676506.511986196),
(311, '2008-10-14 20:34:31', 30, 168, 25614449.149700068),
(312, '2008-11-24 00:13:17', 75, 225, 16533225.073460355),
(313, '2008-09-17 19:48:54', 20, 150, 60714647.52689234),
(314, '2008-04-16 22:44:18', 112, 138, 944505.8986854771),
(315, '2008-02-10 07:38:35', 93, 110, 13970044.683165416),
(316, '2008-10-18 20:47:35', 87, 81, 50869658.1467197),
(317, '2008-10-05 21:34:36', 108, 170, 58171011.22899616),
(318, '2008-07-11 20:28:59', 47, 166, 84692532.94428748),
(319, '2008-01-11 23:07:28', 12, 15, 88194309.06956713),
(320, '2008-06-01 19:30:33', 39, 225, 46306566.56836998),
(321, '2008-04-25 20:17:26', 85, 193, 29163156.136543076),
(322, '2008-11-10 21:36:27', 104, 175, 86633610.25152303),
(323, '2008-09-01 02:34:19', 48, 27, 55030801.39551669),
(324, '2008-12-09 03:31:47', 33, 108, 33195141.254722036),
(325, '2008-06-05 00:52:32', 108, 145, 51135997.329889625),
(326, '2008-06-21 20:04:38', 126, 93, 4165751.8804520066),
(327, '2008-05-26 13:29:38', 62, 174, 56378746.10430103),
(328, '2008-01-23 22:31:04', 12, 93, 19814372.56045846),
(329, '2008-09-29 04:12:04', 15, 72, 28141871.380662266),
(330, '2008-07-19 05:48:55', 12, 204, 90945085.34974821),
(331, '2008-05-13 15:50:43', 67, 176, 45411006.40349213),
(332, '2008-01-28 13:22:48', 52, 62, 15515200.007065),
(333, '2008-10-06 11:49:20', 1, 133, 88757660.56434552),
(334, '2008-08-26 06:39:15', 81, 64, 74725340.27448368),
(335, '2008-04-28 01:19:33', 1, 100, 47544738.99126882),
(336, '2008-11-10 07:16:03', 129, 201, 86298085.25748964),
(337, '2008-07-06 14:43:18', 5, 43, 19051409.371710546);

-- --------------------------------------------------------

--
-- Structure de la table `cuiner`
--

CREATE TABLE `cuiner` (
  `id` int(10) UNSIGNED NOT NULL,
  `funcio` varchar(10) DEFAULT NULL
) ENGINE=InnoDB DEFAULT CHARSET=utf8mb4 COLLATE=utf8mb4_general_ci;

--
-- Déchargement des données de la table `cuiner`
--

INSERT INTO `cuiner` (`id`, `funcio`) VALUES
(1, 'kfi'),
(2, 'see'),
(3, 'yxk'),
(5, 'tqe'),
(6, 'qwl'),
(7, 'ant'),
(8, 'ejw'),
(9, 'tqe'),
(10, 'qwl'),
(11, 'ant'),
(12, 'hcp'),
(13, 'fqf'),
(14, NULL),
(15, NULL),
(16, 'mmd'),
(17, 'gkf'),
(18, 'ynk'),
(19, NULL),
(20, 'dgz'),
(21, 'zfj'),
(22, 'whb'),
(23, 'zqx'),
(24, 'hdd'),
(25, 'syf'),
(26, 'gud'),
(44, 'rer'),
(45, 'uve'),
(46, 'iqj'),
(47, 'wss'),
(48, 'bdp'),
(49, 'vdp'),
(50, 'hcp'),
(51, NULL),
(52, 'ngh'),
(53, 'hpv'),
(54, 'oga'),
(55, 'tlj'),
(56, 'wuv'),
(57, NULL),
(58, 'ihc'),
(59, NULL),
(60, 'hpy'),
(61, NULL),
(62, 'oof'),
(63, 'ggs'),
(64, 'tfw'),
(65, NULL),
(66, 'hod'),
(67, 'rst'),
(68, 'sqa'),
(69, 'tiw'),
(70, 'owg'),
(71, 'ebj'),
(72, NULL),
(74, 'hod'),
(75, 'rst'),
(76, 'sqa'),
(77, 'tiw'),
(78, 'owg'),
(79, 'ebj'),
(80, NULL),
(81, 'sdt'),
(82, 'kwx'),
(83, 'ktj'),
(84, NULL),
(85, 'inm'),
(86, NULL),
(87, 'blr'),
(89, 'inm'),
(90, NULL),
(92, 'jbt'),
(93, 'yzg'),
(94, 'tqq'),
(95, 'oog'),
(99, NULL),
(100, 'kkb'),
(101, 'elv'),
(102, 'lml'),
(103, NULL),
(104, 'ion'),
(107, 'jvu'),
(108, NULL),
(109, 'hbr'),
(111, NULL),
(112, 'mzy'),
(113, NULL),
(114, 'xlv'),
(115, 'jge'),
(116, 'vkr'),
(117, 'bpr'),
(118, 'wfo'),
(119, 'gls'),
(120, 'zpn'),
(121, 'eli'),
(122, 'eto'),
(123, 'cyd'),
(124, 'lhk'),
(125, 'uyj'),
(126, 'bso'),
(127, 'utj'),
(128, 'mxg'),
(129, 'btq'),
(130, 'ceo'),
(131, 'fvg'),
(132, 'hej'),
(133, 'dnt'),
(134, 'jxo'),
(135, 'wcc'),
(136, 'rhs'),
(137, 'wos'),
(138, 'yyj'),
(139, 'usm'),
(140, 'xlz'),
(141, 'glm'),
(142, 'lss'),
(143, 'ujd'),
(144, 'nep'),
(145, 'nox'),
(146, 'fjd'),
(147, 'wkn'),
(154, NULL),
(155, 'xyx'),
(156, 'ucy'),
(157, 'sup'),
(158, 'bjo'),
(159, 'iws'),
(160, 'ozx'),
(162, 'sbn'),
(163, NULL),
(164, 'snc'),
(165, 'nqs'),
(166, 'uiq'),
(167, 'yim'),
(168, 'xvg'),
(169, NULL),
(170, 'nxq'),
(171, 'iag'),
(172, 'dkh'),
(175, NULL),
(176, 'vxq'),
(177, 'nox'),
(179, 'wkn'),
(180, 'lih'),
(181, 'bwb'),
(182, 'vkq'),
(183, 'jpj'),
(184, 'mjb'),
(186, NULL),
(187, 'xyx'),
(188, 'ucy'),
(189, 'sup'),
(190, 'bjo'),
(191, 'iws'),
(192, 'ozx'),
(193, 'tvn'),
(194, 'sbn'),
(195, NULL),
(196, 'snc'),
(198, 'uiq'),
(199, 'yim'),
(200, 'xvg'),
(201, NULL),
(202, 'nxq'),
(203, 'iag'),
(204, 'dkh'),
(207, NULL),
(208, 'vxq'),
(209, 'mwn'),
(210, 'mik'),
(211, 'fpe'),
(213, 'tvn'),
(214, 'rky'),
(215, 'cdw'),
(216, 'qdd'),
(218, 'rky'),
(219, 'cdw'),
(220, 'qyw'),
(224, 'mwd'),
(225, 'vat'),
(226, 'ofx'),
(227, 'dsf'),
(228, 'ims'),
(231, 'sbq'),
(232, 'ims'),
(233, 'cjt'),
(235, 'sbq'),
(236, 'osd'),
(237, 'cwo'),
(238, NULL),
(239, 'uut'),
(240, 'diq'),
(241, 'bty'),
(242, 'yfw'),
(244, 'fbx'),
(245, 'sdo'),
(246, 'hpx'),
(247, 'wrx'),
(248, 'owj'),
(249, 'onf'),
(250, NULL),
(251, 'qez'),
(252, 'fbx'),
(253, 'sdo'),
(254, 'hpx'),
(255, 'wrx'),
(256, 'owj'),
(257, 'onf'),
(258, NULL),
(259, 'kxh'),
(260, 'bve'),
(261, 'tjj'),
(262, NULL),
(263, 'grj'),
(264, 'pby'),
(265, 'jdf'),
(267, 'fkb'),
(268, 'ple'),
(269, 'nbj'),
(270, 'cma'),
(271, NULL),
(272, 'wzv'),
(273, NULL),
(274, 'wpt'),
(275, 'fkb'),
(276, 'ple'),
(277, 'nbj'),
(278, 'cma'),
(279, NULL),
(280, 'wzv'),
(281, NULL),
(282, 'okh'),
(283, 'qug'),
(284, 'lwe'),
(285, 'lun'),
(286, 'smy'),
(287, 'ynd'),
(288, 'yym'),
(289, 'ops'),
(290, 'nia'),
(291, 'kcr'),
(292, 'tnt'),
(293, 'qfm'),
(294, 'hoh'),
(295, 'rfa'),
(296, NULL),
(297, 'tjo'),
(298, NULL),
(299, 'kqe'),
(300, 'nie'),
(301, 'xxz'),
(302, 'dmv'),
(303, 'tlq'),
(304, 'ots'),
(305, 'hje'),
(306, 'nfi'),
(307, 'iug'),
(308, 'xqi'),
(309, 'seb'),
(310, 'doa'),
(311, 'kzl'),
(313, 'tjo'),
(314, NULL),
(315, 'kqe'),
(316, 'nie'),
(317, 'xxz'),
(318, 'dmv'),
(319, 'tlq'),
(320, 'ots'),
(321, 'hje'),
(322, 'nfi'),
(323, 'iug'),
(324, 'xqi'),
(325, 'seb'),
(326, 'doa'),
(327, 'kzl'),
(328, 'fhq'),
(329, 'yqb'),
(330, 'nem'),
(331, 'vxf'),
(332, 'xix'),
(333, 'srv'),
(334, 'fjq'),
(335, 'sbq'),
(336, 'dnu'),
(337, 'wwu'),
(338, 'bjr'),
(340, 'ftx'),
(341, 'xav'),
(342, 'tmv'),
(343, 'rbw'),
(344, 'dnu'),
(345, 'wwu'),
(346, 'bjr'),
(347, 'boy'),
(348, 'ftx'),
(349, 'xav'),
(350, 'tmv'),
(351, 'rbw'),
(352, 'und'),
(353, 'veg'),
(354, 'vtx'),
(355, 'jcc'),
(356, 'qpe'),
(357, 'thc'),
(358, 'uko'),
(369, 'drj'),
(370, 'wtl'),
(371, 'qhn'),
(372, 'ojg'),
(373, 'tsr'),
(374, 'kmk'),
(375, 'are'),
(376, 'epf'),
(377, 'cxu'),
(378, 'bqq'),
(379, 'hpl'),
(380, 'fxx'),
(381, 'rfe'),
(382, 'epq'),
(383, 'gwr'),
(384, 'pyf'),
(385, 'lwn'),
(386, 'ksw'),
(387, 'wgc'),
(388, 'peu'),
(389, 'gvp'),
(390, NULL),
(391, NULL),
(392, 'fyu'),
(393, 'ici'),
(394, 'gio'),
(395, 'lwq'),
(396, 'jxx'),
(397, 'tql'),
(398, 'ehx'),
(399, 'ucx'),
(400, 'xpx'),
(401, 'kkd'),
(403, 'hgy'),
(404, 'gpf'),
(405, NULL),
(406, NULL),
(410, 'gio'),
(411, 'lwq'),
(412, 'jxx'),
(413, 'tql'),
(414, 'ehx'),
(415, 'ucx'),
(416, 'xpx'),
(417, 'kkd'),
(418, 'mpv'),
(419, 'hgy'),
(420, 'gpf'),
(421, NULL),
(422, 'wef'),
(424, 'gnd'),
(425, 'vre'),
(427, 'qjt'),
(428, 'axc'),
(429, 'tpp'),
(430, 'due'),
(432, 'fro'),
(433, 'mmu'),
(434, 'due'),
(435, 'mgh'),
(436, 'fro'),
(437, 'mmu'),
(438, 'kjr'),
(441, 'doc'),
(442, 'qvh'),
(443, 'odv'),
(444, 'krh'),
(445, 'lyc'),
(448, 'cxj'),
(449, NULL),
(450, 'fpg'),
(451, 'qbw'),
(452, 'cxj'),
(453, NULL),
(455, NULL),
(456, 'odx'),
(457, 'axk'),
(459, 'axk'),
(460, 'mjg'),
(461, 'yql'),
(462, 'yti'),
(463, 'glw'),
(464, 'xnq'),
(465, 'czp'),
(466, NULL),
(467, 'vll'),
(468, 'brn'),
(469, 'uau'),
(470, 'oav'),
(471, 'tew'),
(472, 'akz'),
(473, 'bet'),
(474, NULL),
(475, 'kbm');

-- --------------------------------------------------------

--
-- Structure de la table `empleat`
--

CREATE TABLE `empleat` (
  `id` int(10) UNSIGNED NOT NULL,
  `nom` varchar(40) NOT NULL,
  `cognoms` varchar(80) NOT NULL,
  `nif` varchar(9) NOT NULL,
  `telefon` varchar(9) NOT NULL,
  `botigaId` int(10) UNSIGNED NOT NULL,
  `tipo` enum('cuiner','repartidor') NOT NULL
) ENGINE=InnoDB DEFAULT CHARSET=utf8mb4 COLLATE=utf8mb4_general_ci;

--
-- Déchargement des données de la table `empleat`
--

INSERT INTO `empleat` (`id`, `nom`, `cognoms`, `nif`, `telefon`, `botigaId`, `tipo`) VALUES
(1, 'I watches football. I watches football. ', 'Mike watches football. Rudi watches football. ', 'ovj', 'hmv', 40, 'repartidor'),
(2, 'Rudi like swimming. I loves flowers. ', 'Mike watches football. I watches football. ', 'ckd', 'uho', 20, 'cuiner'),
(3, 'Mike watches football. Mike like sports.', 'I like sports. Mike watches football. ', 'wso', 'lsn', 138, 'cuiner'),
(5, 'I like sports. Rudi loves flowers. ', 'Rudi watches football. ', 'kcx', 'lps', 104, 'repartidor'),
(6, 'I watches football. I loves flowers. ', 'I like sports. Rudi watches football. ', 'ioj', 'uwd', 101, 'repartidor'),
(7, 'I loves flowers. Rudi watches football. ', 'I watches football. Mike watches football. ', 'gcf', 'wdn', 170, 'repartidor'),
(8, 'Mike watches football. I like swimming. ', 'Rudi loves flowers. Mike watches football. ', 'glj', 'ljo', 63, 'repartidor'),
(9, 'I watches football. Rudi loves flowers. ', 'Mike like sports. I like swimming. ', 'lno', 'vom', 78, 'repartidor'),
(10, 'Mike like sports. ', 'I like swimming. ', 'sjh', 'kev', 171, 'cuiner'),
(11, 'I watches football. Rudi loves flowers. ', 'Rudi loves flowers. Rudi like sports. ', 'xvx', 'rsp', 189, 'cuiner'),
(12, 'Mike like sports. Mike watches football.', 'I loves flowers. Mike watches football. ', 'xds', 'azi', 50, 'repartidor'),
(13, 'Mike watches football. I loves flowers. ', 'Rudi loves flowers. Rudi watches football. ', 'xgf', 'ivj', 105, 'repartidor'),
(14, 'I watches football. Rudi like sports. ', 'I loves flowers. ', 'bkp', 'wmi', 208, 'cuiner'),
(15, 'Mike like sports. Mike loves flowers. ', 'Rudi loves flowers. ', 'hre', 'kqb', 165, 'repartidor'),
(16, 'Mike watches football. I like swimming. ', 'Mike like swimming. Rudi loves flowers. ', 'ghc', 'ymd', 200, 'repartidor'),
(17, 'I loves flowers. Mike like sports. ', 'I loves flowers. Mike like swimming. ', 'hhy', 'cmr', 72, 'repartidor'),
(18, 'Rudi like sports. Rudi like swimming. ', 'Mike watches football. Rudi like swimming. ', 'pkd', 'kik', 74, 'repartidor'),
(19, 'Mike loves flowers. I watches football. ', 'Mike loves flowers. ', 'ibi', 'ujt', 199, 'cuiner'),
(20, 'I watches football. Rudi like sports. ', 'I loves flowers. ', 'bkp', 'wmi', 208, 'cuiner'),
(21, 'Mike like sports. Mike loves flowers. ', 'Rudi loves flowers. ', 'hre', 'kqb', 165, 'repartidor'),
(22, 'Mike watches football. I like swimming. ', 'Mike like swimming. Rudi loves flowers. ', 'ghc', 'ymd', 200, 'repartidor'),
(23, 'I loves flowers. Mike like sports. ', 'I loves flowers. Mike like swimming. ', 'hhy', 'cmr', 72, 'repartidor'),
(24, 'Rudi like sports. Rudi like swimming. ', 'Mike watches football. Rudi like swimming. ', 'pkd', 'kik', 74, 'repartidor'),
(25, 'Mike loves flowers. I watches football. ', 'Mike loves flowers. ', 'ibi', 'ujt', 199, 'cuiner'),
(26, 'I watches football. I watches football. ', 'Rudi like swimming. I like sports. ', 'vjv', 'vhk', 99, 'repartidor'),
(27, 'Mike loves flowers. Rudi loves flowers. ', 'Rudi like swimming. Rudi watches football. ', 'dgv', 'dun', 224, 'cuiner'),
(28, 'I like sports. ', 'Mike watches football. Rudi watches football. ', 'vgj', 'lul', 150, 'repartidor'),
(29, 'I watches football. ', 'I watches football. Mike like sports. ', 'jws', 'emo', 199, 'cuiner'),
(30, 'I loves flowers. Rudi watches football. ', 'Rudi like swimming. Mike loves flowers. ', 'ddt', 'nlt', 45, 'repartidor'),
(31, 'Rudi watches football. ', 'Mike like swimming. Rudi watches football. ', 'hfj', 'yqk', 64, 'cuiner'),
(32, 'I like sports. Rudi like sports. ', 'Rudi watches football. I watches football. ', 'por', 'lhw', 56, 'repartidor'),
(33, 'I loves flowers. Rudi watches football. ', 'Rudi like swimming. Mike loves flowers. ', 'ddt', 'nlt', 45, 'repartidor'),
(34, 'Rudi watches football. ', 'Mike like swimming. Rudi watches football. ', 'hfj', 'yqk', 64, 'cuiner'),
(35, 'I like sports. Rudi like sports. ', 'Rudi watches football. I watches football. ', 'por', 'lhw', 56, 'repartidor'),
(36, 'I watches football. ', 'Mike like sports. ', 'hkh', 'skf', 14, 'repartidor'),
(37, 'Mike watches football. ', 'Mike like swimming. Rudi like swimming. ', 'cdl', 'mrc', 134, 'repartidor'),
(38, 'Mike watches football. ', 'Mike like swimming. Rudi like swimming. ', 'cdl', 'mrc', 134, 'repartidor'),
(39, 'I loves flowers. Mike like swimming. ', 'Rudi like sports. Mike watches football. ', 'csb', 'jia', 116, 'repartidor'),
(40, 'Mike like sports. ', 'I loves flowers. Mike watches football. ', 'lnc', 'fbw', 113, 'repartidor'),
(41, 'I watches football. ', 'Rudi loves flowers. I like swimming. ', 'giy', 'eth', 18, 'cuiner'),
(44, 'Mike watches football. ', 'Rudi watches football. Mike like sports. ', 'axt', 'xlx', 76, 'cuiner'),
(45, 'Mike like sports. Mike loves flowers. ', 'Mike loves flowers. Mike watches football. ', 'bwk', 'nqr', 154, 'repartidor'),
(46, 'Mike loves flowers. Mike like sports. ', 'Mike like sports. Mike like swimming. ', 'lkc', 'dnl', 189, 'cuiner'),
(47, 'Rudi watches football. ', 'Mike like sports. Rudi loves flowers. ', 'ctw', 'hyn', 102, 'cuiner'),
(48, 'Rudi watches football. ', 'Mike like sports. Rudi loves flowers. ', 'ctw', 'hyn', 102, 'cuiner'),
(49, 'Rudi loves flowers. Mike like swimming. ', 'Rudi watches football. Mike loves flowers. ', 'zuy', 'ekd', 80, 'cuiner'),
(50, 'Rudi loves flowers. ', 'Rudi watches football. Rudi loves flowers. ', 'ckz', 'hng', 164, 'repartidor'),
(51, 'Rudi loves flowers. ', 'Rudi watches football. Rudi loves flowers. ', 'ckz', 'hng', 164, 'repartidor'),
(52, 'I loves flowers. Rudi watches football. ', 'I like swimming. ', 'ztm', 'ozq', 107, 'repartidor'),
(53, 'Mike loves flowers. I loves flowers. ', 'Rudi watches football. Rudi watches football. ', 'kkx', 'cba', 29, 'repartidor'),
(54, 'Rudi like sports. Mike like swimming. ', 'Rudi watches football. Mike like sports. ', 'hhw', 'tsu', 26, 'repartidor'),
(55, 'I watches football. I watches football. ', 'Mike like swimming. Mike loves flowers. ', 'cab', 'jab', 79, 'cuiner'),
(56, 'Rudi loves flowers. Rudi like sports. ', 'Mike watches football. Mike watches football. ', 'sft', 'bjs', 133, 'cuiner'),
(57, 'I like swimming. I like swimming. ', 'I watches football. Mike watches football. ', 'wrz', 'qby', 156, 'repartidor'),
(58, 'Rudi like swimming. Rudi like sports. ', 'I watches football. Mike watches football. ', 'yid', 'yxh', 141, 'repartidor'),
(59, 'Mike like swimming. Mike like swimming. ', 'Mike loves flowers. I loves flowers. ', 'lyf', 'qxv', 46, 'cuiner'),
(60, 'Mike loves flowers. Rudi loves flowers. ', 'Mike like sports. Rudi watches football. ', 'qsf', 'ycj', 44, 'cuiner'),
(61, 'Mike loves flowers. I watches football. ', 'I like swimming. Rudi watches football. ', 'gla', 'toq', 37, 'repartidor'),
(62, 'Rudi watches football. I loves flowers. ', 'Mike watches football. Rudi like sports. ', 'iom', 'nmg', 53, 'repartidor'),
(63, 'Mike watches football. ', 'Mike watches football. Rudi watches football. ', 'wag', 'yzn', 224, 'repartidor'),
(64, 'Mike like swimming. Mike like swimming. ', 'Mike loves flowers. I loves flowers. ', 'lyf', 'qxv', 46, 'cuiner'),
(65, 'Mike loves flowers. Rudi loves flowers. ', 'Mike like sports. Rudi watches football. ', 'qsf', 'ycj', 44, 'cuiner'),
(66, 'Mike loves flowers. I watches football. ', 'I like swimming. Rudi watches football. ', 'gla', 'toq', 37, 'repartidor'),
(67, 'Rudi watches football. I loves flowers. ', 'Mike watches football. Rudi like sports. ', 'iom', 'nmg', 53, 'repartidor'),
(68, 'Mike watches football. ', 'Mike watches football. Rudi watches football. ', 'wag', 'yzn', 224, 'repartidor'),
(69, 'Mike watches football. ', 'Mike like swimming. Rudi like sports. ', 'ujj', 'epr', 9, 'repartidor'),
(70, 'Rudi like swimming. ', 'I watches football. Rudi watches football. ', 'lok', 'szn', 218, 'cuiner'),
(71, 'Rudi like swimming. I loves flowers. ', 'Mike watches football. Rudi watches football. ', 'ndo', 'vpf', 132, 'repartidor'),
(72, 'I like sports. Rudi watches football. ', 'I watches football. Rudi loves flowers. ', 'wbj', 'fho', 201, 'cuiner'),
(74, 'Mike like swimming. Rudi loves flowers. ', 'Rudi like sports. Mike watches football. ', 'xho', 'tve', 181, 'cuiner'),
(75, 'I like sports. Rudi watches football. ', 'Mike watches football. Mike like swimming. ', 'rgs', 'hdc', 69, 'cuiner'),
(76, 'Rudi like swimming. Rudi like sports. ', 'I like sports. Mike watches football. ', 'cpa', 'kvj', 62, 'repartidor'),
(77, 'Rudi watches football. I like swimming. ', 'I watches football. Rudi loves flowers. ', 'xwt', 'mns', 174, 'cuiner'),
(78, 'I like swimming. Mike watches football. ', 'Rudi watches football. Rudi watches football. ', 'cky', 'bit', 159, 'repartidor'),
(79, 'Rudi like sports. Rudi like swimming. ', 'Mike like swimming. Mike watches football. ', 'jjt', 'dqw', 106, 'cuiner'),
(80, 'Rudi loves flowers. I watches football. ', 'Mike like sports. Mike like sports. ', 'bgf', 'dun', 171, 'cuiner'),
(81, 'I like swimming. Mike watches football. ', 'Rudi watches football. Rudi watches football. ', 'cky', 'bit', 159, 'repartidor'),
(82, 'Rudi like sports. Rudi like swimming. ', 'Mike like swimming. Mike watches football. ', 'jjt', 'dqw', 106, 'cuiner'),
(83, 'Rudi loves flowers. I watches football. ', 'Mike like sports. Mike like sports. ', 'bgf', 'dun', 171, 'cuiner'),
(84, 'Mike loves flowers. Rudi like swimming. ', 'I loves flowers. Rudi loves flowers. ', 'nrj', 'ebj', 108, 'cuiner'),
(85, 'Rudi like sports. Rudi like sports. ', 'I watches football. Mike watches football. ', 'lbd', 'bay', 25, 'cuiner'),
(86, 'Rudi like sports. Rudi like sports. ', 'I watches football. Mike watches football. ', 'lbd', 'bay', 25, 'cuiner'),
(87, 'Rudi like swimming. Mike like sports. ', 'Mike watches football. Rudi watches football. ', 'rry', 'hrf', 183, 'repartidor'),
(89, 'Rudi watches football. ', 'Mike loves flowers. ', 'owc', 'cje', 68, 'repartidor'),
(90, 'Rudi loves flowers. Mike like sports. ', 'Rudi loves flowers. I loves flowers. ', 'jvg', 'hqz', 208, 'cuiner'),
(92, 'Mike loves flowers. I watches football. ', 'Rudi watches football. I like sports. ', 'wlt', 'jod', 5, 'repartidor'),
(93, 'Mike watches football. Mike like sports.', 'I loves flowers. Rudi watches football. ', 'ktp', 'gnj', 42, 'repartidor'),
(94, 'Rudi like swimming. Mike loves flowers. ', 'Mike loves flowers. Rudi watches football. ', 'oqj', 'qkv', 128, 'repartidor'),
(95, 'Mike loves flowers. I loves flowers. ', 'Rudi loves flowers. Mike watches football. ', 'sgy', 'vfg', 7, 'repartidor'),
(99, 'Mike watches football. Mike like sports.', 'Mike watches football. Rudi watches football. ', 'bym', 'noc', 42, 'repartidor'),
(100, 'Mike watches football. ', 'Mike watches football. Rudi watches football. ', 'naw', 'mvn', 183, 'cuiner'),
(101, 'I like swimming. Rudi loves flowers. ', 'Rudi like swimming. Mike watches football. ', 'xlj', 'geh', 200, 'repartidor'),
(102, 'I watches football. ', 'Mike watches football. Rudi watches football. ', 'bvt', 'sut', 86, 'cuiner'),
(103, 'Mike watches football. ', 'Mike loves flowers. Rudi loves flowers. ', 'pic', 'xuu', 36, 'repartidor'),
(104, 'Mike like sports. Rudi watches football.', 'Mike watches football. ', 'woh', 'rrf', 177, 'repartidor'),
(107, 'Mike watches football. Rudi like sports.', 'Mike like sports. ', 'jsw', 'ifq', 106, 'repartidor'),
(108, 'I loves flowers. ', 'Rudi watches football. Rudi like sports. ', 'iqk', 'nms', 131, 'cuiner'),
(109, 'Mike loves flowers. I like swimming. ', 'Mike watches football. Rudi loves flowers. ', 'hng', 'juc', 151, 'cuiner'),
(111, 'I watches football. Mike like sports. ', 'Mike like sports. Rudi like swimming. ', 'ifv', 'vyl', 99, 'repartidor'),
(112, 'Rudi like swimming. I watches football. ', 'Rudi like sports. Rudi watches football. ', 'wcn', 'iel', 175, 'repartidor'),
(113, 'Mike watches football. I loves flowers. ', 'Mike like sports. ', 'txi', 'wdt', 2, 'repartidor'),
(114, 'Mike watches football. I like swimming. ', 'I watches football. ', 'jkc', 'vew', 67, 'cuiner'),
(115, 'I watches football. Mike like swimming. ', 'Mike loves flowers. I like sports. ', 'ltf', 'jou', 208, 'cuiner'),
(116, 'Mike loves flowers. Rudi like swimming. ', 'Mike watches football. Rudi loves flowers. ', 'fzp', 'epo', 26, 'cuiner'),
(117, 'I watches football. Mike like swimming. ', 'Mike loves flowers. I like sports. ', 'ltf', 'jou', 208, 'cuiner'),
(118, 'Mike loves flowers. Rudi like swimming. ', 'Mike watches football. Rudi loves flowers. ', 'fzp', 'epo', 26, 'cuiner'),
(119, 'Rudi like swimming. I loves flowers. ', 'Rudi loves flowers. Rudi watches football. ', 'xfb', 'wvs', 64, 'repartidor'),
(120, 'I like sports. Mike loves flowers. ', 'Rudi like sports. Mike loves flowers. ', 'xfm', 'gdr', 116, 'cuiner'),
(121, 'I like swimming. Mike loves flowers. ', 'Rudi loves flowers. I watches football. ', 'psd', 'crk', 4, 'cuiner'),
(122, 'Mike loves flowers. I like swimming. ', 'Mike loves flowers. Rudi loves flowers. ', 'vqj', 'dvc', 187, 'repartidor'),
(123, 'Mike loves flowers. I like swimming. ', 'Mike loves flowers. Rudi loves flowers. ', 'vqj', 'dvc', 187, 'repartidor'),
(124, 'Rudi like sports. Mike loves flowers. ', 'Mike loves flowers. I watches football. ', 'vgw', 'cew', 219, 'cuiner'),
(125, 'Rudi loves flowers. Mike loves flowers. ', 'Rudi watches football. Mike loves flowers. ', 'cnx', 'pfs', 73, 'repartidor'),
(126, 'Mike like swimming. ', 'I loves flowers. Rudi loves flowers. ', 'hov', 'rqa', 16, 'cuiner'),
(127, 'I loves flowers. ', 'Rudi watches football. Rudi loves flowers. ', 'etu', 'pcl', 84, 'cuiner'),
(128, 'Mike like swimming. I like sports. ', 'Rudi watches football. Mike like swimming. ', 'vbt', 'byu', 19, 'repartidor'),
(129, 'I watches football. ', 'Rudi like sports. Rudi watches football. ', 'tmg', 'spd', 68, 'repartidor'),
(130, 'I watches football. Rudi loves flowers. ', 'Rudi loves flowers. Mike watches football. ', 'tpy', 'cxb', 188, 'repartidor'),
(131, 'Mike watches football. ', 'Mike watches football. Rudi watches football. ', 'jnx', 'ddx', 14, 'cuiner'),
(132, 'I like sports. I like swimming. ', 'Mike watches football. Rudi watches football. ', 'seo', 'gas', 110, 'cuiner'),
(133, 'Rudi watches football. ', 'I watches football. ', 'lzs', 'bqb', 174, 'repartidor'),
(134, 'Mike loves flowers. I loves flowers. ', 'Rudi loves flowers. Mike watches football. ', 'xks', 'qvk', 95, 'repartidor'),
(135, 'Rudi watches football. I like swimming. ', 'Mike watches football. I watches football. ', 'asq', 'ezg', 43, 'cuiner'),
(136, 'Mike watches football. ', 'Mike watches football. Rudi watches football. ', 'jnx', 'ddx', 14, 'cuiner'),
(137, 'I like sports. I like swimming. ', 'Mike watches football. Rudi watches football. ', 'seo', 'gas', 110, 'cuiner'),
(138, 'Rudi watches football. ', 'I watches football. ', 'lzs', 'bqb', 174, 'repartidor'),
(139, 'Mike loves flowers. I loves flowers. ', 'Rudi loves flowers. Mike watches football. ', 'xks', 'qvk', 95, 'repartidor'),
(140, 'Rudi watches football. I like swimming. ', 'Mike watches football. I watches football. ', 'asq', 'ezg', 43, 'cuiner'),
(141, 'Mike loves flowers. Rudi loves flowers. ', 'Mike watches football. ', 'kiv', 'emq', 14, 'repartidor'),
(142, 'Rudi like sports. Mike watches football.', 'Mike loves flowers. I watches football. ', 'wve', 'dvp', 67, 'repartidor'),
(143, 'Mike like sports. Mike watches football.', 'I watches football. Mike loves flowers. ', 'ury', 'guq', 26, 'cuiner'),
(144, 'I loves flowers. Rudi loves flowers. ', 'Mike watches football. Mike watches football. ', 'dpg', 'vjn', 130, 'cuiner'),
(145, 'I loves flowers. Rudi watches football. ', 'I loves flowers. I loves flowers. ', 'osr', 'zrg', 183, 'cuiner'),
(146, 'Mike loves flowers. ', 'Rudi watches football. I like sports. ', 'cyk', 'bmx', 142, 'cuiner'),
(147, 'I like swimming. Mike like swimming. ', 'Mike watches football. I like swimming. ', 'evq', 'etg', 38, 'cuiner'),
(154, 'Rudi watches football. ', 'I loves flowers. Mike loves flowers. ', 'sib', 'qdt', 182, 'cuiner'),
(155, 'Rudi like sports. Rudi watches football.', 'Mike loves flowers. ', 'quy', 'wdr', 68, 'repartidor'),
(156, 'Mike loves flowers. ', 'I like sports. ', 'lvi', 'jxs', 172, 'repartidor'),
(157, 'Mike loves flowers. ', 'I like sports. ', 'hmh', 'xrj', 216, 'repartidor'),
(158, 'Rudi loves flowers. Rudi like swimming. ', 'I loves flowers. Mike watches football. ', 'exr', 'jke', 180, 'repartidor'),
(159, 'I watches football. Rudi like sports. ', 'Mike watches football. Rudi loves flowers. ', 'hgp', 'jzb', 82, 'cuiner'),
(160, 'I loves flowers. Mike loves flowers. ', 'Mike watches football. Mike watches football. ', 'tki', 'kcq', 168, 'cuiner'),
(162, 'Mike like swimming. I like swimming. ', 'Mike watches football. I watches football. ', 'egm', 'fsn', 172, 'repartidor'),
(163, 'Mike watches football. ', 'Mike like swimming. Rudi watches football. ', 'mxb', 'mvl', 98, 'cuiner'),
(164, 'Mike loves flowers. Rudi loves flowers. ', 'Mike watches football. I watches football. ', 'pnj', 'kxn', 33, 'repartidor'),
(165, 'I loves flowers. Mike watches football. ', 'I watches football. ', 'ikt', 'fuf', 211, 'cuiner'),
(166, 'I loves flowers. I like sports. ', 'I watches football. I loves flowers. ', 'kvr', 'dpt', 208, 'cuiner'),
(167, 'Mike watches football. ', 'Rudi watches football. ', 'psu', 'rmx', 30, 'repartidor'),
(168, 'I loves flowers. I like sports. ', 'I watches football. I loves flowers. ', 'kvr', 'dpt', 208, 'cuiner'),
(169, 'Mike watches football. ', 'Rudi watches football. ', 'psu', 'rmx', 30, 'repartidor'),
(170, 'Mike like sports. Mike loves flowers. ', 'Rudi loves flowers. Rudi watches football. ', 'hvm', 'lbj', 96, 'cuiner'),
(171, 'I watches football. ', 'Mike watches football. Rudi like sports. ', 'lpg', 'lsu', 119, 'repartidor'),
(172, 'I watches football. Mike like swimming. ', 'Mike like sports. Mike loves flowers. ', 'olj', 'hrs', 101, 'repartidor'),
(175, 'Mike like swimming. Rudi like swimming. ', 'Mike loves flowers. Rudi watches football. ', 'whw', 'rvu', 115, 'repartidor'),
(176, 'Rudi watches football. I loves flowers. ', 'Mike watches football. Rudi like sports. ', 'fko', 'ckd', 133, 'cuiner'),
(177, 'I watches football. ', 'Mike like swimming. ', 'fvp', 'ehr', 33, 'repartidor'),
(179, 'I loves flowers. Mike watches football. ', 'Rudi like sports. Mike watches football. ', 'jqx', 'qup', 163, 'cuiner'),
(180, 'Rudi loves flowers. Rudi loves flowers. ', 'Mike watches football. Mike like swimming. ', 'nbk', 'vvt', 205, 'repartidor'),
(181, 'Rudi loves flowers. ', 'Mike loves flowers. Rudi watches football. ', 'xyz', 'sul', 32, 'repartidor'),
(182, 'I loves flowers. Rudi like sports. ', 'Mike loves flowers. ', 'xnb', 'mvb', 219, 'cuiner'),
(183, 'I loves flowers. Rudi like sports. ', 'Mike loves flowers. ', 'xnb', 'mvb', 219, 'cuiner'),
(184, 'Mike loves flowers. Mike like sports. ', 'Mike watches football. Mike watches football. ', 'hab', 'dhu', 75, 'cuiner'),
(186, 'Mike loves flowers. I like swimming. ', 'Rudi watches football. Mike loves flowers. ', 'svu', 'goz', 136, 'cuiner'),
(187, 'I like sports. Mike watches football. ', 'Mike watches football. ', 'gev', 'wbu', 211, 'cuiner'),
(188, 'I like swimming. I like sports. ', 'Rudi watches football. I watches football. ', 'wbj', 'nfd', 158, 'cuiner'),
(189, 'I loves flowers. Rudi like swimming. ', 'Mike watches football. Rudi watches football. ', 'djb', 'tii', 111, 'repartidor'),
(190, 'Rudi watches football. I loves flowers. ', 'Mike watches football. Rudi watches football. ', 'kef', 'tgc', 126, 'repartidor'),
(191, 'I loves flowers. I watches football. ', 'Mike watches football. Rudi loves flowers. ', 'kln', 'uof', 205, 'repartidor'),
(192, 'Mike loves flowers. ', 'I watches football. Mike like sports. ', 'xoq', 'rgp', 216, 'repartidor'),
(193, 'Rudi watches football. I loves flowers. ', 'Mike watches football. Rudi watches football. ', 'kef', 'tgc', 126, 'repartidor'),
(194, 'I loves flowers. I watches football. ', 'Mike watches football. Rudi loves flowers. ', 'kln', 'uof', 205, 'repartidor'),
(195, 'Mike loves flowers. ', 'I watches football. Mike like sports. ', 'xoq', 'rgp', 216, 'repartidor'),
(196, 'Mike loves flowers. I loves flowers. ', 'Rudi loves flowers. I like swimming. ', 'xmg', 'fhn', 165, 'cuiner'),
(198, 'Mike loves flowers. ', 'Rudi watches football. Rudi loves flowers. ', 'jnz', 'pdu', 223, 'cuiner'),
(199, 'Mike watches football. Mike like sports.', 'I loves flowers. Mike loves flowers. ', 'usz', 'cdc', 108, 'cuiner'),
(200, 'I watches football. Mike like sports. ', 'I watches football. Mike watches football. ', 'hok', 'vgd', 30, 'cuiner'),
(201, 'I watches football. Mike like sports. ', 'I watches football. Mike watches football. ', 'hok', 'vgd', 30, 'cuiner'),
(202, 'Mike like swimming. Rudi like swimming. ', 'Rudi watches football. Mike loves flowers. ', 'aeu', 'dob', 176, 'repartidor'),
(203, 'Mike watches football. I loves flowers. ', 'Mike watches football. ', 'cjb', 'xsb', 95, 'repartidor'),
(204, 'Rudi loves flowers. Rudi like swimming. ', 'Mike watches football. Rudi like sports. ', 'rgl', 'vwq', 126, 'cuiner'),
(207, 'I watches football. ', 'I watches football. Rudi watches football. ', 'tof', 'twr', 53, 'repartidor'),
(208, 'Rudi watches football. Mike like sports.', 'Rudi watches football. Mike watches football. ', 'ugc', 'jjd', 155, 'repartidor'),
(209, 'Rudi loves flowers. I like sports. ', 'Mike watches football. Rudi loves flowers. ', 'cxw', 'zkg', 224, 'repartidor'),
(210, 'Mike loves flowers. Mike like swimming. ', 'I like swimming. Rudi watches football. ', 'oau', 'koy', 143, 'repartidor'),
(211, 'Mike loves flowers. I watches football. ', 'Mike loves flowers. Mike loves flowers. ', 'dak', 'soz', 131, 'repartidor'),
(213, 'Mike watches football. ', 'Mike like sports. I like sports. ', 'rvt', 'haq', 146, 'repartidor'),
(214, 'Rudi loves flowers. ', 'Mike watches football. Mike like swimming. ', 'ati', 'hiy', 23, 'cuiner'),
(215, 'Rudi watches football. ', 'I watches football. Mike loves flowers. ', 'guy', 'bln', 183, 'cuiner'),
(216, 'I like swimming. Rudi loves flowers. ', 'Mike watches football. Rudi watches football. ', 'uck', 'xas', 135, 'cuiner'),
(218, 'Mike like swimming. Mike like swimming. ', 'Rudi watches football. I like swimming. ', 'bux', 'rko', 203, 'cuiner'),
(219, 'Mike watches football. Mike like sports.', 'Mike watches football. Mike watches football. ', 'lnc', 'hcl', 15, 'repartidor'),
(220, 'Mike loves flowers. I loves flowers. ', 'Mike watches football. Rudi watches football. ', 'kjp', 'ihm', 92, 'repartidor'),
(221, 'Rudi watches football. Mike like sports.', 'Mike loves flowers. ', 'sde', 'nhd', 141, 'repartidor'),
(224, 'I like sports. ', 'Mike watches football. Rudi watches football. ', 'gii', 'mql', 134, 'cuiner'),
(225, 'Mike loves flowers. Rudi loves flowers. ', 'Mike watches football. Mike like swimming. ', 'ycg', 'jzm', 102, 'cuiner'),
(226, 'Mike loves flowers. Rudi loves flowers. ', 'Mike watches football. Mike like sports. ', 'ryc', 'qso', 165, 'repartidor'),
(227, 'Mike like swimming. I loves flowers. ', 'I like swimming. Rudi watches football. ', 'akm', 'ksm', 180, 'repartidor'),
(228, 'Mike watches football. I like sports. ', 'Rudi like sports. Rudi watches football. ', 'bln', 'wdk', 138, 'cuiner'),
(231, 'Mike like sports. Mike watches football.', 'Rudi loves flowers. Mike like swimming. ', 'oeb', 'xfr', 179, 'cuiner'),
(232, 'Rudi like sports. Mike loves flowers. ', 'Rudi watches football. Mike loves flowers. ', 'upo', 'sfb', 15, 'cuiner'),
(233, 'Mike like sports. Rudi loves flowers. ', 'I like sports. Mike like swimming. ', 'npb', 'dst', 94, 'repartidor'),
(235, 'Rudi loves flowers. Rudi loves flowers. ', 'Mike watches football. I watches football. ', 'blr', 'zld', 121, 'repartidor'),
(236, 'Rudi loves flowers. Mike like swimming. ', 'Rudi watches football. I watches football. ', 'ynk', 'gco', 77, 'cuiner'),
(237, 'Rudi loves flowers. ', 'I like swimming. ', 'apb', 'sge', 105, 'repartidor'),
(238, 'Rudi loves flowers. ', 'I like swimming. ', 'apb', 'sge', 105, 'repartidor'),
(239, 'Mike watches football. ', 'Mike loves flowers. Mike loves flowers. ', 'wng', 'xex', 171, 'cuiner'),
(240, 'Mike watches football. ', 'Rudi watches football. Mike loves flowers. ', 'ydk', 'crd', 210, 'cuiner'),
(241, 'Mike watches football. ', 'Rudi watches football. Mike loves flowers. ', 'ydk', 'crd', 210, 'cuiner'),
(242, 'Mike loves flowers. Mike like swimming. ', 'Mike like swimming. ', 'dvx', 'gbt', 116, 'cuiner'),
(244, 'Mike loves flowers. Mike loves flowers. ', 'Mike watches football. I like swimming. ', 'zuh', 'cik', 69, 'cuiner'),
(245, 'Mike like sports. Rudi watches football.', 'I watches football. Mike loves flowers. ', 'qvj', 'imm', 36, 'cuiner'),
(246, 'I like sports. I watches football. ', 'I like swimming. Mike loves flowers. ', 'wta', 'qgt', 201, 'cuiner'),
(247, 'Mike like sports. I loves flowers. ', 'Mike watches football. Rudi like sports. ', 'mki', 'qxq', 165, 'repartidor'),
(248, 'I watches football. Rudi loves flowers. ', 'Mike like sports. Rudi loves flowers. ', 'vqj', 'bur', 151, 'cuiner'),
(249, 'Mike loves flowers. Rudi loves flowers. ', 'Rudi like sports. Rudi like sports. ', 'mkx', 'llo', 132, 'repartidor'),
(250, 'Mike loves flowers. ', 'I loves flowers. I like sports. ', 'ghx', 'psv', 163, 'cuiner'),
(251, 'Mike like sports. ', 'I watches football. Rudi watches football. ', 'afk', 'pzw', 72, 'cuiner'),
(252, 'Rudi loves flowers. ', 'Rudi watches football. I watches football. ', 'hvm', 'vxi', 127, 'repartidor'),
(253, 'Mike loves flowers. Mike like sports. ', 'I like sports. ', 'luo', 'uqn', 29, 'cuiner'),
(254, 'I loves flowers. Mike like sports. ', 'Rudi watches football. ', 'tsd', 'ysi', 93, 'repartidor'),
(255, 'Rudi like swimming. I loves flowers. ', 'I like swimming. Rudi like sports. ', 'ksb', 'iyt', 164, 'cuiner'),
(256, 'I loves flowers. I loves flowers. ', 'Rudi loves flowers. Rudi watches football. ', 'fdt', 'xeb', 220, 'cuiner'),
(257, 'Rudi loves flowers. ', 'Rudi watches football. I watches football. ', 'hvm', 'vxi', 127, 'repartidor'),
(258, 'Mike loves flowers. Mike like sports. ', 'I like sports. ', 'luo', 'uqn', 29, 'cuiner'),
(259, 'I loves flowers. Mike like sports. ', 'Rudi watches football. ', 'tsd', 'ysi', 93, 'repartidor'),
(260, 'Rudi like swimming. I loves flowers. ', 'I like swimming. Rudi like sports. ', 'ksb', 'iyt', 164, 'cuiner'),
(261, 'I loves flowers. I loves flowers. ', 'Rudi loves flowers. Rudi watches football. ', 'fdt', 'xeb', 220, 'cuiner'),
(262, 'Mike watches football. Rudi like sports.', 'I loves flowers. Mike loves flowers. ', 'ybt', 'iif', 91, 'cuiner'),
(263, 'Mike like sports. Mike loves flowers. ', 'Mike loves flowers. Mike like sports. ', 'hjn', 'jnu', 61, 'cuiner'),
(264, 'Mike like sports. Mike loves flowers. ', 'Mike loves flowers. Mike like sports. ', 'hjn', 'jnu', 61, 'cuiner'),
(265, 'Rudi watches football. ', 'Mike loves flowers. Rudi loves flowers. ', 'jxv', 'dyv', 30, 'repartidor'),
(267, 'Mike watches football. I loves flowers. ', 'Rudi like sports. Mike watches football. ', 'jtt', 'tup', 201, 'repartidor'),
(268, 'Mike like swimming. Rudi loves flowers. ', 'Mike like swimming. Rudi loves flowers. ', 'jpq', 'gtc', 117, 'repartidor'),
(269, 'I like swimming. I loves flowers. ', 'Mike watches football. Rudi loves flowers. ', 'maa', 'xna', 31, 'repartidor'),
(270, 'Rudi watches football. ', 'Mike loves flowers. ', 'abu', 'ugw', 223, 'cuiner'),
(271, 'I watches football. Rudi like swimming. ', 'Rudi watches football. Rudi loves flowers. ', 'bsu', 'kkn', 4, 'repartidor'),
(272, 'I loves flowers. Rudi watches football. ', 'Mike like swimming. Rudi like sports. ', 'rsx', 'fqt', 8, 'repartidor'),
(273, 'I loves flowers. I watches football. ', 'I watches football. Mike watches football. ', 'mjd', 'pbp', 145, 'cuiner'),
(274, 'I watches football. Rudi like swimming. ', 'Rudi watches football. Rudi loves flowers. ', 'bsu', 'kkn', 4, 'repartidor'),
(275, 'I loves flowers. Rudi watches football. ', 'Mike like swimming. Rudi like sports. ', 'rsx', 'fqt', 8, 'repartidor'),
(276, 'I loves flowers. I watches football. ', 'I watches football. Mike watches football. ', 'mjd', 'pbp', 145, 'cuiner'),
(277, 'Mike watches football. ', 'Mike like sports. ', 'wov', 'npy', 88, 'repartidor'),
(278, 'I loves flowers. Rudi watches football. ', 'Mike loves flowers. Mike loves flowers. ', 'rgf', 'jrs', 169, 'repartidor'),
(279, 'Mike watches football. ', 'Rudi like sports. ', 'zfb', 'uwj', 115, 'repartidor'),
(280, 'Rudi watches football. Mike like sports.', 'Mike like swimming. Mike loves flowers. ', 'mjj', 'fwj', 49, 'cuiner'),
(281, 'Mike watches football. ', 'Mike loves flowers. Mike like sports. ', 'ysd', 'kke', 29, 'repartidor'),
(282, 'Rudi watches football. Rudi like sports.', 'Mike like swimming. I watches football. ', 'jfu', 'onr', 180, 'repartidor'),
(283, 'Rudi watches football. Mike like sports.', 'I loves flowers. Rudi loves flowers. ', 'bhh', 'aoi', 99, 'cuiner'),
(284, 'I like sports. Mike watches football. ', 'Rudi loves flowers. ', 'fvp', 'qtl', 30, 'cuiner'),
(285, 'Mike watches football. ', 'I watches football. ', 'oyn', 'cur', 177, 'cuiner'),
(286, 'Rudi watches football. ', 'Mike watches football. Mike loves flowers. ', 'xhe', 'ast', 77, 'cuiner'),
(287, 'Mike watches football. Rudi like sports.', 'Rudi like sports. I watches football. ', 'qgv', 'yjt', 119, 'repartidor'),
(288, 'Rudi like swimming. ', 'Mike loves flowers. Rudi watches football. ', 'drf', 'mmj', 76, 'cuiner'),
(289, 'I like sports. Rudi watches football. ', 'I watches football. ', 'llf', 'pdq', 197, 'cuiner'),
(290, 'I like sports. Mike watches football. ', 'Rudi loves flowers. ', 'fvp', 'qtl', 30, 'cuiner'),
(291, 'Mike watches football. ', 'I watches football. ', 'oyn', 'cur', 177, 'cuiner'),
(292, 'Rudi watches football. ', 'Mike watches football. Mike loves flowers. ', 'xhe', 'ast', 77, 'cuiner'),
(293, 'Mike watches football. Rudi like sports.', 'Rudi like sports. I watches football. ', 'qgv', 'yjt', 119, 'repartidor'),
(294, 'Rudi like swimming. ', 'Mike loves flowers. Rudi watches football. ', 'drf', 'mmj', 76, 'cuiner'),
(295, 'I like sports. Rudi watches football. ', 'I watches football. ', 'llf', 'pdq', 197, 'cuiner'),
(296, 'Mike like swimming. Mike loves flowers. ', 'I loves flowers. ', 'hbf', 'qoc', 183, 'cuiner'),
(297, 'Mike loves flowers. I watches football. ', 'I loves flowers. Mike loves flowers. ', 'vlj', 'dxb', 148, 'cuiner'),
(298, 'Rudi like swimming. I watches football. ', 'I watches football. Mike like sports. ', 'aqt', 'eig', 82, 'cuiner'),
(299, 'Mike loves flowers. I watches football. ', 'Rudi loves flowers. Mike watches football. ', 'ayh', 'zob', 153, 'cuiner'),
(300, 'Rudi watches football. ', 'Mike watches football. I watches football. ', 'blg', 'htr', 175, 'cuiner'),
(301, 'Rudi like swimming. I loves flowers. ', 'Mike watches football. I loves flowers. ', 'tta', 'ccp', 217, 'cuiner'),
(302, 'Mike loves flowers. I watches football. ', 'Rudi loves flowers. Mike watches football. ', 'ayh', 'zob', 153, 'cuiner'),
(303, 'Rudi watches football. ', 'Mike watches football. I watches football. ', 'blg', 'htr', 175, 'cuiner'),
(304, 'Rudi like swimming. I loves flowers. ', 'Mike watches football. I loves flowers. ', 'tta', 'ccp', 217, 'cuiner'),
(305, 'Rudi like swimming. Mike loves flowers. ', 'Rudi like sports. Rudi watches football. ', 'jlk', 'bpy', 54, 'cuiner'),
(306, 'Rudi like sports. Mike loves flowers. ', 'Mike watches football. Rudi watches football. ', 'suq', 'imr', 8, 'cuiner'),
(307, 'Rudi like sports. Mike loves flowers. ', 'Mike watches football. Rudi watches football. ', 'suq', 'imr', 8, 'cuiner'),
(308, 'Rudi like sports. ', 'I loves flowers. I watches football. ', 'wwq', 'qfx', 224, 'cuiner'),
(309, 'Mike watches football. I like sports. ', 'Mike loves flowers. Rudi like sports. ', 'plb', 'gld', 135, 'repartidor'),
(310, 'Mike watches football. I like sports. ', 'Mike loves flowers. Rudi like sports. ', 'plb', 'gld', 135, 'repartidor'),
(311, 'Rudi loves flowers. ', 'Mike loves flowers. Rudi watches football. ', 'elu', 'tmo', 134, 'cuiner'),
(313, 'Mike watches football. Mike like sports.', 'Mike watches football. Mike loves flowers. ', 'uqd', 'fgt', 120, 'cuiner'),
(314, 'I like sports. Rudi watches football. ', 'Mike loves flowers. Rudi like swimming. ', 'aoe', 'tiw', 152, 'cuiner'),
(315, 'Mike loves flowers. Rudi like swimming. ', 'Mike watches football. Rudi watches football. ', 'bsw', 'pud', 26, 'cuiner'),
(316, 'Mike loves flowers. I loves flowers. ', 'Mike loves flowers. Mike loves flowers. ', 'opo', 'wph', 89, 'cuiner'),
(317, 'Mike loves flowers. Mike like swimming. ', 'I watches football. Rudi watches football. ', 'svd', 'rmg', 18, 'cuiner'),
(318, 'I like swimming. Rudi loves flowers. ', 'I watches football. ', 'qys', 'jsu', 180, 'cuiner'),
(319, 'I loves flowers. ', 'Mike watches football. Rudi watches football. ', 'ghc', 'yqs', 50, 'cuiner'),
(320, 'Mike loves flowers. Mike like swimming. ', 'I watches football. Rudi watches football. ', 'svd', 'rmg', 18, 'cuiner'),
(321, 'I like swimming. Rudi loves flowers. ', 'I watches football. ', 'qys', 'jsu', 180, 'cuiner'),
(322, 'I loves flowers. ', 'Mike watches football. Rudi watches football. ', 'ghc', 'yqs', 50, 'cuiner'),
(323, 'Rudi loves flowers. Mike loves flowers. ', 'Mike watches football. Rudi loves flowers. ', 'pap', 'nep', 1, 'cuiner'),
(324, 'Mike watches football. I loves flowers. ', 'I loves flowers. Rudi watches football. ', 'qqe', 'anm', 80, 'repartidor'),
(325, 'Mike loves flowers. I like swimming. ', 'Mike watches football. I watches football. ', 'woe', 'hky', 10, 'repartidor'),
(326, 'Mike like swimming. I loves flowers. ', 'Rudi watches football. I like swimming. ', 'klx', 'gjr', 167, 'repartidor'),
(327, 'Mike like swimming. ', 'I loves flowers. Mike watches football. ', 'gxh', 'mox', 201, 'cuiner'),
(328, 'Mike loves flowers. ', 'Rudi loves flowers. Rudi watches football. ', 'tuq', 'red', 30, 'cuiner'),
(329, 'Mike like swimming. I loves flowers. ', 'Rudi watches football. I like swimming. ', 'klx', 'gjr', 167, 'repartidor'),
(330, 'Mike like swimming. ', 'I loves flowers. Mike watches football. ', 'gxh', 'mox', 201, 'cuiner'),
(331, 'Mike loves flowers. ', 'Rudi loves flowers. Rudi watches football. ', 'tuq', 'red', 30, 'cuiner'),
(332, 'I loves flowers. ', 'Mike loves flowers. Rudi watches football. ', 'lod', 'vik', 184, 'repartidor'),
(333, 'Mike loves flowers. Mike like swimming. ', 'I watches football. ', 'wng', 'pgd', 88, 'repartidor'),
(334, 'Mike loves flowers. Mike like swimming. ', 'I watches football. ', 'wng', 'pgd', 88, 'repartidor'),
(335, 'Mike loves flowers. ', 'Mike like swimming. ', 'gme', 'pyg', 165, 'repartidor'),
(336, 'I like swimming. Mike like swimming. ', 'Mike watches football. I like sports. ', 'hoz', 'xwh', 181, 'cuiner'),
(337, 'I like swimming. Mike like swimming. ', 'Mike watches football. I like sports. ', 'hoz', 'xwh', 181, 'cuiner'),
(338, 'Mike watches football. Rudi like sports.', 'Mike watches football. I watches football. ', 'oom', 'qfa', 187, 'cuiner'),
(340, 'I loves flowers. Rudi loves flowers. ', 'Mike like swimming. Rudi like swimming. ', 'ufk', 'wyu', 166, 'repartidor'),
(341, 'Mike loves flowers. Rudi like sports. ', 'Mike like swimming. Rudi watches football. ', 'jlb', 'ofs', 52, 'repartidor'),
(342, 'Mike loves flowers. Mike like swimming. ', 'Mike watches football. I like sports. ', 'jre', 'hyd', 70, 'cuiner'),
(343, 'I watches football. ', 'I like sports. ', 'cyx', 'wan', 27, 'cuiner'),
(344, 'I like sports. Mike loves flowers. ', 'I loves flowers. Mike like swimming. ', 'vlj', 'gyy', 10, 'repartidor'),
(345, 'I like sports. Mike loves flowers. ', 'I loves flowers. Mike like swimming. ', 'vlj', 'gyy', 10, 'repartidor'),
(346, 'Mike watches football. ', 'Mike watches football. Rudi watches football. ', 'jlq', 'krw', 168, 'cuiner'),
(347, 'Mike like swimming. Mike like swimming. ', 'I watches football. Rudi watches football. ', 'hku', 'njj', 192, 'repartidor'),
(348, 'Mike like sports. Rudi watches football.', 'Mike like sports. ', 'nei', 'rsu', 214, 'repartidor'),
(349, 'Mike loves flowers. Rudi like swimming. ', 'Mike watches football. Rudi like swimming. ', 'xyn', 'cbk', 74, 'repartidor'),
(350, 'Mike loves flowers. I watches football. ', 'Mike watches football. ', 'pbv', 'lvp', 127, 'repartidor'),
(351, 'Rudi loves flowers. I watches football. ', 'Rudi watches football. Mike watches football. ', 'xew', 'fqw', 67, 'repartidor'),
(352, 'Mike like swimming. I watches football. ', 'I watches football. Mike loves flowers. ', 'rbg', 'coe', 104, 'cuiner'),
(353, 'Rudi loves flowers. I watches football. ', 'Rudi watches football. Mike watches football. ', 'xew', 'fqw', 67, 'repartidor'),
(354, 'Mike like swimming. I watches football. ', 'I watches football. Mike loves flowers. ', 'rbg', 'coe', 104, 'cuiner'),
(355, 'I like sports. Rudi like swimming. ', 'Rudi like sports. I loves flowers. ', 'oqb', 'pvl', 13, 'cuiner'),
(356, 'Mike watches football. Rudi like sports.', 'Mike loves flowers. Rudi like sports. ', 'gky', 'lqu', 116, 'repartidor'),
(357, 'Mike loves flowers. I loves flowers. ', 'Rudi watches football. Rudi watches football. ', 'udq', 'vem', 16, 'repartidor'),
(358, 'Mike like swimming. Mike like sports. ', 'Mike watches football. ', 'ajq', 'jwv', 83, 'repartidor'),
(359, 'I like swimming. ', 'Mike watches football. Rudi like swimming. ', 'sjn', 'jef', 211, 'repartidor'),
(360, 'I watches football. ', 'Mike loves flowers. I watches football. ', 'flc', 'ieo', 165, 'repartidor'),
(361, 'Mike like swimming. Rudi like swimming. ', 'Mike like sports. Mike loves flowers. ', 'ogw', 'qop', 3, 'repartidor'),
(363, 'Mike like swimming. Mike loves flowers. ', 'Rudi loves flowers. Rudi watches football. ', 'ufv', 'jay', 88, 'repartidor'),
(364, 'I watches football. ', 'Mike watches football. Mike like swimming. ', 'tce', 'nlq', 85, 'cuiner'),
(365, 'Mike watches football. Rudi like sports.', 'Mike watches football. ', 'aew', 'glj', 57, 'cuiner'),
(366, 'Mike watches football. Mike like sports.', 'Rudi loves flowers. I watches football. ', 'rtb', 'hmt', 169, 'repartidor'),
(369, 'I loves flowers. I loves flowers. ', 'Rudi loves flowers. Rudi watches football. ', 'ktb', 'azk', 198, 'repartidor'),
(370, 'Rudi like sports. ', 'Mike like swimming. Rudi like swimming. ', 'idt', 'xns', 115, 'cuiner'),
(371, 'Mike like sports. Mike watches football.', 'I watches football. ', 'ubt', 'oeg', 124, 'cuiner'),
(372, 'Mike like swimming. ', 'Rudi watches football. Mike like swimming. ', 'bxp', 'njn', 177, 'cuiner'),
(373, 'I loves flowers. I watches football. ', 'I like swimming. ', 'qlf', 'nkj', 189, 'repartidor'),
(374, 'I watches football. Mike like swimming. ', 'I watches football. Mike watches football. ', 'zmi', 'xpq', 43, 'repartidor'),
(375, 'Mike like sports. Mike watches football.', 'I like sports. Mike watches football. ', 'gct', 'qmm', 25, 'cuiner'),
(376, 'Rudi watches football. ', 'Mike loves flowers. Mike watches football. ', 'per', 'hfp', 128, 'repartidor'),
(377, 'I loves flowers. ', 'Mike loves flowers. Rudi watches football. ', 'kkv', 'ghm', 140, 'cuiner'),
(378, 'Rudi watches football. I loves flowers. ', 'I like swimming. Mike watches football. ', 'kkz', 'owp', 183, 'repartidor'),
(379, 'I loves flowers. Rudi like swimming. ', 'I loves flowers. Rudi like sports. ', 'sup', 'qie', 202, 'cuiner'),
(380, 'Rudi watches football. ', 'I watches football. Mike like swimming. ', 'yso', 'rxl', 101, 'cuiner'),
(381, 'Mike watches football. Mike like sports.', 'Mike watches football. Mike watches football. ', 'lig', 'jol', 123, 'cuiner'),
(382, 'Mike watches football. ', 'Mike watches football. ', 'gtc', 'jkk', 5, 'cuiner'),
(383, 'Rudi watches football. I loves flowers. ', 'I like swimming. Mike watches football. ', 'kkz', 'owp', 183, 'repartidor'),
(384, 'I loves flowers. Rudi like swimming. ', 'I loves flowers. Rudi like sports. ', 'sup', 'qie', 202, 'cuiner'),
(385, 'Rudi watches football. ', 'I watches football. Mike like swimming. ', 'yso', 'rxl', 101, 'cuiner'),
(386, 'Mike watches football. Mike like sports.', 'Mike watches football. Mike watches football. ', 'lig', 'jol', 123, 'cuiner'),
(387, 'Mike watches football. ', 'Mike watches football. ', 'gtc', 'jkk', 5, 'cuiner'),
(388, 'Mike like swimming. Rudi like swimming. ', 'Mike watches football. Rudi loves flowers. ', 'jvg', 'ikd', 108, 'cuiner'),
(389, 'Mike loves flowers. Rudi loves flowers. ', 'Mike watches football. Mike watches football. ', 'jsd', 'wzj', 5, 'cuiner'),
(390, 'Mike loves flowers. Rudi loves flowers. ', 'Mike watches football. Mike watches football. ', 'jsd', 'wzj', 5, 'cuiner'),
(391, 'I loves flowers. ', 'Rudi watches football. I like sports. ', 'bxb', 'pqs', 183, 'repartidor'),
(392, 'I loves flowers. Mike like swimming. ', 'Mike like sports. Mike watches football. ', 'dse', 'iss', 148, 'cuiner'),
(393, 'Mike loves flowers. Rudi loves flowers. ', 'Mike watches football. I like swimming. ', 'nol', 'ive', 171, 'cuiner'),
(394, 'I watches football. Rudi loves flowers. ', 'Mike like swimming. ', 'sjd', 'mhl', 139, 'repartidor'),
(395, 'I watches football. Rudi loves flowers. ', 'Mike like swimming. ', 'sjd', 'mhl', 139, 'repartidor'),
(396, 'I watches football. I loves flowers. ', 'Rudi watches football. ', 'zqv', 'usr', 106, 'repartidor'),
(397, 'Mike like sports. Rudi watches football.', 'I loves flowers. Rudi watches football. ', 'mye', 'uxa', 123, 'repartidor'),
(398, 'Mike like sports. Rudi watches football.', 'I loves flowers. Rudi watches football. ', 'mye', 'uxa', 123, 'repartidor'),
(399, 'I loves flowers. ', 'Rudi watches football. Mike watches football. ', 'cmr', 'qbt', 117, 'cuiner'),
(400, 'Mike like sports. Mike watches football.', 'Mike loves flowers. Mike watches football. ', 'jgl', 'xvc', 68, 'cuiner'),
(401, 'Mike watches football. Mike like sports.', 'I like swimming. Mike loves flowers. ', 'rgq', 'oyy', 18, 'repartidor'),
(403, 'Mike like swimming. Rudi loves flowers. ', 'I watches football. Mike watches football. ', 'nnt', 'twx', 120, 'repartidor'),
(404, 'I watches football. Mike loves flowers. ', 'I watches football. Rudi loves flowers. ', 'qqb', 'qfj', 77, 'cuiner'),
(405, 'Mike loves flowers. Mike loves flowers. ', 'Mike loves flowers. ', 'zfn', 'qgu', 203, 'cuiner'),
(406, 'Mike like sports. Rudi like swimming. ', 'I watches football. ', 'eoh', 'nji', 218, 'cuiner'),
(410, 'Mike watches football. I like swimming. ', 'I like sports. ', 'ydj', 'evu', 66, 'cuiner'),
(411, 'Mike loves flowers. ', 'Mike watches football. Rudi like sports. ', 'aym', 'ukc', 9, 'cuiner'),
(412, 'I watches football. Rudi like swimming. ', 'Rudi loves flowers. Mike watches football. ', 'wye', 'jpg', 162, 'cuiner'),
(413, 'I like swimming. Mike loves flowers. ', 'I watches football. Rudi watches football. ', 'zil', 'qgo', 182, 'repartidor'),
(414, 'Mike like sports. Mike like swimming. ', 'I like swimming. Rudi watches football. ', 'dhp', 'itu', 106, 'repartidor'),
(415, 'Mike like swimming. Rudi like swimming. ', 'I watches football. I like swimming. ', 'nbe', 'dhh', 130, 'cuiner'),
(416, 'I loves flowers. Rudi watches football. ', 'Mike loves flowers. I like sports. ', 'jts', 'pyk', 57, 'repartidor'),
(417, 'I like sports. Mike loves flowers. ', 'Rudi watches football. ', 'xzw', 'ypb', 30, 'repartidor'),
(418, 'Mike loves flowers. Rudi loves flowers. ', 'I loves flowers. Mike loves flowers. ', 'uax', 'png', 95, 'repartidor'),
(419, 'I loves flowers. Rudi watches football. ', 'Mike loves flowers. I like sports. ', 'jts', 'pyk', 57, 'repartidor'),
(420, 'I like sports. Mike loves flowers. ', 'Rudi watches football. ', 'xzw', 'ypb', 30, 'repartidor'),
(421, 'Mike loves flowers. Rudi loves flowers. ', 'I loves flowers. Mike loves flowers. ', 'uax', 'png', 95, 'repartidor'),
(422, 'I loves flowers. Rudi loves flowers. ', 'I like swimming. ', 'wbz', 'gcq', 46, 'repartidor'),
(424, 'Rudi loves flowers. Rudi loves flowers. ', 'Mike watches football. I like swimming. ', 'nul', 'ngn', 8, 'repartidor'),
(425, 'Mike watches football. ', 'Rudi watches football. Rudi like sports. ', 'vdr', 'eir', 109, 'repartidor'),
(427, 'Mike watches football. I like sports. ', 'Rudi loves flowers. I watches football. ', 'ugf', 'nua', 107, 'repartidor'),
(428, 'Rudi like swimming. ', 'Mike like swimming. Rudi like sports. ', 'zjt', 'zbr', 138, 'cuiner'),
(429, 'Mike watches football. ', 'Rudi watches football. ', 'ses', 'vhh', 173, 'cuiner'),
(430, 'Mike loves flowers. I watches football. ', 'Mike like sports. Rudi like swimming. ', 'eri', 'pgf', 224, 'repartidor'),
(432, 'Mike like sports. Mike watches football.', 'Mike loves flowers. Rudi like swimming. ', 'jji', 'ygw', 225, 'cuiner'),
(433, 'Mike loves flowers. I like swimming. ', 'Mike watches football. ', 'mlj', 'gtt', 26, 'cuiner'),
(434, 'I watches football. I loves flowers. ', 'Rudi watches football. ', 'fbt', 'lwv', 86, 'cuiner'),
(435, 'I watches football. I loves flowers. ', 'Rudi watches football. ', 'fbt', 'lwv', 86, 'cuiner'),
(436, 'I loves flowers. Rudi watches football. ', 'I watches football. Mike watches football. ', 'xst', 'gys', 110, 'repartidor'),
(437, 'I watches football. ', 'Mike watches football. Mike like swimming. ', 'qsg', 'ahz', 106, 'cuiner'),
(438, 'I like swimming. Mike loves flowers. ', 'Mike watches football. Mike watches football. ', 'vzo', 'mbh', 106, 'repartidor'),
(441, 'I like sports. Mike loves flowers. ', 'I loves flowers. Mike watches football. ', 'yvn', 'iwo', 160, 'cuiner'),
(442, 'Rudi like sports. Rudi loves flowers. ', 'Mike loves flowers. Mike watches football. ', 'tqp', 'wpx', 98, 'repartidor'),
(443, 'I like swimming. ', 'Mike like sports. Mike watches football. ', 'tsc', 'rgu', 189, 'cuiner'),
(444, 'Mike loves flowers. ', 'Mike loves flowers. I loves flowers. ', 'uqb', 'pmb', 167, 'cuiner'),
(445, 'I watches football. ', 'Mike watches football. Mike watches football. ', 'glh', 'lwh', 157, 'cuiner'),
(448, 'Mike watches football. ', 'Mike like sports. I watches football. ', 'hlt', 'ihw', 101, 'repartidor'),
(449, 'I loves flowers. Mike watches football. ', 'Mike loves flowers. I watches football. ', 'rth', 'tyw', 67, 'repartidor'),
(450, 'Mike like sports. Mike watches football.', 'Mike watches football. ', 'wzo', 'fab', 142, 'repartidor'),
(451, 'Mike like sports. Mike loves flowers. ', 'Rudi watches football. Mike like swimming. ', 'sxj', 'bqr', 149, 'repartidor'),
(452, 'Mike like sports. Mike loves flowers. ', 'Rudi watches football. Mike like swimming. ', 'sxj', 'bqr', 149, 'repartidor'),
(453, 'Mike like sports. ', 'Rudi watches football. Rudi watches football. ', 'dod', 'otw', 19, 'repartidor'),
(455, 'Mike like sports. Mike watches football.', 'Mike like sports. I like swimming. ', 'vyj', 'rbx', 159, 'repartidor'),
(456, 'Rudi loves flowers. ', 'Mike like swimming. Rudi watches football. ', 'hfs', 'hzi', 210, 'repartidor'),
(457, 'Rudi watches football. I loves flowers. ', 'Mike like swimming. Rudi like swimming. ', 'qor', 'qtw', 179, 'cuiner'),
(459, 'I like sports. Rudi watches football. ', 'I loves flowers. Rudi watches football. ', 'omu', 'mig', 156, 'cuiner'),
(460, 'Mike like swimming. ', 'Mike like swimming. Rudi watches football. ', 'ucq', 'wrb', 16, 'cuiner'),
(461, 'I like sports. Rudi like sports. ', 'I watches football. Rudi watches football. ', 'kpv', 'dlo', 123, 'cuiner'),
(462, 'Mike like swimming. I watches football. ', 'Mike watches football. Mike loves flowers. ', 'opd', 'dfv', 209, 'cuiner'),
(463, 'Mike loves flowers. ', 'Rudi watches football. Mike watches football. ', 'ake', 'ehs', 156, 'repartidor'),
(464, 'Mike loves flowers. Mike loves flowers. ', 'Rudi like swimming. I like sports. ', 'mhp', 'ncr', 71, 'cuiner'),
(465, 'I like sports. ', 'Mike watches football. Mike watches football. ', 'njt', 'stj', 182, 'repartidor'),
(466, 'Mike loves flowers. ', 'Rudi watches football. Mike watches football. ', 'ake', 'ehs', 156, 'repartidor'),
(467, 'Mike loves flowers. Mike loves flowers. ', 'Rudi like swimming. I like sports. ', 'mhp', 'ncr', 71, 'cuiner'),
(468, 'I like sports. ', 'Mike watches football. Mike watches football. ', 'njt', 'stj', 182, 'repartidor'),
(469, 'Mike like sports. Mike loves flowers. ', 'Rudi watches football. Mike watches football. ', 'sdg', 'avo', 151, 'cuiner'),
(470, 'I watches football. ', 'I watches football. ', 'ylc', 'dar', 22, 'cuiner'),
(471, 'I like swimming. I like swimming. ', 'Mike like swimming. I watches football. ', 'vwn', 'lmu', 165, 'cuiner'),
(472, 'I loves flowers. Mike watches football. ', 'Mike watches football. Mike like sports. ', 'myf', 'ecz', 117, 'cuiner'),
(473, 'Mike like sports. ', 'Mike like sports. Mike loves flowers. ', 'xxe', 'qcv', 85, 'repartidor'),
(474, 'I loves flowers. Mike watches football. ', 'Mike watches football. Mike like sports. ', 'myf', 'ecz', 117, 'cuiner'),
(475, 'Mike like sports. ', 'Mike like sports. Mike loves flowers. ', 'xxe', 'qcv', 85, 'repartidor'),
(476, 'Mike loves flowers. ', 'Mike watches football. Rudi loves flowers. ', 'edc', 'qfc', 139, 'repartidor'),
(477, 'I like swimming. Mike like swimming. ', 'Rudi watches football. Mike watches football. ', 'jfc', 'blj', 118, 'cuiner');

-- --------------------------------------------------------

--
-- Structure de la table `hamburguesa`
--

CREATE TABLE `hamburguesa` (
  `id` int(10) UNSIGNED NOT NULL,
  `categoria` varchar(10) DEFAULT NULL
) ENGINE=InnoDB DEFAULT CHARSET=utf8mb4 COLLATE=utf8mb4_general_ci;

--
-- Déchargement des données de la table `hamburguesa`
--

INSERT INTO `hamburguesa` (`id`, `categoria`) VALUES
(1, 'bdp'),
(2, 'hcp'),
(3, 'whb'),
(5, 'mjb'),
(6, 'eph'),
(7, 'bso'),
(8, 'lss'),
(9, 'tmv'),
(10, 'lml'),
(11, NULL),
(12, 'blr'),
(13, 'tjj'),
(14, 'dkh'),
(15, 'qfd'),
(16, 'ofx'),
(17, 'hcp'),
(18, 'urf'),
(19, 'inm'),
(20, 'uve'),
(21, 'xdj'),
(22, 'jkk'),
(23, 'wwu'),
(24, 'hdd'),
(25, 'utj'),
(26, 'sbn'),
(27, NULL),
(28, 'ceo'),
(29, 'glm'),
(30, 'btq'),
(31, 'axc'),
(32, 'vxf'),
(33, 'yxk'),
(34, 'mmd'),
(35, 'axk'),
(36, 'xav'),
(37, 'syf'),
(38, 'wuv'),
(39, 'uiq'),
(40, 'veg'),
(41, 'qwl'),
(44, 'gud'),
(45, 'nxq'),
(46, NULL),
(47, 'bpr'),
(48, 'jge'),
(49, 'tvn'),
(50, 'ion'),
(51, 'rer'),
(52, 'nie'),
(53, 'gkf'),
(54, 'bwb'),
(55, 'loh'),
(56, NULL),
(57, NULL),
(58, 'dcd'),
(59, 'jcc'),
(60, NULL),
(61, 'bet'),
(62, 'kbm'),
(63, 'jvu'),
(64, 'znx'),
(65, 'bjo'),
(66, 'ggs'),
(67, 'vrm'),
(68, NULL),
(69, 'rfa'),
(70, 'czp'),
(71, 'sdt'),
(72, 'lhk'),
(74, 'gwr'),
(75, 'vdp'),
(76, 'ant'),
(77, 'ngh'),
(78, 'sqa'),
(79, 'cxu'),
(80, 'fro'),
(81, 'ftx'),
(82, 'fqf'),
(83, 'ejw'),
(84, 'ynk'),
(85, 'tlj'),
(86, 'ici'),
(87, 'tqe'),
(89, 'kcr'),
(90, 'due'),
(92, 'clj'),
(93, 'kkb'),
(94, 'nqs'),
(95, 'oof'),
(99, 'wcc'),
(100, 'iqj'),
(101, 'zcl'),
(102, 'elv'),
(103, 'kwx'),
(104, 'kfi'),
(107, 'fbx'),
(108, 'eto'),
(109, 'und'),
(111, 'doa'),
(112, 'wos'),
(113, NULL),
(114, 'ujd'),
(115, 'mpv'),
(116, 'yim'),
(117, 'qdf'),
(118, 'tiw'),
(119, NULL),
(120, 'see'),
(121, 'ebj'),
(122, 'grj'),
(123, 'gls'),
(124, 'tfw'),
(125, 'qug'),
(126, 'zfj'),
(127, 'kme'),
(128, 'are'),
(129, 'snc'),
(130, 'ynd'),
(131, NULL),
(132, NULL),
(133, 'zpn'),
(134, 'zqx'),
(135, 'yyj'),
(136, 'xqi'),
(137, NULL),
(138, 'hpy'),
(139, 'hod'),
(140, NULL),
(141, 'xyx');

-- --------------------------------------------------------

--
-- Structure de la table `liniacomanda`
--

CREATE TABLE `liniacomanda` (
  `id` int(10) UNSIGNED NOT NULL,
  `comandaId` int(10) UNSIGNED NOT NULL,
  `producteId` int(10) UNSIGNED NOT NULL,
  `quantitat` int(11) NOT NULL
) ENGINE=InnoDB DEFAULT CHARSET=utf8mb4 COLLATE=utf8mb4_general_ci;

--
-- Déchargement des données de la table `liniacomanda`
--

INSERT INTO `liniacomanda` (`id`, `comandaId`, `producteId`, `quantitat`) VALUES
(1, 247, 104, 1569933745),
(2, 34, 39, 152454233),
(3, 139, 129, 144139122),
(4, 138, 1, 1649604561),
(5, 70, 68, 488197467),
(6, 13, 123, 1418025578),
(7, 113, 140, 1732318273),
(8, 223, 6, 64032973),
(9, 327, 123, 1741974563),
(10, 240, 132, 2030265882),
(11, 3, 140, 327992918),
(12, 52, 62, 1954803377),
(13, 325, 31, 2145650272),
(14, 54, 71, 1159625347),
(15, 317, 11, 2099191950),
(16, 187, 121, 340242641),
(17, 320, 107, 1179158926),
(18, 307, 33, 200888217),
(19, 316, 135, 952173548),
(20, 165, 76, 886614145),
(21, 134, 5, 615248861),
(22, 309, 16, 363435639),
(23, 118, 99, 1046807267),
(24, 54, 114, 2025439906),
(25, 100, 122, 1912569705),
(26, 125, 52, 1150531537),
(27, 171, 9, 1227653163),
(28, 292, 37, 545708235),
(29, 40, 56, 1483437507),
(30, 182, 135, 2064185410),
(31, 260, 49, 716797517),
(32, 197, 71, 558361066),
(33, 223, 141, 900606573),
(34, 15, 93, 269288999),
(35, 53, 77, 1606018849),
(36, 257, 47, 1006255270),
(37, 128, 65, 363273927),
(38, 211, 115, 969403917),
(39, 48, 8, 607777387),
(40, 297, 24, 1076127630),
(41, 235, 80, 1097551184),
(42, 152, 23, 1070168337),
(43, 272, 122, 719951318),
(44, 2, 81, 686441194),
(45, 2, 31, 1809816680),
(46, 288, 32, 115536189),
(47, 177, 21, 1931678617),
(48, 8, 92, 1572192796),
(49, 251, 137, 1198946813),
(50, 238, 86, 469520099),
(51, 48, 32, 102695415),
(52, 93, 95, 220836925),
(53, 163, 84, 1196269191),
(54, 26, 5, 1256836805),
(55, 184, 83, 610468448),
(56, 206, 104, 1521708492),
(57, 195, 33, 2022242449),
(58, 322, 103, 166129097),
(59, 70, 121, 555229557),
(60, 93, 2, 1823496772),
(61, 211, 95, 1063763879),
(62, 65, 74, 301715304),
(63, 63, 115, 1368775841),
(64, 1, 2, 1388082344),
(65, 4, 17, 1446031336),
(66, 231, 119, 1613892349),
(67, 55, 15, 336515876),
(68, 164, 15, 962504969),
(69, 61, 6, 850554131),
(70, 165, 122, 320724915),
(71, 183, 133, 15473740),
(72, 43, 108, 1911037475),
(73, 329, 36, 1907690920),
(74, 44, 117, 601936801),
(75, 83, 76, 1594115785),
(76, 70, 6, 2063295968),
(77, 133, 31, 374984382),
(78, 285, 18, 1500165994),
(79, 74, 20, 1803223098),
(80, 138, 139, 1875941226),
(81, 146, 8, 1309011481),
(82, 321, 47, 140383394),
(83, 79, 18, 1924555790),
(84, 176, 77, 300634018),
(85, 300, 9, 1421018),
(86, 131, 50, 966591053),
(87, 13, 63, 410448755),
(88, 92, 54, 43490090),
(89, 200, 64, 993297306),
(90, 39, 53, 757293716),
(91, 221, 34, 29307843),
(92, 78, 115, 925026022),
(93, 41, 114, 282550938),
(94, 335, 35, 1584629657),
(95, 220, 112, 1540879974),
(96, 198, 80, 1013258699),
(97, 332, 48, 569786347),
(98, 325, 131, 863650108),
(99, 70, 103, 2019444598),
(100, 90, 74, 2077324738),
(101, 127, 127, 113357219),
(102, 123, 58, 1450136055),
(103, 157, 58, 1726481768),
(104, 297, 59, 1709171013),
(105, 113, 23, 1437711082),
(106, 98, 103, 1725385800),
(107, 150, 22, 426516654),
(108, 18, 109, 726136900),
(109, 170, 24, 1558888082),
(110, 62, 64, 762042385),
(111, 337, 77, 960201205),
(112, 215, 116, 136332649),
(113, 213, 14, 597007180),
(114, 94, 32, 1380933416),
(115, 307, 22, 1593285121),
(116, 115, 36, 295142307),
(117, 172, 86, 2137517613),
(118, 90, 129, 1016144885),
(119, 166, 72, 1620285848),
(120, 40, 27, 2023540577),
(121, 145, 5, 1966702146),
(122, 47, 40, 1034337494),
(123, 104, 76, 1561153280),
(124, 185, 85, 1231785773),
(125, 242, 82, 975425520),
(126, 167, 125, 2065693474),
(127, 325, 66, 371896071),
(128, 6, 134, 1502658025),
(129, 71, 129, 2101927901),
(130, 121, 33, 746207164),
(131, 59, 7, 86573874),
(132, 82, 116, 1402829675),
(133, 185, 63, 687736385),
(134, 270, 117, 983041913),
(135, 188, 54, 1743438193),
(136, 38, 131, 559742399),
(137, 199, 116, 79168125),
(138, 175, 93, 436361688),
(139, 266, 46, 1221659392),
(140, 178, 87, 1526872763),
(141, 236, 92, 263532012),
(142, 122, 56, 1488452973),
(143, 69, 104, 1007539308),
(144, 150, 65, 1533182177),
(145, 86, 100, 251844417),
(146, 236, 83, 1274055991),
(147, 263, 72, 970699708),
(148, 59, 140, 653392151),
(149, 76, 1, 538625630),
(150, 236, 85, 299353574),
(151, 332, 135, 497571967),
(152, 314, 80, 1960251192),
(153, 271, 50, 737535550),
(154, 250, 78, 921060129),
(155, 282, 86, 1725868716),
(156, 31, 139, 1594475519),
(157, 55, 24, 1427184018),
(158, 148, 7, 1042064650),
(159, 215, 67, 1620939350),
(160, 109, 51, 135521759),
(161, 3, 130, 1837184375),
(162, 221, 131, 252058831),
(163, 213, 38, 1380476492),
(164, 126, 60, 1655124620),
(165, 71, 107, 684926076),
(166, 307, 108, 1678205608),
(167, 297, 36, 1266549736),
(168, 103, 138, 954097692),
(169, 239, 89, 404042242),
(170, 273, 121, 1059001023),
(171, 244, 117, 44273057),
(172, 145, 132, 379456983),
(173, 172, 72, 218529318),
(174, 19, 55, 719090296),
(175, 333, 6, 365941595),
(176, 48, 134, 1412079189),
(177, 52, 84, 1141479391),
(178, 202, 135, 552705373),
(179, 240, 24, 1250189386),
(180, 320, 2, 732428291),
(181, 278, 15, 722944205),
(182, 172, 131, 1466309438),
(183, 42, 80, 692138853),
(184, 221, 69, 98053889),
(185, 208, 54, 1183733989),
(186, 239, 128, 1896799301),
(187, 163, 124, 111156828),
(188, 90, 15, 923035),
(189, 34, 71, 324923617),
(190, 22, 45, 496017314),
(191, 208, 128, 876923840),
(192, 200, 108, 384349667),
(193, 10, 127, 1487308372),
(194, 96, 54, 416399222),
(195, 200, 41, 814641253),
(196, 178, 78, 1594667975),
(197, 25, 52, 563045837),
(198, 88, 136, 828401279),
(199, 25, 57, 1016602761),
(200, 95, 7, 1185977521),
(201, 230, 107, 313341806),
(202, 217, 122, 150089180),
(203, 95, 125, 1152700447),
(204, 120, 135, 7402023),
(205, 204, 129, 2096542008),
(206, 53, 47, 566370667),
(207, 287, 36, 3406412),
(208, 124, 14, 1904317020),
(209, 120, 46, 1927574139),
(210, 190, 107, 2133995028),
(211, 202, 129, 433844138),
(212, 82, 116, 1257269666),
(213, 99, 90, 989398895),
(214, 7, 25, 666170925),
(215, 296, 10, 321310353),
(216, 279, 115, 1464828844),
(217, 251, 29, 1166939184),
(218, 182, 86, 832900835),
(219, 143, 45, 1760502160),
(220, 217, 1, 2075841754),
(221, 127, 139, 1248044993),
(222, 328, 10, 877569483),
(223, 92, 136, 1222190897),
(224, 291, 3, 1959719698),
(225, 246, 76, 1695463437),
(226, 267, 27, 2047905296),
(227, 299, 3, 1667612951),
(228, 285, 67, 1975891911),
(229, 15, 81, 1845740549),
(230, 148, 54, 672773476),
(231, 155, 139, 389810912),
(232, 115, 140, 26069117),
(233, 291, 77, 1754963976),
(234, 101, 70, 1005060465),
(235, 304, 35, 1456904755),
(236, 29, 138, 458360959),
(237, 22, 14, 755525708),
(238, 188, 132, 1045271893),
(239, 258, 72, 1113679078),
(240, 89, 140, 1166406038),
(241, 145, 22, 2011995329),
(242, 202, 122, 1600224817),
(243, 337, 30, 2083869023),
(244, 327, 83, 875288125),
(245, 21, 77, 1068393404),
(246, 213, 34, 1449183639),
(247, 198, 78, 1056861474),
(248, 187, 129, 413796780),
(249, 192, 55, 445052317),
(250, 184, 6, 1545929066),
(251, 224, 83, 825871371),
(252, 68, 74, 52687416),
(253, 306, 116, 515256274),
(254, 337, 122, 1718948369),
(255, 84, 58, 1515720726),
(256, 239, 87, 2129396128),
(257, 84, 48, 2029932614),
(258, 296, 66, 1846908773),
(259, 239, 93, 2054264815),
(260, 288, 132, 1296275221),
(261, 114, 54, 2082724010),
(262, 263, 65, 18715150),
(263, 205, 94, 1444501152),
(264, 73, 64, 1933428707),
(265, 107, 119, 651073937),
(266, 297, 21, 783582318),
(267, 9, 24, 1283150673),
(268, 281, 39, 892997920),
(269, 152, 141, 197715311),
(270, 90, 101, 2029975672),
(271, 125, 28, 1184091892),
(272, 195, 30, 336326836),
(273, 157, 45, 725216375),
(274, 45, 117, 1839098964),
(275, 60, 29, 988550485),
(276, 15, 21, 1837393534),
(277, 228, 2, 572014409),
(278, 278, 19, 1288284164),
(279, 242, 101, 568980243),
(280, 195, 72, 62021073),
(281, 251, 44, 531724987),
(282, 309, 20, 1117944417),
(283, 314, 11, 1264506255),
(284, 245, 44, 1674509975),
(285, 199, 56, 1338251881),
(286, 217, 113, 638443243),
(287, 218, 34, 245600794),
(288, 3, 81, 1869276774),
(289, 38, 17, 1514697911),
(290, 185, 118, 1945340411),
(291, 262, 68, 1261294742),
(292, 282, 103, 672221819),
(293, 104, 71, 1084611981),
(294, 252, 137, 1433001719),
(295, 297, 3, 539768716),
(296, 125, 57, 1328938935),
(297, 213, 77, 984674738),
(298, 188, 92, 1794329937),
(299, 314, 108, 643171092),
(300, 296, 52, 1910730026),
(301, 67, 34, 1148193270),
(302, 87, 49, 1452414374),
(303, 255, 67, 1337693150),
(304, 82, 11, 289236059),
(305, 54, 60, 1346557714),
(306, 143, 107, 303527684),
(307, 15, 17, 1577347744),
(308, 191, 120, 1183703838),
(309, 128, 70, 128590766),
(310, 17, 80, 112411696),
(311, 266, 30, 539485088),
(312, 303, 75, 53525628),
(313, 241, 20, 797753661),
(314, 99, 112, 375972045),
(315, 38, 93, 1565365642),
(316, 269, 87, 1649617472),
(317, 257, 108, 594975066),
(318, 178, 47, 1471063832),
(319, 11, 12, 2065848498),
(320, 141, 39, 1813792265),
(321, 107, 85, 1844374241),
(322, 290, 104, 656192636),
(323, 225, 48, 177141393),
(324, 316, 33, 661875304),
(325, 144, 108, 1252174869),
(326, 160, 126, 1789927157),
(327, 135, 62, 1985839358),
(328, 22, 12, 1765375082),
(329, 251, 15, 1505760758),
(330, 185, 12, 1841795803),
(331, 124, 67, 335171849),
(332, 26, 52, 1969888500),
(333, 258, 1, 2055231403),
(334, 220, 81, 480139148),
(335, 109, 1, 1327345440),
(336, 290, 129, 1077526815),
(337, 173, 5, 628912690),
(338, 266, 29, 430619890),
(339, 162, 1, 365633871),
(340, 3, 2, 1793438856),
(341, 45, 64, 906640047),
(342, 14, 7, 786755719),
(343, 11, 108, 179528405),
(344, 152, 125, 2039153263),
(345, 150, 133, 1551795861),
(346, 91, 25, 2023439112),
(347, 234, 22, 1487274918),
(348, 320, 26, 888751642),
(349, 243, 55, 1909554748),
(350, 126, 16, 1461232951),
(351, 263, 14, 1247784877),
(352, 10, 1, 890660125),
(353, 98, 21, 398596209),
(354, 261, 81, 939722067),
(355, 264, 67, 111287740),
(356, 187, 20, 772288418),
(357, 326, 127, 2000010735),
(358, 326, 3, 536179831),
(359, 336, 2, 19048124),
(360, 263, 37, 1274604233),
(361, 81, 53, 154211307),
(362, 107, 1, 142355308),
(363, 151, 40, 1434223906),
(364, 253, 79, 787202318),
(365, 44, 57, 627503160),
(366, 222, 62, 641124486),
(367, 80, 135, 1509145818),
(368, 220, 34, 1907759990),
(369, 222, 68, 335180701),
(370, 58, 95, 2122710149),
(371, 193, 7, 1148561631),
(372, 304, 119, 349365170),
(373, 188, 116, 380718545),
(374, 13, 47, 1539940301),
(375, 85, 52, 1021588457),
(376, 127, 83, 660909136),
(377, 311, 36, 1215506621),
(378, 133, 128, 718548932),
(379, 244, 140, 744011676),
(380, 141, 131, 509330096),
(381, 262, 103, 1351826089),
(382, 16, 5, 467186681),
(383, 82, 89, 28017326),
(384, 241, 45, 1934960659),
(385, 60, 135, 973144860),
(386, 192, 26, 79170406),
(387, 150, 78, 2951520),
(388, 154, 121, 1650946748),
(389, 280, 21, 1159539910),
(390, 159, 77, 2050138670),
(391, 203, 117, 2115877938),
(392, 152, 22, 1873975126),
(393, 215, 11, 1167038819),
(394, 164, 54, 1629720058),
(395, 103, 59, 1024558803),
(396, 155, 37, 1126668843),
(397, 23, 94, 203134207),
(398, 269, 12, 1485443989),
(399, 317, 50, 1057749009),
(400, 113, 24, 1654466630),
(401, 90, 13, 2131701969),
(402, 196, 129, 1355191500),
(403, 78, 140, 667029726),
(404, 176, 11, 1608915190),
(405, 103, 21, 1519044303),
(406, 138, 118, 1812980904),
(407, 126, 45, 1510914775),
(408, 114, 23, 842978978),
(409, 289, 6, 477996282),
(410, 47, 18, 1606813062),
(411, 272, 67, 373745915),
(412, 18, 69, 671527042),
(413, 132, 117, 1591009359),
(414, 34, 70, 2112310747),
(415, 90, 27, 1723489608),
(416, 230, 8, 660214738),
(417, 11, 120, 1425625178),
(418, 141, 85, 1368192324),
(419, 226, 90, 609098136),
(420, 53, 60, 1371712601),
(421, 26, 36, 1213837882),
(422, 165, 34, 1358170817),
(423, 206, 11, 1304261976),
(424, 334, 23, 282226359),
(425, 61, 15, 1247671279),
(426, 331, 37, 322425000),
(427, 10, 135, 1353637303),
(428, 52, 79, 387877107),
(429, 239, 125, 1623238622),
(430, 314, 125, 931300106),
(431, 94, 127, 1013529840),
(432, 155, 55, 2058304540),
(433, 40, 35, 871079793),
(434, 290, 124, 1058636824),
(435, 233, 32, 580323566),
(436, 33, 83, 999922966),
(437, 118, 9, 1033154340),
(438, 70, 29, 55177650),
(439, 77, 47, 723778318),
(440, 134, 82, 1259879999),
(441, 57, 114, 544708887),
(442, 114, 57, 735748924),
(443, 201, 118, 350383916),
(444, 281, 17, 2098708598),
(445, 273, 61, 816455839),
(446, 131, 21, 440962454),
(447, 174, 16, 88435509),
(448, 231, 13, 936135889),
(449, 118, 69, 1185367505),
(450, 165, 131, 565350827),
(451, 18, 56, 639389080),
(452, 25, 37, 847574285),
(453, 205, 124, 1036953551),
(454, 328, 86, 452571389),
(455, 230, 7, 551363994),
(456, 223, 75, 647101827),
(457, 197, 141, 2041909548),
(458, 299, 125, 1882892969),
(459, 125, 38, 195735930),
(460, 64, 86, 2058554906),
(461, 319, 40, 2084776538),
(462, 186, 35, 442892709),
(463, 232, 94, 1424164537),
(464, 223, 79, 723667829),
(465, 76, 16, 2034193726),
(466, 106, 113, 1062955267),
(467, 150, 139, 648274098),
(468, 1, 123, 2112968839),
(469, 239, 92, 1786753169),
(470, 36, 126, 646814102),
(471, 11, 41, 475109429),
(472, 332, 138, 1963802465),
(473, 223, 27, 1923171037),
(474, 203, 116, 366186252),
(475, 107, 11, 2026750500),
(476, 179, 112, 1692287738),
(477, 275, 125, 1522617779),
(478, 64, 33, 1470901664),
(479, 53, 107, 1420457972),
(480, 158, 122, 538482596),
(481, 153, 25, 710265142),
(482, 68, 1, 802770665),
(483, 108, 63, 2017936672),
(484, 301, 132, 1190331795),
(485, 186, 94, 1055000409),
(486, 53, 135, 1524053789),
(487, 177, 49, 1181007981),
(488, 252, 2, 2040033401),
(489, 107, 80, 1675919017),
(490, 184, 79, 1616212551),
(491, 235, 23, 1079757198),
(492, 251, 113, 1934182920),
(493, 32, 99, 972733931),
(494, 297, 100, 7739916),
(495, 324, 117, 1170567480),
(496, 124, 57, 1833036548),
(497, 44, 33, 1054377917),
(498, 229, 79, 1463321172),
(499, 8, 10, 1040222184),
(500, 154, 116, 370856967),
(501, 29, 72, 2119111825),
(502, 93, 131, 2031374038),
(503, 18, 69, 1520555500),
(504, 140, 135, 1811404553),
(505, 159, 18, 1598128028);

-- --------------------------------------------------------

--
-- Structure de la table `lliurament`
--

CREATE TABLE `lliurament` (
  `id` int(10) UNSIGNED NOT NULL,
  `nom` varchar(40) NOT NULL,
  `comandaId` int(10) UNSIGNED NOT NULL,
  `repartidorId` int(10) UNSIGNED NOT NULL
) ENGINE=InnoDB DEFAULT CHARSET=utf8mb4 COLLATE=utf8mb4_general_ci;

--
-- Déchargement des données de la table `lliurament`
--

INSERT INTO `lliurament` (`id`, `nom`, `comandaId`, `repartidorId`) VALUES
(1, 'I watches football. I watches football. ', 99, 276),
(2, 'Rudi like swimming. I loves flowers. ', 304, 47),
(3, 'Mike watches football. Mike like sports.', 2, 385),
(5, 'I like sports. Rudi loves flowers. ', 333, 370),
(6, 'I watches football. I loves flowers. ', 289, 118),
(7, 'I loves flowers. Rudi watches football. ', 153, 177),
(8, 'Mike watches football. I like swimming. ', 77, 385),
(9, 'I watches football. Rudi loves flowers. ', 176, 45),
(10, 'Mike like sports. ', 26, 13),
(11, 'I watches football. Rudi loves flowers. ', 284, 204),
(12, 'Mike like sports. Mike watches football.', 251, 387),
(13, 'Mike watches football. I loves flowers. ', 84, 72),
(14, 'I watches football. Rudi like sports. ', 321, 452),
(15, 'Mike like sports. Mike loves flowers. ', 187, 413),
(16, 'Mike watches football. I like swimming. ', 11, 80),
(17, 'I loves flowers. Mike like sports. ', 38, 337),
(18, 'Rudi like sports. Rudi like swimming. ', 265, 282),
(19, 'Mike loves flowers. I watches football. ', 288, 475),
(20, 'I watches football. Rudi like sports. ', 321, 452),
(21, 'Mike like sports. Mike loves flowers. ', 187, 413),
(22, 'Mike watches football. I like swimming. ', 11, 80),
(23, 'I loves flowers. Mike like sports. ', 38, 337),
(24, 'Rudi like sports. Rudi like swimming. ', 265, 282),
(25, 'Mike loves flowers. I watches football. ', 288, 475),
(26, 'I watches football. I watches football. ', 20, 267),
(27, 'Mike loves flowers. Rudi loves flowers. ', 119, 83),
(28, 'I like sports. ', 176, 268),
(29, 'I watches football. ', 335, 271),
(30, 'I loves flowers. Rudi watches football. ', 228, 233),
(31, 'Rudi watches football. ', 190, 56),
(32, 'I like sports. Rudi like sports. ', 161, 220),
(33, 'I loves flowers. Rudi watches football. ', 228, 233),
(34, 'Rudi watches football. ', 190, 56),
(35, 'I like sports. Rudi like sports. ', 161, 220),
(36, 'I watches football. ', 269, 201),
(37, 'Mike watches football. ', 17, 204),
(38, 'Mike watches football. ', 17, 204),
(39, 'I loves flowers. Mike like swimming. ', 197, 142),
(40, 'Mike like sports. ', 56, 442),
(41, 'I watches football. ', 287, 87),
(44, 'Mike watches football. ', 81, 62),
(45, 'Mike like sports. Mike loves flowers. ', 52, 451),
(46, 'Mike loves flowers. Mike like sports. ', 224, 65),
(47, 'Rudi watches football. ', 325, 424),
(48, 'Rudi watches football. ', 325, 424),
(49, 'Rudi loves flowers. Mike like swimming. ', 79, 264),
(50, 'Rudi loves flowers. ', 232, 271),
(51, 'Rudi loves flowers. ', 232, 271),
(52, 'I loves flowers. Rudi watches football. ', 9, 189),
(53, 'Mike loves flowers. I loves flowers. ', 206, 129),
(54, 'Rudi like sports. Mike like swimming. ', 247, 181),
(55, 'I watches football. I watches football. ', 84, 328),
(56, 'Rudi loves flowers. Rudi like sports. ', 246, 74),
(57, 'I like swimming. I like swimming. ', 283, 460),
(58, 'Rudi like swimming. Rudi like sports. ', 4, 58),
(59, 'Mike like swimming. Mike like swimming. ', 233, 168),
(60, 'Mike loves flowers. Rudi loves flowers. ', 42, 209),
(61, 'Mike loves flowers. I watches football. ', 279, 224),
(62, 'Rudi watches football. I loves flowers. ', 37, 69),
(63, 'Mike watches football. ', 36, 120),
(64, 'Mike like swimming. Mike like swimming. ', 233, 168),
(65, 'Mike loves flowers. Rudi loves flowers. ', 42, 209),
(66, 'Mike loves flowers. I watches football. ', 279, 224),
(67, 'Rudi watches football. I loves flowers. ', 37, 69),
(68, 'Mike watches football. ', 36, 120),
(69, 'Mike watches football. ', 12, 352),
(70, 'Rudi like swimming. ', 252, 109),
(71, 'Rudi like swimming. I loves flowers. ', 90, 87),
(72, 'I like sports. Rudi watches football. ', 273, 127),
(74, 'Mike like swimming. Rudi loves flowers. ', 44, 184),
(75, 'I like sports. Rudi watches football. ', 332, 231),
(76, 'Rudi like swimming. Rudi like sports. ', 18, 254),
(77, 'Rudi watches football. I like swimming. ', 113, 267),
(78, 'I like swimming. Mike watches football. ', 45, 249),
(79, 'Rudi like sports. Rudi like swimming. ', 189, 270),
(80, 'Rudi loves flowers. I watches football. ', 122, 333),
(81, 'I like swimming. Mike watches football. ', 45, 249),
(82, 'Rudi like sports. Rudi like swimming. ', 189, 270),
(83, 'Rudi loves flowers. I watches football. ', 122, 333),
(84, 'Mike loves flowers. Rudi like swimming. ', 156, 162),
(85, 'Rudi like sports. Rudi like sports. ', 132, 177),
(86, 'Rudi like sports. Rudi like sports. ', 132, 177),
(87, 'Rudi like swimming. Mike like sports. ', 267, 448),
(89, 'Rudi watches football. ', 88, 398),
(90, 'Rudi loves flowers. Mike like sports. ', 197, 436),
(92, 'Mike loves flowers. I watches football. ', 311, 445),
(93, 'Mike watches football. Mike like sports.', 245, 115),
(94, 'Rudi like swimming. Mike loves flowers. ', 182, 64),
(95, 'Mike loves flowers. I loves flowers. ', 299, 21),
(99, 'Mike watches football. Mike like sports.', 143, 60),
(100, 'Mike watches football. ', 145, 434),
(101, 'I like swimming. Rudi loves flowers. ', 57, 274),
(102, 'I watches football. ', 244, 125),
(103, 'Mike watches football. ', 53, 285),
(104, 'Mike like sports. Rudi watches football.', 254, 99),
(107, 'Mike watches football. Rudi like sports.', 158, 17),
(108, 'I loves flowers. ', 190, 335),
(109, 'Mike loves flowers. I like swimming. ', 79, 284),
(111, 'I watches football. Mike like sports. ', 91, 144),
(112, 'Rudi like swimming. I watches football. ', 178, 403),
(113, 'Mike watches football. I loves flowers. ', 67, 89),
(114, 'Mike watches football. I like swimming. ', 10, 248),
(115, 'I watches football. Mike like swimming. ', 101, 125),
(116, 'Mike loves flowers. Rudi like swimming. ', 210, 132),
(117, 'I watches football. Mike like swimming. ', 101, 125),
(118, 'Mike loves flowers. Rudi like swimming. ', 210, 132),
(119, 'Rudi like swimming. I loves flowers. ', 306, 321),
(120, 'I like sports. Mike loves flowers. ', 83, 140),
(121, 'I like swimming. Mike loves flowers. ', 14, 353),
(122, 'Mike loves flowers. I like swimming. ', 271, 453),
(123, 'Mike loves flowers. I like swimming. ', 271, 453),
(124, 'Rudi like sports. Mike loves flowers. ', 270, 198),
(125, 'Rudi loves flowers. Mike loves flowers. ', 225, 298),
(126, 'Mike like swimming. ', 112, 79),
(127, 'I loves flowers. ', 217, 293),
(128, 'Mike like swimming. I like sports. ', 223, 3),
(129, 'I watches football. ', 137, 194),
(130, 'I watches football. Rudi loves flowers. ', 247, 424),
(131, 'Mike watches football. ', 162, 72),
(132, 'I like sports. I like swimming. ', 206, 156),
(133, 'Rudi watches football. ', 180, 139),
(134, 'Mike loves flowers. I loves flowers. ', 334, 22),
(135, 'Rudi watches football. I like swimming. ', 1, 350),
(136, 'Mike watches football. ', 162, 72),
(137, 'I like sports. I like swimming. ', 206, 156),
(138, 'Rudi watches football. ', 180, 139),
(139, 'Mike loves flowers. I loves flowers. ', 334, 22),
(140, 'Rudi watches football. I like swimming. ', 1, 350),
(141, 'Mike loves flowers. Rudi loves flowers. ', 122, 90),
(142, 'Rudi like sports. Mike watches football.', 193, 460),
(143, 'Mike like sports. Mike watches football.', 213, 331),
(144, 'I loves flowers. Rudi loves flowers. ', 330, 175),
(145, 'I loves flowers. Rudi watches football. ', 60, 399),
(146, 'Mike loves flowers. ', 15, 399),
(147, 'I like swimming. Mike like swimming. ', 166, 416),
(154, 'Rudi watches football. ', 307, 295),
(155, 'Rudi like sports. Rudi watches football.', 310, 395),
(156, 'Mike loves flowers. ', 96, 45),
(157, 'Mike loves flowers. ', 147, 51),
(158, 'Rudi loves flowers. Rudi like swimming. ', 252, 236),
(159, 'I watches football. Rudi like sports. ', 91, 75),
(160, 'I loves flowers. Mike loves flowers. ', 329, 52),
(162, 'Mike like swimming. I like swimming. ', 285, 396),
(163, 'Mike watches football. ', 312, 211),
(164, 'Mike loves flowers. Rudi loves flowers. ', 180, 101),
(165, 'I loves flowers. Mike watches football. ', 134, 297),
(166, 'I loves flowers. I like sports. ', 13, 10),
(167, 'Mike watches football. ', 320, 395),
(168, 'I loves flowers. I like sports. ', 13, 10),
(169, 'Mike watches football. ', 320, 395),
(170, 'Mike like sports. Mike loves flowers. ', 59, 177),
(171, 'I watches football. ', 5, 315),
(172, 'I watches football. Mike like swimming. ', 37, 7),
(175, 'Mike like swimming. Rudi like swimming. ', 197, 214),
(176, 'Rudi watches football. I loves flowers. ', 132, 71),
(177, 'I watches football. ', 37, 393),
(179, 'I loves flowers. Mike watches football. ', 108, 121),
(180, 'Rudi loves flowers. Rudi loves flowers. ', 304, 238),
(181, 'Rudi loves flowers. ', 133, 180),
(182, 'I loves flowers. Rudi like sports. ', 104, 200),
(183, 'I loves flowers. Rudi like sports. ', 104, 200),
(184, 'Mike loves flowers. Mike like sports. ', 323, 342),
(186, 'Mike loves flowers. I like swimming. ', 14, 66),
(187, 'I like sports. Mike watches football. ', 250, 23),
(188, 'I like swimming. I like sports. ', 287, 64),
(189, 'I loves flowers. Rudi like swimming. ', 295, 322),
(190, 'Rudi watches football. I loves flowers. ', 321, 353),
(191, 'I loves flowers. I watches football. ', 114, 138),
(192, 'Mike loves flowers. ', 91, 381),
(193, 'Rudi watches football. I loves flowers. ', 321, 353),
(194, 'I loves flowers. I watches football. ', 114, 138),
(195, 'Mike loves flowers. ', 91, 381),
(196, 'Mike loves flowers. I loves flowers. ', 32, 95),
(198, 'Mike loves flowers. ', 251, 176),
(199, 'Mike watches football. Mike like sports.', 220, 104),
(200, 'I watches football. Mike like sports. ', 63, 233),
(201, 'I watches football. Mike like sports. ', 63, 233),
(202, 'Mike like swimming. Rudi like swimming. ', 74, 343),
(203, 'Mike watches football. I loves flowers. ', 213, 291),
(204, 'Rudi loves flowers. Rudi like swimming. ', 109, 179),
(207, 'I watches football. ', 332, 225),
(208, 'Rudi watches football. Mike like sports.', 324, 44),
(209, 'Rudi loves flowers. I like sports. ', 6, 147),
(210, 'Mike loves flowers. Mike like swimming. ', 187, 138),
(211, 'Mike loves flowers. I watches football. ', 68, 198),
(213, 'Mike watches football. ', 200, 350),
(214, 'Rudi loves flowers. ', 330, 74),
(215, 'Rudi watches football. ', 332, 59),
(216, 'I like swimming. Rudi loves flowers. ', 190, 474),
(218, 'Mike like swimming. Mike like swimming. ', 328, 322),
(219, 'Mike watches football. Mike like sports.', 313, 384),
(220, 'Mike loves flowers. I loves flowers. ', 180, 450),
(221, 'Rudi watches football. Mike like sports.', 333, 50),
(224, 'I like sports. ', 286, 57),
(225, 'Mike loves flowers. Rudi loves flowers. ', 205, 343),
(226, 'Mike loves flowers. Rudi loves flowers. ', 189, 344),
(227, 'Mike like swimming. I loves flowers. ', 86, 20),
(228, 'Mike watches football. I like sports. ', 192, 280),
(231, 'Mike like sports. Mike watches football.', 135, 228),
(232, 'Rudi like sports. Mike loves flowers. ', 207, 460),
(233, 'Mike like sports. Rudi loves flowers. ', 183, 56),
(235, 'Rudi loves flowers. Rudi loves flowers. ', 285, 119),
(236, 'Rudi loves flowers. Mike like swimming. ', 144, 332),
(237, 'Rudi loves flowers. ', 217, 167),
(238, 'Rudi loves flowers. ', 217, 167),
(239, 'Mike watches football. ', 312, 429),
(240, 'Mike watches football. ', 132, 18),
(241, 'Mike watches football. ', 132, 18),
(242, 'Mike loves flowers. Mike like swimming. ', 228, 313),
(244, 'Mike loves flowers. Mike loves flowers. ', 278, 162),
(245, 'Mike like sports. Rudi watches football.', 59, 231),
(246, 'I like sports. I watches football. ', 98, 385),
(247, 'Mike like sports. I loves flowers. ', 335, 387),
(248, 'I watches football. Rudi loves flowers. ', 240, 276),
(249, 'Mike loves flowers. Rudi loves flowers. ', 70, 131),
(250, 'Mike loves flowers. ', 74, 2),
(251, 'Mike like sports. ', 109, 16),
(252, 'Rudi loves flowers. ', 272, 436),
(253, 'Mike loves flowers. Mike like sports. ', 73, 108),
(254, 'I loves flowers. Mike like sports. ', 45, 14),
(255, 'Rudi like swimming. I loves flowers. ', 239, 336),
(256, 'I loves flowers. I loves flowers. ', 178, 418),
(257, 'Rudi loves flowers. ', 272, 436),
(258, 'Mike loves flowers. Mike like sports. ', 73, 108),
(259, 'I loves flowers. Mike like sports. ', 45, 14),
(260, 'Rudi like swimming. I loves flowers. ', 239, 336),
(261, 'I loves flowers. I loves flowers. ', 178, 418),
(262, 'Mike watches football. Rudi like sports.', 26, 329),
(263, 'Mike like sports. Mike loves flowers. ', 107, 227),
(264, 'Mike like sports. Mike loves flowers. ', 107, 227),
(265, 'Rudi watches football. ', 263, 199),
(267, 'Mike watches football. I loves flowers. ', 201, 45),
(268, 'Mike like swimming. Rudi loves flowers. ', 276, 26),
(269, 'I like swimming. I loves flowers. ', 170, 288),
(270, 'Rudi watches football. ', 244, 357),
(271, 'I watches football. Rudi like swimming. ', 177, 227),
(272, 'I loves flowers. Rudi watches football. ', 6, 155),
(273, 'I loves flowers. I watches football. ', 140, 346),
(274, 'I watches football. Rudi like swimming. ', 177, 227),
(275, 'I loves flowers. Rudi watches football. ', 6, 155),
(276, 'I loves flowers. I watches football. ', 140, 346),
(277, 'Mike watches football. ', 190, 128),
(278, 'I loves flowers. Rudi watches football. ', 223, 459),
(279, 'Mike watches football. ', 251, 75),
(280, 'Rudi watches football. Mike like sports.', 127, 111),
(281, 'Mike watches football. ', 84, 120),
(282, 'Rudi watches football. Rudi like sports.', 119, 470),
(283, 'Rudi watches football. Mike like sports.', 166, 435),
(284, 'I like sports. Mike watches football. ', 25, 381),
(285, 'Mike watches football. ', 148, 172),
(286, 'Rudi watches football. ', 249, 462),
(287, 'Mike watches football. Rudi like sports.', 174, 384),
(288, 'Rudi like swimming. ', 198, 202),
(289, 'I like sports. Rudi watches football. ', 75, 350),
(290, 'I like sports. Mike watches football. ', 25, 381),
(291, 'Mike watches football. ', 148, 172),
(292, 'Rudi watches football. ', 249, 462),
(293, 'Mike watches football. Rudi like sports.', 174, 384),
(294, 'Rudi like swimming. ', 198, 202),
(295, 'I like sports. Rudi watches football. ', 75, 350),
(296, 'Mike like swimming. Mike loves flowers. ', 48, 318),
(297, 'Mike loves flowers. I watches football. ', 260, 295),
(298, 'Rudi like swimming. I watches football. ', 227, 244),
(299, 'Mike loves flowers. I watches football. ', 215, 180),
(300, 'Rudi watches football. ', 254, 355),
(301, 'Rudi like swimming. I loves flowers. ', 27, 44),
(302, 'Mike loves flowers. I watches football. ', 215, 180),
(303, 'Rudi watches football. ', 254, 355),
(304, 'Rudi like swimming. I loves flowers. ', 27, 44),
(305, 'Rudi like swimming. Mike loves flowers. ', 211, 406),
(306, 'Rudi like sports. Mike loves flowers. ', 247, 373),
(307, 'Rudi like sports. Mike loves flowers. ', 247, 373),
(308, 'Rudi like sports. ', 254, 308),
(309, 'Mike watches football. I like sports. ', 297, 203),
(310, 'Mike watches football. I like sports. ', 297, 203),
(311, 'Rudi loves flowers. ', 36, 162),
(313, 'Mike watches football. Mike like sports.', 165, 375),
(314, 'I like sports. Rudi watches football. ', 127, 137),
(315, 'Mike loves flowers. Rudi like swimming. ', 1, 287),
(316, 'Mike loves flowers. I loves flowers. ', 201, 140),
(317, 'Mike loves flowers. Mike like swimming. ', 2, 224),
(318, 'I like swimming. Rudi loves flowers. ', 306, 424),
(319, 'I loves flowers. ', 73, 47),
(320, 'Mike loves flowers. Mike like swimming. ', 2, 224),
(321, 'I like swimming. Rudi loves flowers. ', 306, 424),
(322, 'I loves flowers. ', 73, 47),
(323, 'Rudi loves flowers. Mike loves flowers. ', 4, 6),
(324, 'Mike watches football. I loves flowers. ', 157, 10),
(325, 'Mike loves flowers. I like swimming. ', 14, 18),
(326, 'Mike like swimming. I loves flowers. ', 253, 92),
(327, 'Mike like swimming. ', 294, 345),
(328, 'Mike loves flowers. ', 314, 59),
(329, 'Mike like swimming. I loves flowers. ', 253, 92),
(330, 'Mike like swimming. ', 294, 345),
(331, 'Mike loves flowers. ', 314, 59),
(332, 'I loves flowers. ', 134, 87),
(333, 'Mike loves flowers. Mike like swimming. ', 39, 413),
(334, 'Mike loves flowers. Mike like swimming. ', 39, 413),
(335, 'Mike loves flowers. ', 1, 323),
(336, 'I like swimming. Mike like swimming. ', 52, 263),
(337, 'I like swimming. Mike like swimming. ', 52, 263),
(338, 'Mike watches football. Rudi like sports.', 167, 130),
(340, 'I loves flowers. Rudi loves flowers. ', 300, 284),
(341, 'Mike loves flowers. Rudi like sports. ', 7, 168),
(342, 'Mike loves flowers. Mike like swimming. ', 5, 171),
(343, 'I watches football. ', 94, 63),
(344, 'I like sports. Mike loves flowers. ', 130, 169),
(345, 'I like sports. Mike loves flowers. ', 130, 169),
(346, 'Mike watches football. ', 141, 163),
(347, 'Mike like swimming. Mike like swimming. ', 84, 21),
(348, 'Mike like sports. Rudi watches football.', 14, 420),
(349, 'Mike loves flowers. Rudi like swimming. ', 280, 99),
(350, 'Mike loves flowers. I watches football. ', 270, 22),
(351, 'Rudi loves flowers. I watches football. ', 115, 432),
(352, 'Mike like swimming. I watches football. ', 90, 80),
(353, 'Rudi loves flowers. I watches football. ', 115, 432),
(354, 'Mike like swimming. I watches football. ', 90, 80),
(355, 'I like sports. Rudi like swimming. ', 302, 25),
(356, 'Mike watches football. Rudi like sports.', 244, 202),
(357, 'Mike loves flowers. I loves flowers. ', 10, 15),
(358, 'Mike like swimming. Mike like sports. ', 219, 93),
(359, 'I like swimming. ', 285, 337),
(360, 'I watches football. ', 52, 190),
(361, 'Mike like swimming. Rudi like swimming. ', 190, 103),
(363, 'Mike like swimming. Mike loves flowers. ', 26, 132),
(364, 'I watches football. ', 92, 1),
(365, 'Mike watches football. Rudi like sports.', 229, 238),
(366, 'Mike watches football. Mike like sports.', 28, 162),
(369, 'I loves flowers. I loves flowers. ', 60, 276),
(370, 'Rudi like sports. ', 29, 78),
(371, 'Mike like sports. Mike watches football.', 334, 46),
(372, 'Mike like swimming. ', 25, 424),
(373, 'I loves flowers. I watches football. ', 52, 265),
(374, 'I watches football. Mike like swimming. ', 277, 8),
(375, 'Mike like sports. Mike watches football.', 108, 2),
(376, 'Rudi watches football. ', 55, 116),
(377, 'I loves flowers. ', 13, 466),
(378, 'Rudi watches football. I loves flowers. ', 45, 383),
(379, 'I loves flowers. Rudi like swimming. ', 166, 133),
(380, 'Rudi watches football. ', 170, 179),
(381, 'Mike watches football. Mike like sports.', 174, 189),
(382, 'Mike watches football. ', 67, 421),
(383, 'Rudi watches football. I loves flowers. ', 45, 383),
(384, 'I loves flowers. Rudi like swimming. ', 166, 133),
(385, 'Rudi watches football. ', 170, 179),
(386, 'Mike watches football. Mike like sports.', 174, 189),
(387, 'Mike watches football. ', 67, 421),
(388, 'Mike like swimming. Rudi like swimming. ', 210, 421),
(389, 'Mike loves flowers. Rudi loves flowers. ', 221, 473),
(390, 'Mike loves flowers. Rudi loves flowers. ', 221, 473),
(391, 'I loves flowers. ', 84, 166),
(392, 'I loves flowers. Mike like swimming. ', 25, 285),
(393, 'Mike loves flowers. Rudi loves flowers. ', 57, 62),
(394, 'I watches football. Rudi loves flowers. ', 35, 232),
(395, 'I watches football. Rudi loves flowers. ', 35, 232),
(396, 'I watches football. I loves flowers. ', 299, 325),
(397, 'Mike like sports. Rudi watches football.', 134, 208),
(398, 'Mike like sports. Rudi watches football.', 134, 208),
(399, 'I loves flowers. ', 292, 262),
(400, 'Mike like sports. Mike watches football.', 80, 193),
(401, 'Mike watches football. Mike like sports.', 206, 61),
(403, 'Mike like swimming. Rudi loves flowers. ', 72, 268),
(404, 'I watches football. Mike loves flowers. ', 266, 283),
(405, 'Mike loves flowers. Mike loves flowers. ', 140, 24),
(406, 'Mike like sports. Rudi like swimming. ', 275, 203),
(410, 'Mike watches football. I like swimming. ', 152, 279),
(411, 'Mike loves flowers. ', 52, 277),
(412, 'I watches football. Rudi like swimming. ', 38, 435),
(413, 'I like swimming. Mike loves flowers. ', 31, 299),
(414, 'Mike like sports. Mike like swimming. ', 172, 379),
(415, 'Mike like swimming. Rudi like swimming. ', 311, 220),
(416, 'I loves flowers. Rudi watches football. ', 137, 456),
(417, 'I like sports. Mike loves flowers. ', 94, 268),
(418, 'Mike loves flowers. Rudi loves flowers. ', 215, 352),
(419, 'I loves flowers. Rudi watches football. ', 137, 456),
(420, 'I like sports. Mike loves flowers. ', 94, 268),
(421, 'Mike loves flowers. Rudi loves flowers. ', 215, 352),
(422, 'I loves flowers. Rudi loves flowers. ', 14, 438),
(424, 'Rudi loves flowers. Rudi loves flowers. ', 337, 410),
(425, 'Mike watches football. ', 97, 159),
(427, 'Mike watches football. I like sports. ', 101, 94),
(428, 'Rudi like swimming. ', 87, 10),
(429, 'Mike watches football. ', 224, 323),
(430, 'Mike loves flowers. I watches football. ', 329, 467),
(432, 'Mike like sports. Mike watches football.', 271, 200),
(433, 'Mike loves flowers. I like swimming. ', 83, 118),
(434, 'I watches football. I loves flowers. ', 249, 268),
(435, 'I watches football. I loves flowers. ', 249, 268),
(436, 'I loves flowers. Rudi watches football. ', 61, 448),
(437, 'I watches football. ', 1, 45),
(438, 'I like swimming. Mike loves flowers. ', 155, 351),
(441, 'I like sports. Mike loves flowers. ', 230, 464),
(442, 'Rudi like sports. Rudi loves flowers. ', 320, 8),
(443, 'I like swimming. ', 194, 428),
(444, 'Mike loves flowers. ', 56, 322),
(445, 'I watches football. ', 263, 370),
(448, 'Mike watches football. ', 238, 57),
(449, 'I loves flowers. Mike watches football. ', 141, 199),
(450, 'Mike like sports. Mike watches football.', 23, 341),
(451, 'Mike like sports. Mike loves flowers. ', 270, 177),
(452, 'Mike like sports. Mike loves flowers. ', 270, 177),
(453, 'Mike like sports. ', 310, 186),
(455, 'Mike like sports. Mike watches football.', 320, 371),
(456, 'Rudi loves flowers. ', 43, 123),
(457, 'Rudi watches football. I loves flowers. ', 293, 280),
(459, 'I like sports. Rudi watches football. ', 297, 336),
(460, 'Mike like swimming. ', 106, 472),
(461, 'I like sports. Rudi like sports. ', 209, 16),
(462, 'Mike like swimming. I watches football. ', 264, 452),
(463, 'Mike loves flowers. ', 109, 120),
(464, 'Mike loves flowers. Mike loves flowers. ', 265, 411),
(465, 'I like sports. ', 309, 95),
(466, 'Mike loves flowers. ', 109, 120),
(467, 'Mike loves flowers. Mike loves flowers. ', 265, 411),
(468, 'I like sports. ', 309, 95),
(469, 'Mike like sports. Mike loves flowers. ', 336, 258),
(470, 'I watches football. ', 120, 292),
(471, 'I like swimming. I like swimming. ', 8, 330),
(472, 'I loves flowers. Mike watches football. ', 184, 463),
(473, 'Mike like sports. ', 48, 232),
(474, 'I loves flowers. Mike watches football. ', 184, 463),
(475, 'Mike like sports. ', 48, 232),
(476, 'Mike loves flowers. ', 147, 15),
(477, 'I like swimming. Mike like swimming. ', 269, 429),
(478, 'I like swimming. Mike like swimming. ', 269, 429),
(479, 'Mike watches football. I like swimming. ', 193, 154),
(480, 'I like swimming. Rudi loves flowers. ', 130, 278),
(481, 'I like swimming. Rudi loves flowers. ', 130, 278),
(482, 'Mike like swimming. Rudi loves flowers. ', 312, 290),
(483, 'I watches football. ', 173, 272),
(484, 'I like sports. Mike like sports. ', 38, 207),
(485, 'Rudi loves flowers. Mike loves flowers. ', 104, 13),
(486, 'Mike watches football. ', 258, 55),
(487, 'Mike watches football. I like sports. ', 255, 238),
(488, 'Rudi loves flowers. Mike loves flowers. ', 104, 13),
(489, 'Mike watches football. ', 258, 55),
(490, 'Mike watches football. I like sports. ', 255, 238),
(491, 'Rudi loves flowers. Rudi loves flowers. ', 150, 381),
(492, 'I watches football. Mike like swimming. ', 290, 272),
(493, 'I watches football. Mike like swimming. ', 290, 272),
(494, 'I like sports. ', 64, 82),
(495, 'Mike like swimming. I watches football. ', 141, 316),
(496, 'Mike like swimming. I watches football. ', 141, 316),
(497, 'Mike like swimming. Mike like sports. ', 287, 351),
(498, 'I loves flowers. Rudi like swimming. ', 29, 232),
(500, 'Mike like sports. I watches football. ', 293, 406),
(501, 'Mike watches football. I loves flowers. ', 43, 464),
(502, 'Mike loves flowers. Mike loves flowers. ', 92, 134),
(503, 'Mike loves flowers. Mike loves flowers. ', 92, 134),
(504, 'I watches football. Rudi loves flowers. ', 196, 291),
(505, 'Rudi like swimming. ', 37, 89),
(506, 'Mike watches football. ', 14, 133),
(507, 'Mike like sports. I loves flowers. ', 119, 299),
(508, 'I watches football. I loves flowers. ', 217, 13),
(509, 'Mike like sports. I loves flowers. ', 119, 299),
(510, 'I watches football. I loves flowers. ', 217, 13),
(511, 'I like sports. ', 75, 258),
(512, 'Mike watches football. ', 283, 352),
(513, 'Mike like swimming. Mike loves flowers. ', 137, 300),
(514, 'Mike like swimming. Mike loves flowers. ', 137, 300),
(515, 'I loves flowers. Mike watches football. ', 192, 180),
(517, 'I like swimming. Rudi like swimming. ', 162, 399),
(518, 'Mike loves flowers. I watches football. ', 292, 415),
(519, 'Rudi watches football. ', 280, 432),
(520, 'Mike watches football. Rudi like sports.', 258, 424),
(521, 'Mike watches football. Rudi like sports.', 258, 424),
(522, 'I like sports. ', 289, 158),
(523, 'Rudi loves flowers. Rudi loves flowers. ', 330, 416),
(524, 'Mike watches football. Mike like sports.', 218, 252),
(528, 'Mike loves flowers. Mike loves flowers. ', 61, 319),
(529, 'Rudi watches football. ', 95, 355),
(530, 'Mike like sports. Rudi watches football.', 78, 128),
(531, 'Rudi watches football. Rudi like sports.', 333, 298),
(532, 'Mike like sports. Rudi watches football.', 199, 350),
(533, 'Mike like sports. Rudi watches football.', 199, 350),
(534, 'Mike like swimming. Mike like swimming. ', 119, 276),
(535, 'Mike like sports. I watches football. ', 121, 147),
(536, 'Rudi watches football. I loves flowers. ', 171, 313),
(540, 'Mike loves flowers. Rudi loves flowers. ', 17, 176),
(541, 'Mike loves flowers. Mike like sports. ', 96, 264),
(542, 'I loves flowers. Mike like swimming. ', 303, 342),
(543, 'I watches football. Rudi like sports. ', 132, 322),
(544, 'I like swimming. Mike watches football. ', 145, 117),
(545, 'Mike watches football. ', 13, 300),
(547, 'I watches football. ', 70, 302),
(548, 'Mike loves flowers. Rudi like swimming. ', 183, 291),
(549, 'Mike like swimming. ', 105, 76),
(550, 'I loves flowers. Rudi watches football. ', 97, 82),
(551, 'I watches football. Rudi loves flowers. ', 21, 347),
(552, 'Rudi loves flowers. I watches football. ', 114, 14),
(553, 'I like swimming. Mike like swimming. ', 198, 271),
(554, 'I watches football. Rudi loves flowers. ', 21, 347),
(555, 'Rudi loves flowers. I watches football. ', 114, 14),
(556, 'I like swimming. Mike like swimming. ', 198, 271),
(557, 'Rudi loves flowers. I watches football. ', 37, 25),
(559, 'Mike like sports. I watches football. ', 324, 22),
(560, 'I watches football. I loves flowers. ', 112, 259),
(561, 'Mike watches football. I loves flowers. ', 220, 128),
(562, 'Mike watches football. ', 219, 7),
(563, 'I loves flowers. Mike watches football. ', 269, 11),
(564, 'Rudi loves flowers. Mike loves flowers. ', 193, 427),
(565, 'Mike watches football. ', 227, 445),
(566, 'I loves flowers. Mike watches football. ', 269, 11),
(567, 'Rudi loves flowers. Mike loves flowers. ', 193, 427),
(568, 'Mike watches football. ', 227, 445),
(569, 'Mike like swimming. Mike like swimming. ', 71, 90),
(570, 'Rudi loves flowers. ', 93, 211),
(571, 'Mike loves flowers. I watches football. ', 218, 344),
(572, 'Mike watches football. I like sports. ', 59, 181),
(573, 'Mike loves flowers. ', 75, 370),
(574, 'Mike like sports. Mike loves flowers. ', 99, 12),
(575, 'I watches football. ', 6, 138),
(576, 'Mike like sports. Mike like sports. ', 149, 397),
(577, 'I loves flowers. Rudi watches football. ', 288, 326),
(578, 'Mike like swimming. Rudi loves flowers. ', 247, 290),
(579, 'Mike watches football. ', 78, 163),
(580, 'Mike like sports. Mike like sports. ', 149, 397),
(581, 'I loves flowers. Rudi watches football. ', 288, 326),
(582, 'Mike like swimming. Rudi loves flowers. ', 247, 290),
(583, 'Mike watches football. ', 78, 163),
(584, 'I watches football. I like sports. ', 133, 155),
(585, 'I watches football. I watches football. ', 98, 137),
(586, 'Mike loves flowers. Rudi like swimming. ', 202, 284),
(587, 'Mike watches football. ', 284, 326),
(588, 'Mike loves flowers. I watches football. ', 267, 396),
(589, 'Mike loves flowers. ', 67, 441),
(590, 'Rudi like sports. Rudi loves flowers. ', 120, 464),
(591, 'Mike loves flowers. I watches football. ', 267, 396),
(592, 'Mike loves flowers. ', 67, 441),
(593, 'Rudi like sports. Rudi loves flowers. ', 120, 464),
(594, 'Mike watches football. Rudi like sports.', 50, 392),
(595, 'I loves flowers. ', 121, 179),
(596, 'Mike loves flowers. ', 332, 332),
(598, 'I watches football. Rudi loves flowers. ', 100, 82),
(599, 'Mike loves flowers. I watches football. ', 234, 314),
(600, 'I like sports. I watches football. ', 58, 457),
(601, 'I loves flowers. Rudi loves flowers. ', 110, 195),
(602, 'Mike watches football. ', 175, 117),
(603, 'Rudi like sports. I like swimming. ', 300, 201),
(604, 'Rudi loves flowers. I loves flowers. ', 286, 298),
(605, 'Rudi like sports. Rudi loves flowers. ', 132, 14),
(606, 'Mike watches football. Rudi like sports.', 213, 251),
(607, 'Mike loves flowers. I loves flowers. ', 292, 475),
(608, 'Mike like sports. Mike like swimming. ', 70, 280),
(609, 'Mike loves flowers. Rudi like swimming. ', 94, 107),
(610, 'Mike watches football. Rudi like sports.', 213, 251),
(611, 'Mike loves flowers. I loves flowers. ', 292, 475),
(612, 'Mike like sports. Mike like swimming. ', 70, 280),
(613, 'Mike loves flowers. Rudi like swimming. ', 94, 107),
(614, 'I watches football. Rudi loves flowers. ', 249, 397),
(615, 'I like sports. Mike like swimming. ', 20, 138),
(616, 'I like sports. Mike like swimming. ', 20, 138),
(617, 'Mike like swimming. Mike loves flowers. ', 288, 255),
(618, 'Mike loves flowers. Mike loves flowers. ', 137, 184),
(619, 'Mike loves flowers. Mike loves flowers. ', 137, 184),
(620, 'I watches football. Rudi loves flowers. ', 66, 325),
(621, 'Mike watches football. ', 182, 453),
(622, 'Mike like sports. ', 226, 259),
(623, 'Mike watches football. Rudi like sports.', 137, 342),
(624, 'Mike like swimming. ', 150, 335),
(625, 'I like swimming. I loves flowers. ', 38, 450),
(626, 'Mike watches football. Rudi like sports.', 137, 342),
(627, 'Mike like swimming. ', 150, 335),
(628, 'I like swimming. I loves flowers. ', 38, 450),
(629, 'Rudi loves flowers. I watches football. ', 120, 329),
(630, 'Rudi like swimming. Mike like swimming. ', 224, 112),
(631, 'Rudi like swimming. Mike like swimming. ', 224, 112),
(632, 'Mike watches football. ', 170, 393),
(634, 'I watches football. Rudi loves flowers. ', 72, 441),
(635, 'Rudi loves flowers. I loves flowers. ', 212, 358),
(636, 'I like swimming. Rudi like swimming. ', 186, 283),
(637, 'I like swimming. Rudi like swimming. ', 186, 283),
(638, 'I watches football. Mike loves flowers. ', 199, 207),
(640, 'Mike like sports. Mike loves flowers. ', 330, 99),
(641, 'I like sports. Rudi watches football. ', 274, 22),
(642, 'Mike like sports. ', 65, 419),
(643, 'I like sports. Rudi watches football. ', 197, 181),
(646, 'Rudi loves flowers. ', 144, 444),
(647, 'Mike watches football. ', 183, 261),
(648, 'Mike loves flowers. I watches football. ', 313, 5),
(650, 'I watches football. Mike loves flowers. ', 104, 288),
(651, 'I like swimming. Mike like sports. ', 218, 47),
(652, 'Rudi watches football. ', 21, 179),
(653, 'Mike watches football. ', 203, 45),
(654, 'Rudi loves flowers. ', 10, 191),
(655, 'I like swimming. Mike watches football. ', 214, 319),
(656, 'I loves flowers. Mike watches football. ', 318, 58),
(657, 'Rudi loves flowers. ', 10, 191),
(658, 'I like swimming. Mike watches football. ', 214, 319),
(659, 'I loves flowers. Mike watches football. ', 318, 58),
(660, 'Rudi watches football. Rudi like sports.', 94, 232),
(661, 'Rudi like swimming. Rudi loves flowers. ', 219, 144),
(662, 'Rudi like swimming. Rudi loves flowers. ', 219, 144),
(663, 'Rudi watches football. ', 76, 147),
(664, 'Rudi watches football. I loves flowers. ', 93, 103),
(665, 'Mike like sports. Rudi loves flowers. ', 118, 333),
(668, 'I loves flowers. I loves flowers. ', 112, 351),
(669, 'Mike like sports. Mike loves flowers. ', 304, 82),
(670, 'Rudi loves flowers. I watches football. ', 111, 471),
(671, 'Mike like swimming. Mike like swimming. ', 270, 101),
(672, 'Mike like sports. Mike watches football.', 121, 264),
(673, 'Mike loves flowers. I loves flowers. ', 275, 340),
(674, 'Mike watches football. I like swimming. ', 231, 227),
(675, 'I like swimming. ', 78, 239),
(676, 'Rudi like sports. Mike watches football.', 332, 146),
(677, 'Rudi watches football. ', 229, 257),
(678, 'Mike loves flowers. ', 330, 277),
(679, 'Rudi like sports. Mike watches football.', 332, 146),
(680, 'Rudi watches football. ', 229, 257),
(681, 'Mike loves flowers. ', 330, 277),
(682, 'Rudi watches football. Rudi like sports.', 130, 445),
(684, 'I loves flowers. Rudi watches football. ', 20, 84),
(685, 'I watches football. ', 254, 175),
(686, 'Rudi loves flowers. Mike like sports. ', 48, 428),
(687, 'Rudi watches football. Mike like sports.', 244, 122),
(691, 'Mike like sports. Rudi loves flowers. ', 24, 303),
(692, 'I like swimming. Mike watches football. ', 146, 156),
(693, 'Rudi watches football. I like sports. ', 162, 114),
(694, 'I like sports. Rudi like swimming. ', 200, 429),
(695, 'Mike loves flowers. I watches football. ', 200, 304),
(696, 'I watches football. Rudi like sports. ', 93, 227),
(697, 'Rudi like swimming. ', 41, 436),
(698, 'I watches football. Mike like sports. ', 217, 1),
(699, 'Rudi like swimming. ', 41, 436),
(700, 'I watches football. Mike like sports. ', 217, 1),
(701, 'I watches football. I loves flowers. ', 28, 10),
(702, 'Mike like sports. Rudi watches football.', 131, 370),
(703, 'Rudi loves flowers. Mike like sports. ', 22, 441),
(704, 'I like swimming. Mike watches football. ', 167, 267),
(705, 'I watches football. ', 147, 114),
(706, 'Mike like sports. Mike watches football.', 26, 456),
(707, 'I like swimming. Mike watches football. ', 15, 242),
(708, 'I like sports. ', 101, 470),
(709, 'Mike loves flowers. I watches football. ', 170, 289),
(710, 'Mike watches football. I loves flowers. ', 297, 71),
(711, 'I like sports. Mike loves flowers. ', 333, 399),
(712, 'I like sports. ', 101, 470),
(713, 'Mike loves flowers. I watches football. ', 170, 289),
(714, 'Mike watches football. I loves flowers. ', 297, 71),
(715, 'I like sports. Mike loves flowers. ', 333, 399),
(716, 'I watches football. Mike like sports. ', 247, 240),
(717, 'Mike like sports. Mike like sports. ', 270, 306),
(718, 'I loves flowers. Rudi watches football. ', 44, 260),
(719, 'Mike like sports. ', 203, 335),
(720, 'Rudi like sports. Mike loves flowers. ', 304, 247),
(721, 'Mike loves flowers. Rudi loves flowers. ', 150, 279),
(722, 'Mike like sports. Mike like sports. ', 260, 371),
(723, 'Rudi loves flowers. I like sports. ', 240, 117),
(724, 'Mike loves flowers. Mike like swimming. ', 149, 473),
(725, 'Mike like swimming. ', 162, 277),
(726, 'Mike like swimming. Mike loves flowers. ', 249, 303),
(727, 'Rudi like sports. Mike loves flowers. ', 167, 463),
(728, 'I like swimming. Mike loves flowers. ', 80, 352),
(729, 'Rudi loves flowers. I watches football. ', 87, 341),
(730, 'I watches football. Rudi like sports. ', 274, 335),
(731, 'Mike loves flowers. Mike like sports. ', 46, 250),
(732, 'Mike like swimming. Mike loves flowers. ', 249, 303),
(733, 'Rudi like sports. Mike loves flowers. ', 167, 463),
(734, 'I like swimming. Mike loves flowers. ', 80, 352),
(735, 'Rudi loves flowers. I watches football. ', 87, 341),
(736, 'I watches football. Rudi like sports. ', 274, 335),
(737, 'Mike loves flowers. Mike like sports. ', 46, 250),
(738, 'Mike like swimming. I watches football. ', 204, 400),
(739, 'I watches football. ', 94, 140),
(740, 'I watches football. ', 94, 140),
(741, 'Mike loves flowers. I like swimming. ', 327, 195),
(742, 'Mike like sports. Rudi watches football.', 220, 122),
(743, 'Mike like sports. I loves flowers. ', 225, 158),
(745, 'I watches football. ', 335, 349),
(746, 'Rudi loves flowers. I like sports. ', 58, 252),
(748, 'I watches football. ', 250, 430),
(749, 'Mike watches football. ', 56, 384),
(750, 'I watches football. Mike like swimming. ', 276, 146),
(751, 'I watches football. Mike like swimming. ', 276, 146),
(752, 'Mike loves flowers. Mike like swimming. ', 126, 283),
(753, 'Rudi like swimming. I like sports. ', 32, 317),
(754, 'Rudi like swimming. I like sports. ', 32, 317),
(755, 'I loves flowers. Rudi loves flowers. ', 297, 141),
(756, 'Mike watches football. I loves flowers. ', 239, 370),
(757, 'Rudi like sports. Rudi watches football.', 60, 306),
(758, 'Mike watches football. ', 100, 389),
(759, 'I loves flowers. Rudi like swimming. ', 127, 277),
(760, 'I loves flowers. Mike watches football. ', 274, 304),
(761, 'Mike watches football. ', 100, 389),
(762, 'I loves flowers. Rudi like swimming. ', 127, 277),
(763, 'I loves flowers. Mike watches football. ', 274, 304),
(764, 'Mike loves flowers. Rudi loves flowers. ', 82, 294),
(765, 'Rudi loves flowers. Mike loves flowers. ', 59, 374),
(766, 'Mike watches football. ', 323, 71),
(769, 'I like sports. Mike like swimming. ', 96, 250),
(770, 'Rudi watches football. I loves flowers. ', 157, 79),
(771, 'Mike watches football. Mike like sports.', 28, 130),
(773, 'Mike like sports. ', 296, 352),
(774, 'Mike watches football. I loves flowers. ', 250, 293),
(775, 'Rudi like swimming. Mike like sports. ', 167, 355),
(776, 'Mike watches football. I loves flowers. ', 253, 463),
(777, 'Mike like swimming. ', 89, 216),
(778, 'I loves flowers. ', 337, 180),
(779, 'Mike like swimming. ', 89, 216),
(780, 'I loves flowers. ', 337, 180),
(781, 'I loves flowers. Mike like swimming. ', 217, 459),
(782, 'Mike like sports. Rudi like swimming. ', 171, 434),
(783, 'Mike like sports. Rudi like swimming. ', 171, 434),
(784, 'Rudi like swimming. Mike loves flowers. ', 147, 247),
(785, 'Mike loves flowers. Mike loves flowers. ', 45, 233),
(786, 'I loves flowers. Rudi watches football. ', 250, 235),
(787, 'Mike like swimming. I watches football. ', 3, 338),
(788, 'Mike watches football. ', 333, 241),
(789, 'Mike like sports. Rudi watches football.', 221, 12),
(790, 'I like swimming. Rudi like swimming. ', 48, 280),
(791, 'Mike watches football. ', 333, 241),
(792, 'Mike like sports. Rudi watches football.', 221, 12),
(793, 'I like swimming. Rudi like swimming. ', 48, 280),
(794, 'Mike loves flowers. ', 201, 169),
(796, 'Mike loves flowers. ', 42, 286),
(797, 'Rudi like sports. Rudi loves flowers. ', 90, 473),
(798, 'I watches football. Rudi like swimming. ', 80, 85),
(800, 'Mike like swimming. Rudi loves flowers. ', 164, 466),
(801, 'I watches football. Mike like swimming. ', 13, 190),
(802, 'I watches football. Rudi loves flowers. ', 327, 1),
(803, 'Mike like swimming. Rudi like sports. ', 84, 108),
(804, 'Mike like sports. ', 88, 338),
(805, 'I loves flowers. Mike watches football. ', 117, 216),
(806, 'Mike like sports. ', 88, 338),
(807, 'I loves flowers. Mike watches football. ', 117, 216),
(808, 'Mike like sports. I like sports. ', 179, 276),
(809, 'Mike loves flowers. Mike like sports. ', 197, 272),
(810, 'Mike like swimming. Mike loves flowers. ', 289, 275),
(811, 'Rudi watches football. ', 327, 133),
(812, 'Rudi watches football. ', 327, 133),
(813, 'Mike watches football. Mike like sports.', 317, 242),
(814, 'Rudi loves flowers. Rudi loves flowers. ', 125, 249),
(815, 'Rudi loves flowers. Rudi loves flowers. ', 125, 249),
(816, 'Mike like sports. I watches football. ', 321, 449),
(817, 'Mike loves flowers. I watches football. ', 120, 130),
(818, 'I watches football. Mike loves flowers. ', 7, 397),
(819, 'I loves flowers. Rudi watches football. ', 240, 417),
(821, 'Mike like sports. Mike like swimming. ', 74, 55),
(822, 'I watches football. Rudi loves flowers. ', 292, 393),
(823, 'Rudi watches football. I like sports. ', 148, 459),
(824, 'Rudi watches football. ', 207, 411),
(825, 'Rudi like swimming. I like sports. ', 28, 464),
(826, 'Rudi watches football. Mike like sports.', 154, 404),
(827, 'I watches football. Rudi like swimming. ', 327, 109),
(828, 'Rudi like swimming. I like sports. ', 28, 464),
(829, 'Rudi watches football. Mike like sports.', 154, 404),
(830, 'I watches football. Rudi like swimming. ', 327, 109),
(831, 'Mike watches football. Mike like sports.', 5, 317),
(832, 'I watches football. Mike loves flowers. ', 44, 388),
(833, 'I watches football. Mike loves flowers. ', 44, 388),
(834, 'Mike watches football. Mike like sports.', 22, 326),
(835, 'Mike loves flowers. Rudi like swimming. ', 281, 452),
(836, 'Mike loves flowers. Rudi like swimming. ', 281, 452),
(837, 'Mike like sports. Rudi like swimming. ', 327, 64),
(838, 'I like swimming. Mike loves flowers. ', 31, 154),
(839, 'I like swimming. Mike loves flowers. ', 31, 154),
(840, 'I watches football. Rudi loves flowers. ', 130, 469),
(841, 'Mike loves flowers. Rudi like sports. ', 67, 128),
(842, 'Mike like swimming. ', 28, 395),
(843, 'I like swimming. ', 229, 277),
(844, 'Rudi watches football. ', 183, 154),
(845, 'I like swimming. ', 229, 277),
(846, 'Rudi watches football. ', 183, 154),
(847, 'Mike loves flowers. Mike like sports. ', 82, 435),
(848, 'I watches football. Rudi like swimming. ', 170, 55),
(849, 'I like swimming. Rudi watches football. ', 274, 427),
(851, 'Mike like sports. Mike watches football.', 29, 89),
(852, 'Rudi like sports. ', 28, 378),
(853, 'Mike loves flowers. ', 105, 303),
(855, 'Rudi loves flowers. I watches football. ', 100, 19),
(856, 'Mike like swimming. Mike loves flowers. ', 247, 316),
(857, 'Rudi like swimming. Rudi like sports. ', 256, 310),
(858, 'I watches football. I like sports. ', 178, 128),
(860, 'Rudi loves flowers. Mike loves flowers. ', 164, 166),
(861, 'I like swimming. Rudi loves flowers. ', 250, 154),
(862, 'Mike like sports. I watches football. ', 65, 449),
(863, 'I like swimming. I watches football. ', 104, 22),
(865, 'Mike loves flowers. ', 197, 303),
(866, 'I loves flowers. I like swimming. ', 206, 336),
(867, 'Mike like swimming. ', 139, 456),
(868, 'Mike like swimming. ', 139, 456),
(869, 'Mike loves flowers. Rudi loves flowers. ', 152, 216),
(871, 'I like swimming. Rudi loves flowers. ', 74, 397),
(872, 'Rudi like swimming. ', 131, 375),
(873, 'Mike watches football. Rudi like sports.', 144, 157),
(874, 'Rudi like swimming. Mike loves flowers. ', 75, 354),
(875, 'Mike watches football. ', 181, 135),
(876, 'I watches football. Mike loves flowers. ', 117, 251),
(877, 'Rudi loves flowers. I watches football. ', 16, 242),
(878, 'Mike watches football. ', 154, 429),
(879, 'Mike loves flowers. ', 27, 145),
(880, 'I like swimming. Mike watches football. ', 98, 227),
(881, 'I watches football. I loves flowers. ', 223, 181),
(882, 'Mike loves flowers. ', 15, 200),
(883, 'Mike like swimming. ', 174, 269),
(884, 'Mike loves flowers. ', 27, 145),
(885, 'I like swimming. Mike watches football. ', 98, 227),
(886, 'I watches football. I loves flowers. ', 223, 181),
(887, 'Mike loves flowers. ', 15, 200),
(888, 'Mike like swimming. ', 174, 269),
(889, 'I watches football. Rudi loves flowers. ', 317, 93),
(890, 'Mike loves flowers. ', 170, 246),
(891, 'Mike loves flowers. ', 170, 246),
(892, 'Mike watches football. I loves flowers. ', 335, 324),
(893, 'Mike like sports. I watches football. ', 126, 320),
(894, 'Mike loves flowers. ', 120, 244),
(895, 'I loves flowers. Mike watches football. ', 26, 144),
(896, 'I watches football. Mike loves flowers. ', 96, 89),
(897, 'I loves flowers. Mike watches football. ', 92, 117),
(898, 'I like sports. Mike watches football. ', 318, 470),
(903, 'I like swimming. Mike loves flowers. ', 330, 452),
(904, 'Rudi loves flowers. Rudi loves flowers. ', 5, 350),
(905, 'Rudi like swimming. ', 300, 400),
(906, 'Rudi loves flowers. I watches football. ', 24, 166),
(907, 'Rudi like sports. Rudi like swimming. ', 86, 274),
(908, 'Rudi loves flowers. I like swimming. ', 328, 300),
(909, 'Mike like swimming. Rudi like swimming. ', 92, 92),
(910, 'I like sports. Rudi like swimming. ', 3, 443),
(911, 'Mike like swimming. Mike like sports. ', 175, 345),
(912, 'Mike watches football. Rudi like sports.', 275, 121),
(913, 'I like sports. Rudi like swimming. ', 3, 443),
(914, 'Mike like swimming. Mike like sports. ', 175, 345),
(915, 'Mike watches football. Rudi like sports.', 275, 121),
(916, 'Mike like sports. I loves flowers. ', 115, 122),
(917, 'Mike watches football. ', 98, 53),
(918, 'Rudi loves flowers. Rudi loves flowers. ', 100, 250),
(922, 'Mike loves flowers. I like sports. ', 54, 309),
(923, 'Rudi loves flowers. Rudi like sports. ', 130, 247),
(924, 'Mike like sports. Mike watches football.', 305, 92),
(925, 'Rudi loves flowers. Rudi like swimming. ', 158, 328),
(926, 'Mike like sports. Rudi watches football.', 161, 238),
(927, 'Mike loves flowers. ', 72, 154),
(928, 'Mike loves flowers. ', 72, 154),
(929, 'Mike watches football. Mike like sports.', 80, 352),
(930, 'Rudi loves flowers. I like swimming. ', 265, 25),
(931, 'Mike like sports. I watches football. ', 199, 85),
(932, 'Mike loves flowers. Rudi like swimming. ', 154, 296),
(933, 'Mike loves flowers. Rudi like swimming. ', 154, 296),
(934, 'Rudi like sports. I watches football. ', 317, 184),
(935, 'Rudi like sports. Mike watches football.', 75, 335),
(936, 'Rudi watches football. I like sports. ', 313, 155),
(937, 'Rudi like sports. Rudi loves flowers. ', 113, 414),
(938, 'I watches football. ', 251, 209),
(939, 'Mike loves flowers. Rudi loves flowers. ', 302, 374),
(940, 'Rudi like sports. Rudi loves flowers. ', 113, 414),
(941, 'I watches football. ', 251, 209),
(942, 'Mike loves flowers. Rudi loves flowers. ', 302, 374),
(943, 'I watches football. ', 97, 107),
(944, 'Mike like sports. Mike like sports. ', 230, 208),
(945, 'Mike like sports. Mike like sports. ', 230, 208),
(946, 'I watches football. I watches football. ', 30, 399),
(947, 'Rudi like swimming. I watches football. ', 305, 429),
(948, 'I watches football. Mike like sports. ', 84, 318),
(949, 'Rudi loves flowers. Rudi loves flowers. ', 263, 19),
(950, 'Rudi like swimming. Mike loves flowers. ', 28, 116),
(951, 'Rudi loves flowers. Rudi loves flowers. ', 263, 19),
(952, 'Rudi like swimming. Mike loves flowers. ', 28, 116),
(953, 'I watches football. I watches football. ', 14, 356),
(954, 'I loves flowers. Rudi watches football. ', 168, 168),
(955, 'Rudi watches football. ', 212, 405),
(956, 'Rudi loves flowers. I watches football. ', 262, 424),
(957, 'Mike watches football. I loves flowers. ', 62, 424),
(958, 'Mike watches football. I loves flowers. ', 56, 204),
(959, 'Rudi loves flowers. I watches football. ', 262, 424),
(960, 'Mike watches football. I loves flowers. ', 62, 424),
(961, 'Mike watches football. I loves flowers. ', 56, 204),
(962, 'Mike loves flowers. I like swimming. ', 69, 297),
(964, 'Mike watches football. Mike like sports.', 194, 342),
(965, 'Mike like swimming. I like sports. ', 185, 102),
(966, 'Rudi watches football. I like swimming. ', 263, 383),
(967, 'Mike like swimming. Rudi loves flowers. ', 69, 74),
(971, 'Mike like swimming. Mike loves flowers. ', 284, 169),
(972, 'Mike loves flowers. I watches football. ', 70, 401),
(973, 'Mike loves flowers. I watches football. ', 51, 328),
(974, 'I like sports. Mike watches football. ', 143, 211),
(975, 'I watches football. I like sports. ', 36, 99),
(976, 'I watches football. I like sports. ', 36, 99),
(977, 'Rudi loves flowers. Mike loves flowers. ', 184, 129),
(978, 'Mike like sports. Mike watches football.', 161, 199),
(979, 'Mike like sports. Mike watches football.', 161, 199),
(980, 'Mike watches football. ', 291, 238),
(981, 'I watches football. ', 268, 219),
(982, 'I loves flowers. ', 192, 248),
(983, 'I like swimming. Rudi loves flowers. ', 295, 175),
(984, 'I like swimming. Rudi loves flowers. ', 295, 175),
(985, 'I loves flowers. I watches football. ', 161, 472),
(986, 'Mike watches football. Mike like sports.', 251, 228),
(987, 'Mike watches football. Mike like sports.', 251, 228),
(988, 'Rudi like sports. Mike watches football.', 159, 301),
(990, 'I watches football. I loves flowers. ', 273, 472),
(991, 'I like swimming. Rudi loves flowers. ', 161, 180),
(992, 'Mike loves flowers. Rudi like sports. ', 29, 414),
(993, 'Mike loves flowers. Rudi like sports. ', 29, 414),
(994, 'Mike loves flowers. I watches football. ', 183, 315),
(995, 'I watches football. Rudi loves flowers. ', 310, 452),
(996, 'I loves flowers. Rudi watches football. ', 322, 251),
(997, 'I watches football. Rudi like swimming. ', 18, 124),
(998, 'Mike loves flowers. Rudi loves flowers. ', 137, 100),
(999, 'I loves flowers. Rudi loves flowers. ', 71, 187),
(1000, 'I watches football. Rudi like swimming. ', 18, 124),
(1001, 'Mike loves flowers. Rudi loves flowers. ', 137, 100),
(1002, 'I loves flowers. Rudi loves flowers. ', 71, 187),
(1003, 'Rudi watches football. I loves flowers. ', 40, 240),
(1004, 'Rudi like sports. Rudi loves flowers. ', 219, 276),
(1005, 'Mike watches football. I like sports. ', 160, 376),
(1006, 'I watches football. ', 48, 373),
(1007, 'Rudi watches football. Rudi like sports.', 86, 443),
(1008, 'I watches football. ', 48, 373),
(1009, 'Rudi watches football. Rudi like sports.', 86, 443),
(1010, 'Mike like sports. I like swimming. ', 249, 11),
(1012, 'I loves flowers. Rudi watches football. ', 159, 381),
(1013, 'I watches football. Rudi like sports. ', 265, 56),
(1014, 'Rudi watches football. I loves flowers. ', 270, 129),
(1015, 'Rudi watches football. I loves flowers. ', 270, 129),
(1016, 'Mike loves flowers. Mike loves flowers. ', 197, 274),
(1018, 'I watches football. Rudi like sports. ', 48, 372),
(1019, 'I watches football. ', 122, 403),
(1020, 'Mike like swimming. Rudi loves flowers. ', 182, 76),
(1021, 'Mike watches football. I like sports. ', 262, 288),
(1022, 'Rudi like sports. I loves flowers. ', 233, 279),
(1023, 'Mike loves flowers. I loves flowers. ', 242, 389),
(1024, 'Mike loves flowers. I loves flowers. ', 242, 389),
(1025, 'Mike loves flowers. Mike loves flowers. ', 281, 59),
(1026, 'Mike like swimming. I watches football. ', 127, 435),
(1027, 'Mike like sports. Rudi watches football.', 293, 410),
(1028, 'Mike like swimming. ', 287, 257),
(1032, 'Rudi like swimming. Mike like sports. ', 100, 21),
(1033, 'Rudi like swimming. I watches football. ', 330, 213),
(1034, 'Mike loves flowers. I loves flowers. ', 116, 204),
(1035, 'Mike like sports. Rudi watches football.', 189, 53),
(1037, 'Rudi like sports. Rudi watches football.', 86, 442),
(1038, 'Mike watches football. ', 309, 16),
(1039, 'Rudi loves flowers. I like swimming. ', 125, 267),
(1040, 'I loves flowers. Rudi like sports. ', 93, 269),
(1043, 'Mike loves flowers. Rudi loves flowers. ', 321, 373),
(1044, 'I watches football. Mike loves flowers. ', 160, 250),
(1045, 'I watches football. Mike loves flowers. ', 153, 90),
(1046, 'Rudi loves flowers. I watches football. ', 219, 107),
(1047, 'I loves flowers. ', 55, 437),
(1048, 'Mike loves flowers. I watches football. ', 207, 180),
(1049, 'I loves flowers. Rudi watches football. ', 62, 75),
(1050, 'Mike loves flowers. I watches football. ', 207, 180),
(1051, 'I loves flowers. Rudi watches football. ', 62, 75),
(1052, 'I like sports. Mike watches football. ', 199, 432),
(1053, 'Mike like sports. I watches football. ', 278, 331),
(1054, 'Mike like sports. Mike watches football.', 162, 265),
(1055, 'I like swimming. Mike loves flowers. ', 188, 463),
(1056, 'Mike loves flowers. I watches football. ', 21, 24);
INSERT INTO `lliurament` (`id`, `nom`, `comandaId`, `repartidorId`) VALUES
(1057, 'I like swimming. Mike loves flowers. ', 188, 463),
(1058, 'Mike loves flowers. I watches football. ', 21, 24),
(1059, 'Rudi like sports. Mike like sports. ', 23, 54),
(1061, 'Rudi like sports. Rudi loves flowers. ', 74, 309),
(1062, 'I loves flowers. Mike watches football. ', 337, 248),
(1063, 'Mike loves flowers. ', 33, 456),
(1064, 'Mike loves flowers. ', 33, 456),
(1065, 'Rudi watches football. Rudi like sports.', 176, 24),
(1066, 'I like sports. Rudi like swimming. ', 93, 189),
(1067, 'I like sports. Rudi like swimming. ', 93, 189),
(1068, 'Mike watches football. I loves flowers. ', 133, 214),
(1069, 'Rudi loves flowers. ', 35, 23),
(1070, 'Rudi like sports. I like swimming. ', 87, 85),
(1071, 'I watches football. Rudi loves flowers. ', 288, 118),
(1072, 'Rudi like sports. Rudi like swimming. ', 288, 333);

-- --------------------------------------------------------

--
-- Structure de la table `localitat`
--

CREATE TABLE `localitat` (
  `id` int(10) UNSIGNED NOT NULL,
  `provinciaId` int(10) UNSIGNED NOT NULL,
  `nom` varchar(40) NOT NULL
) ENGINE=InnoDB DEFAULT CHARSET=utf8mb4 COLLATE=utf8mb4_general_ci;

--
-- Déchargement des données de la table `localitat`
--

INSERT INTO `localitat` (`id`, `provinciaId`, `nom`) VALUES
(1, 104, 'Mike watches football. '),
(2, 56, 'I like sports. Mike watches football. '),
(4, 6, 'Mike like swimming. I watches football. '),
(5, 46, 'Rudi watches football. '),
(7, 137, 'I like sports. Rudi watches football. '),
(8, 1, 'Mike like sports. '),
(9, 22, 'Mike like sports. I like swimming. '),
(10, 134, 'I like swimming. '),
(11, 76, 'Rudi loves flowers. Rudi like sports. '),
(12, 135, 'I loves flowers. Mike watches football. '),
(13, 133, 'I loves flowers. '),
(14, 66, 'Rudi loves flowers. '),
(15, 135, 'I loves flowers. Mike watches football. '),
(16, 133, 'I loves flowers. '),
(17, 66, 'Rudi loves flowers. '),
(18, 55, 'Mike like swimming. Rudi loves flowers. '),
(19, 130, 'I loves flowers. Mike like swimming. '),
(20, 48, 'Rudi watches football. '),
(24, 39, 'Mike loves flowers. '),
(25, 51, 'I watches football. Rudi like sports. '),
(26, 69, 'Rudi like swimming. I like sports. '),
(27, 16, 'Mike like sports. Rudi watches football.'),
(28, 74, 'Mike loves flowers. '),
(29, 74, 'Mike loves flowers. '),
(30, 92, 'I watches football. Mike like sports. '),
(31, 7, 'Rudi like swimming. Mike loves flowers. '),
(32, 7, 'Rudi like swimming. Mike loves flowers. '),
(33, 111, 'I like swimming. I loves flowers. '),
(35, 85, 'Mike like sports. '),
(36, 20, 'Mike like swimming. Rudi like swimming. '),
(38, 99, 'Rudi like sports. Mike watches football.'),
(39, 62, 'I loves flowers. Mike watches football. '),
(40, 116, 'Rudi loves flowers. I like swimming. '),
(41, 116, 'Rudi loves flowers. I like swimming. '),
(42, 1, 'Mike watches football. I loves flowers. '),
(43, 122, 'Rudi watches football. Mike like sports.'),
(44, 122, 'Rudi watches football. Mike like sports.'),
(45, 5, 'Mike like sports. Mike like swimming. '),
(46, 107, 'Mike like sports. Rudi loves flowers. '),
(47, 100, 'Mike like sports. Mike loves flowers. '),
(50, 66, 'Rudi watches football. Rudi like sports.'),
(51, 11, 'I like swimming. '),
(52, 83, 'Rudi watches football. Mike like sports.'),
(53, 79, 'Mike like swimming. Mike loves flowers. '),
(54, 79, 'Mike like swimming. Mike loves flowers. '),
(55, 85, 'Mike loves flowers. I loves flowers. '),
(56, 26, 'Rudi like swimming. Mike loves flowers. '),
(57, 26, 'Rudi like swimming. Mike loves flowers. '),
(58, 2, 'Mike like sports. Rudi watches football.'),
(59, 95, 'I like swimming. Rudi watches football. '),
(60, 22, 'Mike watches football. Rudi like sports.'),
(63, 24, 'Mike like swimming. Rudi like sports. '),
(64, 74, 'I watches football. Rudi like swimming. '),
(65, 18, 'I watches football. Rudi loves flowers. '),
(66, 33, 'Rudi watches football. Rudi like sports.'),
(67, 33, 'Rudi watches football. Rudi like sports.'),
(68, 54, 'Rudi loves flowers. Mike loves flowers. '),
(69, 122, 'Rudi like sports. Mike watches football.'),
(70, 122, 'Rudi like sports. Mike watches football.'),
(71, 59, 'I like sports. Mike watches football. '),
(72, 135, 'I watches football. Rudi loves flowers. '),
(73, 135, 'I watches football. Rudi loves flowers. '),
(74, 127, 'I loves flowers. Rudi watches football. '),
(75, 53, 'Mike like sports. Mike like sports. '),
(76, 6, 'I loves flowers. Rudi loves flowers. '),
(79, 81, 'I watches football. Rudi like swimming. '),
(80, 16, 'Mike loves flowers. '),
(81, 140, 'Mike loves flowers. '),
(83, 80, 'Rudi loves flowers. I loves flowers. '),
(84, 139, 'Mike like sports. Mike watches football.'),
(85, 137, 'Rudi watches football. I like sports. '),
(86, 28, 'I loves flowers. Rudi watches football. '),
(87, 61, 'Mike loves flowers. Rudi loves flowers. '),
(88, 8, 'Mike watches football. '),
(89, 8, 'Mike watches football. '),
(90, 25, 'Mike like sports. '),
(91, 141, 'Rudi watches football. Rudi like sports.'),
(92, 87, 'Mike watches football. '),
(93, 86, 'I watches football. Rudi loves flowers. '),
(94, 130, 'Mike loves flowers. Rudi like swimming. '),
(95, 47, 'Mike like sports. Rudi like swimming. '),
(96, 86, 'I watches football. Rudi loves flowers. '),
(97, 130, 'Mike loves flowers. Rudi like swimming. '),
(98, 47, 'Mike like sports. Rudi like swimming. '),
(99, 36, 'I like sports. '),
(100, 67, 'Rudi like sports. Rudi watches football.'),
(101, 17, 'Mike like sports. '),
(102, 59, 'I watches football. '),
(103, 19, 'Mike loves flowers. I like sports. '),
(104, 41, 'Mike watches football. '),
(105, 59, 'I watches football. '),
(106, 19, 'Mike loves flowers. I like sports. '),
(107, 41, 'Mike watches football. '),
(108, 67, 'Rudi loves flowers. Mike like sports. '),
(109, 50, 'Rudi like sports. Mike loves flowers. '),
(110, 24, 'Rudi loves flowers. I watches football. '),
(111, 33, 'Mike loves flowers. Rudi loves flowers. '),
(114, 116, 'I watches football. Mike loves flowers. '),
(115, 16, 'Mike like sports. Mike watches football.'),
(116, 80, 'Mike loves flowers. I watches football. '),
(118, 114, 'I loves flowers. Rudi loves flowers. '),
(119, 50, 'Rudi like sports. Rudi watches football.'),
(120, 34, 'Mike like swimming. Rudi like sports. '),
(122, 113, 'I watches football. '),
(123, 139, 'Mike watches football. I loves flowers. '),
(124, 132, 'Rudi like swimming. I like sports. '),
(125, 116, 'Mike watches football. '),
(126, 107, 'Mike loves flowers. I watches football. '),
(127, 120, 'I watches football. Mike loves flowers. '),
(128, 23, 'I loves flowers. I loves flowers. '),
(129, 107, 'Mike loves flowers. I watches football. '),
(130, 120, 'I watches football. Mike loves flowers. '),
(131, 23, 'I loves flowers. I loves flowers. '),
(132, 60, 'Rudi watches football. I like sports. '),
(133, 87, 'Mike watches football. I like swimming. '),
(134, 87, 'Mike watches football. I like swimming. '),
(135, 2, 'I loves flowers. Mike loves flowers. '),
(136, 90, 'Mike loves flowers. '),
(137, 86, 'I like sports. '),
(138, 52, 'I like sports. '),
(139, 28, 'Mike loves flowers. Mike loves flowers. '),
(140, 130, 'I loves flowers. Mike watches football. '),
(141, 52, 'I like sports. '),
(142, 28, 'Mike loves flowers. Mike loves flowers. '),
(143, 130, 'I loves flowers. Mike watches football. '),
(144, 103, 'Rudi watches football. Rudi like sports.'),
(145, 9, 'I watches football. '),
(146, 140, 'I watches football. I loves flowers. '),
(147, 20, 'I loves flowers. Mike loves flowers. '),
(148, 21, 'Mike loves flowers. Rudi loves flowers. '),
(149, 81, 'Rudi watches football. '),
(150, 135, 'Mike watches football. Rudi like sports.'),
(151, 21, 'Mike loves flowers. Rudi loves flowers. '),
(152, 81, 'Rudi watches football. '),
(153, 135, 'Mike watches football. Rudi like sports.'),
(154, 119, 'Mike like sports. Mike loves flowers. '),
(155, 69, 'Rudi loves flowers. I like sports. '),
(156, 69, 'Rudi loves flowers. I like sports. '),
(157, 90, 'Mike watches football. Rudi like sports.'),
(158, 84, 'Mike watches football. Rudi like sports.'),
(159, 101, 'Rudi watches football. '),
(160, 66, 'Rudi loves flowers. '),
(161, 36, 'Mike like swimming. '),
(162, 10, 'Rudi like sports. Mike watches football.'),
(163, 66, 'Rudi loves flowers. '),
(164, 36, 'Mike like swimming. '),
(165, 10, 'Rudi like sports. Mike watches football.'),
(166, 81, 'Rudi like sports. I loves flowers. '),
(167, 5, 'Mike like swimming. '),
(168, 5, 'Mike like swimming. '),
(169, 81, 'Mike loves flowers. '),
(170, 71, 'Rudi watches football. '),
(171, 71, 'Rudi watches football. '),
(172, 11, 'Mike loves flowers. Mike like sports. '),
(174, 94, 'Mike watches football. '),
(175, 82, 'Mike like swimming. Rudi loves flowers. '),
(177, 122, 'I watches football. Mike like sports. '),
(178, 51, 'Rudi loves flowers. I like swimming. '),
(179, 82, 'I watches football. Rudi loves flowers. '),
(181, 39, 'I loves flowers. Mike loves flowers. '),
(182, 126, 'Mike loves flowers. Mike loves flowers. '),
(183, 119, 'I loves flowers. Rudi loves flowers. '),
(184, 119, 'I loves flowers. Rudi loves flowers. '),
(185, 74, 'Mike watches football. '),
(186, 58, 'Mike watches football. Rudi like sports.'),
(187, 58, 'Mike watches football. Rudi like sports.'),
(188, 104, 'I like swimming. Rudi watches football. '),
(189, 115, 'Mike loves flowers. Mike loves flowers. '),
(190, 127, 'Rudi like sports. Rudi loves flowers. '),
(191, 121, 'I loves flowers. Mike watches football. '),
(192, 7, 'Mike like sports. I like sports. '),
(193, 121, 'I loves flowers. Mike watches football. '),
(194, 7, 'Mike like sports. I like sports. '),
(195, 47, 'I watches football. Mike loves flowers. '),
(196, 129, 'I loves flowers. Mike like sports. '),
(197, 12, 'Rudi watches football. I like swimming. '),
(198, 10, 'Mike loves flowers. I loves flowers. '),
(201, 35, 'Mike loves flowers. '),
(202, 59, 'I watches football. I loves flowers. '),
(203, 141, 'I watches football. Rudi loves flowers. '),
(205, 9, 'Mike watches football. Mike like sports.'),
(206, 86, 'I like swimming. Rudi watches football. '),
(207, 80, 'Rudi like sports. Rudi watches football.'),
(208, 76, 'Mike like sports. Rudi watches football.'),
(209, 78, 'Rudi loves flowers. Mike like swimming. '),
(210, 75, 'I like sports. Rudi loves flowers. '),
(211, 28, 'I like sports. Mike like swimming. '),
(212, 78, 'Rudi loves flowers. Mike like swimming. '),
(213, 75, 'I like sports. Rudi loves flowers. '),
(214, 28, 'I like sports. Mike like swimming. '),
(215, 130, 'Mike like sports. Rudi loves flowers. '),
(216, 101, 'I like swimming. ');

-- --------------------------------------------------------

--
-- Structure de la table `pizza`
--

CREATE TABLE `pizza` (
  `id` int(10) UNSIGNED NOT NULL,
  `categoria` varchar(10) DEFAULT NULL
) ENGINE=InnoDB DEFAULT CHARSET=utf8mb4 COLLATE=utf8mb4_general_ci;

--
-- Déchargement des données de la table `pizza`
--

INSERT INTO `pizza` (`id`, `categoria`) VALUES
(1, 'bdp'),
(2, 'hcp'),
(3, 'whb'),
(5, 'mjb'),
(6, 'eph'),
(7, 'bso'),
(8, 'lss'),
(9, 'tmv'),
(10, 'lml'),
(11, NULL),
(12, 'blr'),
(13, 'tjj'),
(14, 'dkh'),
(15, 'qfd'),
(16, 'ofx'),
(17, 'hcp'),
(18, 'urf'),
(19, 'inm'),
(20, 'uve'),
(21, 'xdj'),
(22, 'jkk'),
(23, 'wwu'),
(24, 'hdd'),
(25, 'utj'),
(26, 'sbn'),
(27, NULL),
(28, 'ceo'),
(29, 'glm'),
(30, 'btq'),
(31, 'axc'),
(32, 'vxf'),
(33, 'yxk'),
(34, 'mmd'),
(35, 'axk'),
(36, 'xav'),
(37, 'syf'),
(38, 'wuv'),
(39, 'uiq'),
(40, 'veg'),
(41, 'qwl'),
(44, 'gud'),
(45, 'nxq'),
(46, NULL),
(47, 'bpr'),
(48, 'jge'),
(49, 'tvn'),
(50, 'ion'),
(51, 'rer'),
(52, 'nie'),
(53, 'gkf'),
(54, 'bwb'),
(55, 'loh'),
(56, NULL),
(57, NULL),
(58, 'dcd'),
(59, 'jcc'),
(60, NULL),
(61, 'bet'),
(62, 'kbm'),
(63, 'jvu'),
(64, 'znx'),
(65, 'bjo'),
(66, 'ggs'),
(67, 'vrm'),
(68, NULL),
(69, 'rfa'),
(70, 'czp'),
(71, 'sdt'),
(72, 'lhk'),
(74, 'gwr'),
(75, 'vdp'),
(76, 'ant'),
(77, 'ngh'),
(78, 'sqa'),
(79, 'cxu'),
(80, 'fro'),
(81, 'ftx'),
(82, 'fqf'),
(83, 'ejw'),
(84, 'ynk'),
(85, 'tlj'),
(86, 'ici'),
(87, 'tqe'),
(89, 'kcr'),
(90, 'due'),
(92, 'clj'),
(93, 'kkb'),
(94, 'nqs'),
(95, 'oof'),
(99, 'wcc'),
(100, 'iqj'),
(101, 'zcl'),
(102, 'elv'),
(103, 'kwx'),
(104, 'kfi'),
(107, 'fbx'),
(108, 'eto'),
(109, 'und'),
(111, 'doa'),
(112, 'wos'),
(113, NULL),
(114, 'ujd'),
(115, 'mpv'),
(116, 'yim'),
(117, 'qdf'),
(118, 'tiw'),
(119, NULL),
(120, 'see'),
(121, 'ebj'),
(122, 'grj'),
(123, 'gls'),
(124, 'tfw'),
(125, 'qug'),
(126, 'zfj'),
(127, 'kme'),
(128, 'are'),
(129, 'snc'),
(130, 'ynd'),
(131, NULL),
(132, NULL),
(133, 'zpn'),
(134, 'zqx'),
(135, 'yyj'),
(136, 'xqi'),
(137, NULL),
(138, 'hpy'),
(139, 'hod'),
(140, NULL),
(141, 'xyx');

-- --------------------------------------------------------

--
-- Structure de la table `producte`
--

CREATE TABLE `producte` (
  `id` int(10) UNSIGNED NOT NULL,
  `nom` varchar(40) NOT NULL,
  `descripcio` varchar(250) NOT NULL,
  `imatge` varchar(120) NOT NULL,
  `preu` double NOT NULL,
  `tipo` enum('hamburguesa','pizza','beguda') NOT NULL
) ENGINE=InnoDB DEFAULT CHARSET=utf8mb4 COLLATE=utf8mb4_general_ci;

--
-- Déchargement des données de la table `producte`
--

INSERT INTO `producte` (`id`, `nom`, `descripcio`, `imatge`, `preu`, `tipo`) VALUES
(1, 'I watches football. I watches football. ', 'Anne is walking. Anne is walking. John bought new car. Tony has free time. Anne has free time. ', 'Tony is walking. Anne is walking. John bought new car. John is walking. ', 91871401.385551, 'pizza'),
(2, 'Rudi like swimming. I loves flowers. ', 'John bought new car. John bought new car. John bought new car. Tony has free time. Anne has free time. ', 'Tony is shopping. Tony is shopping. Anne bought new car. ', 91860711.89908658, 'beguda'),
(3, 'Mike watches football. Mike like sports.', 'John bought new car. Tony is walking. John is walking. John has free time. Tony has free time. ', 'Tony has free time. Anne has free time. John is walking. Anne has free time. John has free time. ', 67955716.37816596, 'beguda'),
(5, 'I like sports. Rudi loves flowers. ', 'John is walking. John has free time. ', 'Tony is shopping. Anne is shopping. Anne has free time. Tony has free time. John is walking. ', 69925169.34753202, 'hamburguesa'),
(6, 'I watches football. I loves flowers. ', 'Anne bought new car. Anne is shopping. John is shopping. John bought new car. John has free time. ', 'Anne is shopping. Tony bought new car. ', 15123210.213417403, 'pizza'),
(7, 'I loves flowers. Rudi watches football. ', 'Tony bought new car. Anne is walking. ', 'Tony is shopping. Anne bought new car. John has free time. Tony bought new car. Tony has free time. ', 338070.88945944083, 'beguda'),
(8, 'Mike watches football. I like swimming. ', 'Tony has free time. Anne is walking. ', 'John has free time. Tony has free time. ', 73642318.4878915, 'beguda'),
(9, 'I watches football. Rudi loves flowers. ', 'John is walking. Anne has free time. Tony has free time. ', 'Tony bought new car. Tony is shopping. Anne has free time. John bought new car. Anne has free time. ', 95622009.71497884, 'pizza'),
(10, 'Mike like sports. ', 'Anne bought new car. Anne bought new car. ', 'Anne has free time. Anne has free time. ', 82364909.54363953, 'pizza'),
(11, 'I watches football. Rudi loves flowers. ', 'Anne has free time. Anne bought new car. Anne is shopping. Anne has free time. Tony bought new car. ', 'Anne is shopping. Anne bought new car. ', 18868296.808848295, 'pizza'),
(12, 'Mike like sports. Mike watches football.', 'Anne bought new car. Tony is shopping. ', 'John is shopping. Anne has free time. Tony has free time. Tony has free time. John bought new car. ', 32609877.602076508, 'pizza'),
(13, 'Mike watches football. I loves flowers. ', 'Anne bought new car. Anne is walking. John bought new car. John is walking. John has free time. ', 'Anne bought new car. Anne has free time. John has free time. Tony has free time. John has free time. ', 75154841.22780623, 'pizza'),
(14, 'I watches football. Rudi like sports. ', 'Tony has free time. Tony has free time. ', 'Anne has free time. Anne is shopping. Tony is walking. John bought new car. John has free time. ', 28041953.520639118, 'beguda'),
(15, 'Mike like sports. Mike loves flowers. ', 'Anne bought new car. John has free time. Tony bought new car. Anne bought new car. Anne bought new car. ', 'Anne has free time. John is shopping. Anne has free time. ', 23011387.26913681, 'beguda'),
(16, 'Mike watches football. I like swimming. ', 'John has free time. Tony bought new car. Tony bought new car. Tony has free time. John is walking. ', 'John has free time. Tony has free time. John is shopping. Tony is walking. Anne has free time. ', 80762357.61667795, 'pizza'),
(17, 'I loves flowers. Mike like sports. ', 'Anne is walking. Anne bought new car. ', 'Tony bought new car. Anne is shopping. Tony bought new car. John has free time. Tony is walking. ', 75921257.46067487, 'pizza'),
(18, 'Rudi like sports. Rudi like swimming. ', 'John is shopping. Anne is shopping. John is walking. Tony bought new car. John has free time. ', 'Anne is walking. Tony is walking. Tony is shopping. Tony bought new car. ', 89308447.21729952, 'pizza'),
(19, 'Mike loves flowers. I watches football. ', 'John is shopping. Anne has free time. John bought new car. Tony has free time. Tony has free time. ', 'Anne bought new car. Tony is walking. ', 52404668.601780966, 'beguda'),
(20, 'I watches football. Rudi like sports. ', 'Tony has free time. Tony has free time. ', 'Anne has free time. Anne is shopping. Tony is walking. John bought new car. John has free time. ', 28041953.520639118, 'beguda'),
(21, 'Mike like sports. Mike loves flowers. ', 'Anne bought new car. John has free time. Tony bought new car. Anne bought new car. Anne bought new car. ', 'Anne has free time. John is shopping. Anne has free time. ', 23011387.26913681, 'beguda'),
(22, 'Mike watches football. I like swimming. ', 'John has free time. Tony bought new car. Tony bought new car. Tony has free time. John is walking. ', 'John has free time. Tony has free time. John is shopping. Tony is walking. Anne has free time. ', 80762357.61667795, 'pizza'),
(23, 'I loves flowers. Mike like sports. ', 'Anne is walking. Anne bought new car. ', 'Tony bought new car. Anne is shopping. Tony bought new car. John has free time. Tony is walking. ', 75921257.46067487, 'pizza'),
(24, 'Rudi like sports. Rudi like swimming. ', 'John is shopping. Anne is shopping. John is walking. Tony bought new car. John has free time. ', 'Anne is walking. Tony is walking. Tony is shopping. Tony bought new car. ', 89308447.21729952, 'pizza'),
(25, 'Mike loves flowers. I watches football. ', 'John is shopping. Anne has free time. John bought new car. Tony has free time. Tony has free time. ', 'Anne bought new car. Tony is walking. ', 52404668.601780966, 'beguda'),
(26, 'I watches football. I watches football. ', 'John bought new car. Anne has free time. ', 'John is shopping. Tony bought new car. Tony has free time. John has free time. Tony has free time. ', 34681494.7191277, 'pizza'),
(27, 'Mike loves flowers. Rudi loves flowers. ', 'Anne has free time. John is walking. Tony has free time. Tony bought new car. ', 'Anne bought new car. Anne is shopping. Anne is shopping. John has free time. John has free time. ', 55773225.188546486, 'pizza'),
(28, 'I like sports. ', 'Tony bought new car. Anne has free time. ', 'Tony has free time. John is shopping. Tony bought new car. Tony has free time. Anne is walking. ', 57175706.31498931, 'beguda'),
(29, 'I watches football. ', 'John bought new car. Tony has free time. Tony has free time. ', 'Anne bought new car. Anne is shopping. Tony is shopping. Tony bought new car. Anne is shopping. ', 89764460.23774922, 'pizza'),
(30, 'I loves flowers. Rudi watches football. ', 'Tony has free time. Tony has free time. Tony bought new car. Anne has free time. Anne has free time. ', 'Anne bought new car. John is walking. John bought new car. Tony is walking. ', 21451212.268385734, 'pizza'),
(31, 'Rudi watches football. ', 'John bought new car. John is shopping. John bought new car. ', 'Anne has free time. Anne bought new car. Anne has free time. John is walking. John has free time. ', 32334590.14791076, 'beguda'),
(32, 'I like sports. Rudi like sports. ', 'John bought new car. Anne bought new car. John bought new car. ', 'Tony bought new car. Anne bought new car. ', 68084110.99362795, 'pizza'),
(33, 'I loves flowers. Rudi watches football. ', 'Tony has free time. Tony has free time. Tony bought new car. Anne has free time. Anne has free time. ', 'Anne bought new car. John is walking. John bought new car. Tony is walking. ', 21451212.268385734, 'pizza'),
(34, 'Rudi watches football. ', 'John bought new car. John is shopping. John bought new car. ', 'Anne has free time. Anne bought new car. Anne has free time. John is walking. John has free time. ', 32334590.14791076, 'beguda'),
(35, 'I like sports. Rudi like sports. ', 'John bought new car. Anne bought new car. John bought new car. ', 'Tony bought new car. Anne bought new car. ', 68084110.99362795, 'pizza'),
(36, 'I watches football. ', 'Tony has free time. Tony has free time. John is walking. Tony has free time. Tony has free time. ', 'Tony bought new car. Anne bought new car. ', 93644556.96536724, 'beguda'),
(37, 'Mike watches football. ', 'John bought new car. John bought new car. John is walking. John is shopping. ', 'Anne has free time. Anne bought new car. John has free time. John has free time. Tony has free time. ', 56177464.96684649, 'pizza'),
(38, 'Mike watches football. ', 'John bought new car. John bought new car. John is walking. John is shopping. ', 'Anne has free time. Anne bought new car. John has free time. John has free time. Tony has free time. ', 56177464.96684649, 'pizza'),
(39, 'I loves flowers. Mike like swimming. ', 'John has free time. John bought new car. John is walking. Anne has free time. Tony has free time. ', 'Anne bought new car. Anne has free time. ', 81338652.3216696, 'hamburguesa'),
(40, 'Mike like sports. ', 'Tony has free time. John bought new car. Tony bought new car. ', 'Tony bought new car. Anne is shopping. John bought new car. Tony bought new car. ', 33538550.856089633, 'pizza'),
(41, 'I watches football. ', 'Tony has free time. Anne is shopping. John is walking. Tony has free time. Tony has free time. ', 'Tony bought new car. John has free time. Tony bought new car. John has free time. Anne bought new car. ', 72189167.75907429, 'beguda'),
(44, 'Mike watches football. ', 'Anne has free time. Tony is shopping. John bought new car. Tony bought new car. John has free time. ', 'Anne bought new car. Tony bought new car. Tony bought new car. Tony has free time. Tony is walking. ', 5723294.119311617, 'pizza'),
(45, 'Mike like sports. Mike loves flowers. ', 'Anne bought new car. Anne bought new car. John bought new car. Tony has free time. Tony is shopping. ', 'John bought new car. Anne is shopping. Tony bought new car. Tony is shopping. John bought new car. ', 45033567.73138356, 'pizza'),
(46, 'Mike loves flowers. Mike like sports. ', 'John has free time. Anne is walking. Anne bought new car. ', 'Tony has free time. Anne is walking. John bought new car. John is walking. ', 53302779.18238518, 'hamburguesa'),
(47, 'Rudi watches football. ', 'Anne bought new car. Tony has free time. ', 'Tony bought new car. Tony is walking. Tony has free time. Tony bought new car. Tony has free time. ', 62335230.4165141, 'beguda'),
(48, 'Rudi watches football. ', 'Anne bought new car. Tony has free time. ', 'Tony bought new car. Tony is walking. Tony has free time. Tony bought new car. Tony has free time. ', 62335230.4165141, 'beguda'),
(49, 'Rudi loves flowers. Mike like swimming. ', 'John bought new car. Anne bought new car. Tony bought new car. ', 'Tony is shopping. Anne is walking. John bought new car. Anne has free time. John has free time. ', 86489183.16827081, 'hamburguesa'),
(50, 'Rudi loves flowers. ', 'Tony has free time. Anne is walking. Tony has free time. Tony has free time. ', 'Anne bought new car. Anne bought new car. Anne is walking. John has free time. John has free time. ', 50412168.097636476, 'beguda'),
(51, 'Rudi loves flowers. ', 'Tony has free time. Anne is walking. Tony has free time. Tony has free time. ', 'Anne bought new car. Anne bought new car. Anne is walking. John has free time. John has free time. ', 50412168.097636476, 'beguda'),
(52, 'I loves flowers. Rudi watches football. ', 'John is walking. Anne is walking. Tony has free time. Anne has free time. Tony bought new car. ', 'Tony bought new car. Tony is walking. Tony bought new car. John has free time. Tony bought new car. ', 73014078.06615564, 'beguda'),
(53, 'Mike loves flowers. I loves flowers. ', 'John has free time. John is walking. John bought new car. Anne has free time. Tony has free time. ', 'Anne has free time. Tony is walking. Anne has free time. Tony is walking. Anne has free time. ', 83393163.82886249, 'pizza'),
(54, 'Rudi like sports. Mike like swimming. ', 'Anne is shopping. Anne has free time. Tony bought new car. Tony has free time. John has free time. ', 'Tony bought new car. Tony has free time. Tony has free time. John is shopping. Tony has free time. ', 43455093.31474967, 'hamburguesa'),
(55, 'I watches football. I watches football. ', 'Tony bought new car. Anne is walking. Anne bought new car. Tony has free time. John is walking. ', 'Anne bought new car. John is walking. ', 16349214.795124145, 'pizza'),
(56, 'Rudi loves flowers. Rudi like sports. ', 'John bought new car. Anne is walking. John bought new car. John is shopping. ', 'John bought new car. Anne is shopping. Anne is shopping. John has free time. Anne has free time. ', 65792027.7338655, 'beguda'),
(57, 'I like swimming. I like swimming. ', 'Anne is walking. Anne is shopping. Anne bought new car. John is shopping. Anne bought new car. ', 'John bought new car. Anne is shopping. ', 38132644.633535564, 'hamburguesa'),
(58, 'Rudi like swimming. Rudi like sports. ', 'Anne bought new car. Tony bought new car. John is walking. John bought new car. John is shopping. ', 'Anne is walking. Anne is walking. Anne is walking. John has free time. Tony has free time. ', 45493024.640449956, 'pizza'),
(59, 'Mike like swimming. Mike like swimming. ', 'Tony is walking. Anne is shopping. John bought new car. John has free time. Tony has free time. ', 'Anne is walking. Anne is shopping. John bought new car. John is shopping. Tony has free time. ', 82892996.03621867, 'hamburguesa'),
(60, 'Mike loves flowers. Rudi loves flowers. ', 'Anne is walking. Anne is shopping. ', 'Anne bought new car. Tony has free time. Tony bought new car. Anne bought new car. John bought new car. ', 51369062.77280433, 'beguda'),
(61, 'Mike loves flowers. I watches football. ', 'John is shopping. John is walking. ', 'Tony has free time. Anne is walking. Anne bought new car. John has free time. Tony has free time. ', 30433129.789687674, 'beguda'),
(62, 'Rudi watches football. I loves flowers. ', 'Anne has free time. Anne is walking. Tony has free time. John has free time. John has free time. ', 'John bought new car. Tony is shopping. John has free time. Tony bought new car. John bought new car. ', 63732765.30230791, 'pizza'),
(63, 'Mike watches football. ', 'Anne is walking. Anne is walking. Tony bought new car. ', 'John bought new car. Anne bought new car. Tony bought new car. Tony is shopping. Tony has free time. ', 71636902.24381244, 'pizza'),
(64, 'Mike like swimming. Mike like swimming. ', 'Tony is walking. Anne is shopping. John bought new car. John has free time. Tony has free time. ', 'Anne is walking. Anne is shopping. John bought new car. John is shopping. Tony has free time. ', 82892996.03621867, 'hamburguesa'),
(65, 'Mike loves flowers. Rudi loves flowers. ', 'Anne is walking. Anne is shopping. ', 'Anne bought new car. Tony has free time. Tony bought new car. Anne bought new car. John bought new car. ', 51369062.77280433, 'beguda'),
(66, 'Mike loves flowers. I watches football. ', 'John is shopping. John is walking. ', 'Tony has free time. Anne is walking. Anne bought new car. John has free time. Tony has free time. ', 30433129.789687674, 'beguda'),
(67, 'Rudi watches football. I loves flowers. ', 'Anne has free time. Anne is walking. Tony has free time. John has free time. John has free time. ', 'John bought new car. Tony is shopping. John has free time. Tony bought new car. John bought new car. ', 63732765.30230791, 'pizza'),
(68, 'Mike watches football. ', 'Anne is walking. Anne is walking. Tony bought new car. ', 'John bought new car. Anne bought new car. Tony bought new car. Tony is shopping. Tony has free time. ', 71636902.24381244, 'pizza'),
(69, 'Mike watches football. ', 'Anne bought new car. Anne bought new car. John is walking. Tony bought new car. Anne is shopping. ', 'Tony bought new car. Anne is shopping. Tony has free time. John has free time. Anne has free time. ', 37543434.45723606, 'pizza'),
(70, 'Rudi like swimming. ', 'Anne is shopping. Anne is walking. Anne is walking. Anne has free time. Anne has free time. ', 'John has free time. John is shopping. Tony bought new car. John is shopping. John has free time. ', 67674463.10366759, 'beguda'),
(71, 'Rudi like swimming. I loves flowers. ', 'Tony bought new car. John is walking. ', 'Tony bought new car. John is walking. Tony bought new car. ', 80476689.02423775, 'beguda'),
(72, 'I like sports. Rudi watches football. ', 'Anne bought new car. Tony is walking. Tony bought new car. Tony is shopping. John is walking. ', 'Anne bought new car. Anne is walking. Anne bought new car. Tony bought new car. Tony has free time. ', 2434291.4814365124, 'hamburguesa'),
(74, 'Mike like swimming. Rudi loves flowers. ', 'Tony bought new car. Anne has free time. Tony is walking. John has free time. ', 'John bought new car. Anne is shopping. John is shopping. Tony has free time. John has free time. ', 4293354.15834895, 'beguda'),
(75, 'I like sports. Rudi watches football. ', 'Anne has free time. Tony has free time. John bought new car. ', 'Anne has free time. Tony is walking. Anne is walking. ', 78341377.18471341, 'pizza'),
(76, 'Rudi like swimming. Rudi like sports. ', 'Tony bought new car. Tony has free time. Tony is shopping. John bought new car. Anne has free time. ', 'John bought new car. Tony bought new car. John is shopping. Tony bought new car. John bought new car. ', 10756709.26292025, 'hamburguesa'),
(77, 'Rudi watches football. I like swimming. ', 'Anne has free time. John has free time. ', 'John has free time. Anne is walking. Anne bought new car. Anne has free time. ', 97991802.26267497, 'pizza'),
(78, 'I like swimming. Mike watches football. ', 'Anne bought new car. John bought new car. Anne bought new car. Tony has free time. Tony is shopping. ', 'Anne is walking. Tony has free time. ', 67565821.2241573, 'hamburguesa'),
(79, 'Rudi like sports. Rudi like swimming. ', 'Anne bought new car. Tony is shopping. John has free time. John has free time. John is walking. ', 'Anne is shopping. John is walking. ', 49090279.09206425, 'pizza'),
(80, 'Rudi loves flowers. I watches football. ', 'Tony has free time. Tony is shopping. Anne bought new car. John is walking. Tony bought new car. ', 'Tony is walking. Anne bought new car. Tony has free time. Tony is walking. Tony has free time. ', 63327304.91683498, 'hamburguesa'),
(81, 'I like swimming. Mike watches football. ', 'Anne bought new car. John bought new car. Anne bought new car. Tony has free time. Tony is shopping. ', 'Anne is walking. Tony has free time. ', 67565821.2241573, 'hamburguesa'),
(82, 'Rudi like sports. Rudi like swimming. ', 'Anne bought new car. Tony is shopping. John has free time. John has free time. John is walking. ', 'Anne is shopping. John is walking. ', 49090279.09206425, 'pizza'),
(83, 'Rudi loves flowers. I watches football. ', 'Tony has free time. Tony is shopping. Anne bought new car. John is walking. Tony bought new car. ', 'Tony is walking. Anne bought new car. Tony has free time. Tony is walking. Tony has free time. ', 63327304.91683498, 'hamburguesa'),
(84, 'Mike loves flowers. Rudi like swimming. ', 'Anne has free time. Anne is walking. John bought new car. Tony bought new car. ', 'John has free time. Anne is walking. Anne has free time. ', 48703717.75920436, 'pizza'),
(85, 'Rudi like sports. Rudi like sports. ', 'Anne bought new car. Anne is walking. Tony bought new car. Anne is walking. John has free time. ', 'Tony is shopping. Anne is walking. Anne bought new car. John bought new car. Anne has free time. ', 93737786.02192594, 'beguda'),
(86, 'Rudi like sports. Rudi like sports. ', 'Anne bought new car. Anne is walking. Tony bought new car. Anne is walking. John has free time. ', 'Tony is shopping. Anne is walking. Anne bought new car. John bought new car. Anne has free time. ', 93737786.02192594, 'beguda'),
(87, 'Rudi like swimming. Mike like sports. ', 'Anne bought new car. Anne is shopping. Tony bought new car. ', 'Anne bought new car. John is shopping. Anne is shopping. Tony bought new car. Tony bought new car. ', 66305485.07067242, 'beguda'),
(89, 'Rudi watches football. ', 'Anne has free time. Anne is shopping. ', 'Anne has free time. Anne is shopping. Anne is walking. Anne is walking. Anne bought new car. ', 9780486.5602941, 'pizza'),
(90, 'Rudi loves flowers. Mike like sports. ', 'Anne is walking. Tony bought new car. John is walking. John has free time. Tony is shopping. ', 'Anne is shopping. John bought new car. Tony has free time. Tony has free time. John has free time. ', 33511168.407418113, 'pizza'),
(92, 'Mike loves flowers. I watches football. ', 'Anne has free time. Anne has free time. Tony is walking. Anne bought new car. ', 'Anne has free time. Anne is shopping. John has free time. ', 87534513.2950584, 'beguda'),
(93, 'Mike watches football. Mike like sports.', 'Tony has free time. Anne has free time. Anne bought new car. John bought new car. John bought new car. ', 'Tony has free time. Anne is shopping. John has free time. John has free time. Tony has free time. ', 77199930.7897979, 'hamburguesa'),
(94, 'Rudi like swimming. Mike loves flowers. ', 'John bought new car. John has free time. Tony bought new car. Anne bought new car. Tony has free time. ', 'John has free time. John has free time. John bought new car. John bought new car. John is walking. ', 73412523.45133734, 'hamburguesa'),
(95, 'Mike loves flowers. I loves flowers. ', 'Anne bought new car. Anne is shopping. ', 'Tony is walking. John is shopping. John has free time. Tony has free time. Anne bought new car. ', 62065943.232095085, 'beguda'),
(99, 'Mike watches football. Mike like sports.', 'Anne bought new car. Anne is shopping. Anne bought new car. John is walking. Tony has free time. ', 'Tony has free time. Anne is walking. ', 30402564.960752666, 'pizza'),
(100, 'Mike watches football. ', 'Tony bought new car. Anne bought new car. John bought new car. John bought new car. ', 'John bought new car. Anne bought new car. John bought new car. Anne has free time. Tony bought new car. ', 43025983.33274414, 'pizza'),
(101, 'I like swimming. Rudi loves flowers. ', 'Tony has free time. Tony bought new car. John bought new car. Anne bought new car. Anne has free time. ', 'Anne has free time. Tony bought new car. ', 38032863.11534162, 'beguda'),
(102, 'I watches football. ', 'Anne bought new car. John has free time. ', 'John bought new car. Anne has free time. John bought new car. John is shopping. Tony has free time. ', 29141316.8353737, 'beguda'),
(103, 'Mike watches football. ', 'Anne is shopping. John has free time. Tony bought new car. Tony has free time. Tony is walking. ', 'Anne bought new car. Anne has free time. Tony is walking. Tony is shopping. John bought new car. ', 93231510.89538476, 'pizza'),
(104, 'Mike like sports. Rudi watches football.', 'Tony bought new car. John has free time. John bought new car. ', 'Anne is shopping. Tony bought new car. Tony has free time. Anne is shopping. Tony has free time. ', 68390586.76100798, 'pizza'),
(107, 'Mike watches football. Rudi like sports.', 'John has free time. Tony bought new car. Anne has free time. Anne has free time. Tony has free time. ', 'John is walking. Tony has free time. John bought new car. Anne is shopping. ', 52580137.97054332, 'pizza'),
(108, 'I loves flowers. ', 'Anne bought new car. Anne is shopping. John bought new car. John bought new car. Tony is walking. ', 'Tony bought new car. Anne bought new car. John has free time. John has free time. John has free time. ', 76882771.96409553, 'pizza'),
(109, 'Mike loves flowers. I like swimming. ', 'Anne bought new car. Tony is shopping. John has free time. Anne bought new car. Anne has free time. ', 'Tony bought new car. Anne bought new car. John is walking. Tony has free time. Tony is walking. ', 75229019.22266868, 'beguda'),
(111, 'I watches football. Mike like sports. ', 'Anne has free time. Tony is walking. Tony has free time. Tony is walking. Anne has free time. ', 'Anne has free time. Tony is shopping. Anne is walking. Tony is walking. Tony has free time. ', 93809592.26605338, 'hamburguesa'),
(112, 'Rudi like swimming. I watches football. ', 'Anne bought new car. John is shopping. ', 'John bought new car. Anne has free time. Tony bought new car. John has free time. ', 2446455.044919016, 'pizza'),
(113, 'Mike watches football. I loves flowers. ', 'Tony bought new car. Anne is walking. ', 'Anne is walking. Tony is shopping. John bought new car. Tony has free time. John has free time. ', 99612446.9270159, 'pizza'),
(114, 'Mike watches football. I like swimming. ', 'Anne has free time. Tony has free time. John is shopping. Anne bought new car. John has free time. ', 'John is walking. John is walking. John is shopping. Anne has free time. Tony has free time. ', 69552462.31744234, 'hamburguesa'),
(115, 'I watches football. Mike like swimming. ', 'Anne has free time. John has free time. ', 'Anne has free time. Tony has free time. Tony bought new car. Tony has free time. Anne bought new car. ', 77548218.26542266, 'pizza'),
(116, 'Mike loves flowers. Rudi like swimming. ', 'John bought new car. John has free time. ', 'John bought new car. Tony has free time. Tony bought new car. John has free time. John has free time. ', 60540913.34622541, 'pizza'),
(117, 'I watches football. Mike like swimming. ', 'Anne has free time. John has free time. ', 'Anne has free time. Tony has free time. Tony bought new car. Tony has free time. Anne bought new car. ', 77548218.26542266, 'pizza'),
(118, 'Mike loves flowers. Rudi like swimming. ', 'John bought new car. John has free time. ', 'John bought new car. Tony has free time. Tony bought new car. John has free time. John has free time. ', 60540913.34622541, 'pizza'),
(119, 'Rudi like swimming. I loves flowers. ', 'Anne is shopping. Anne bought new car. ', 'Tony bought new car. Anne bought new car. John is walking. Anne bought new car. ', 15304223.096515179, 'pizza'),
(120, 'I like sports. Mike loves flowers. ', 'John bought new car. John bought new car. ', 'John has free time. John is walking. Tony bought new car. Tony bought new car. Tony bought new car. ', 74592615.33960551, 'beguda'),
(121, 'I like swimming. Mike loves flowers. ', 'Anne bought new car. Tony has free time. Tony is shopping. John has free time. John has free time. ', 'Anne has free time. Anne bought new car. Anne is shopping. ', 28383115.053069476, 'hamburguesa'),
(122, 'Mike loves flowers. I like swimming. ', 'Anne bought new car. Tony has free time. Tony has free time. John has free time. John is walking. ', 'John is walking. Anne is shopping. Tony bought new car. Anne has free time. Tony has free time. ', 53847250.287557304, 'pizza'),
(123, 'Mike loves flowers. I like swimming. ', 'Anne bought new car. Tony has free time. Tony has free time. John has free time. John is walking. ', 'John is walking. Anne is shopping. Tony bought new car. Anne has free time. Tony has free time. ', 53847250.287557304, 'pizza'),
(124, 'Rudi like sports. Mike loves flowers. ', 'John bought new car. John bought new car. John bought new car. Anne bought new car. ', 'Anne bought new car. Anne bought new car. Anne has free time. Tony bought new car. ', 60429612.48039943, 'beguda'),
(125, 'Rudi loves flowers. Mike loves flowers. ', 'Anne bought new car. John bought new car. Tony bought new car. John bought new car. Tony bought new car. ', 'Anne has free time. Tony bought new car. ', 13831169.808058064, 'pizza'),
(126, 'Mike like swimming. ', 'Tony bought new car. John is shopping. John is shopping. Tony has free time. Tony bought new car. ', 'Anne is walking. Anne is walking. John bought new car. John bought new car. Tony bought new car. ', 33698863.55872178, 'pizza'),
(127, 'I loves flowers. ', 'Tony has free time. Anne is shopping. Anne bought new car. Tony is shopping. Tony has free time. ', 'Tony bought new car. John bought new car. John bought new car. Tony is shopping. John has free time. ', 72242289.22546105, 'pizza'),
(128, 'Mike like swimming. I like sports. ', 'Anne has free time. Tony has free time. Tony is shopping. Tony has free time. Tony bought new car. ', 'Tony bought new car. Tony bought new car. John bought new car. John has free time. Anne bought new car. ', 17434907.984028492, 'hamburguesa'),
(129, 'I watches football. ', 'John bought new car. John is walking. John is walking. John is shopping. Anne has free time. ', 'Tony bought new car. John bought new car. Tony bought new car. John is walking. Tony bought new car. ', 78308412.63211116, 'hamburguesa'),
(130, 'I watches football. Rudi loves flowers. ', 'Anne is shopping. John is walking. Tony bought new car. ', 'Tony is shopping. Anne is walking. Anne has free time. John has free time. Tony has free time. ', 77097574.63408075, 'beguda'),
(131, 'Mike watches football. ', 'Tony is shopping. Anne has free time. Tony bought new car. John is walking. ', 'Anne bought new car. Tony is walking. John bought new car. ', 3911536.068306909, 'pizza'),
(132, 'I like sports. I like swimming. ', 'Tony bought new car. Anne bought new car. Tony is walking. John has free time. Tony has free time. ', 'Tony bought new car. John bought new car. Tony bought new car. Tony bought new car. John has free time. ', 4659242.853034984, 'hamburguesa'),
(133, 'Rudi watches football. ', 'Tony has free time. Anne is walking. Anne bought new car. Tony bought new car. Tony bought new car. ', 'Tony is walking. Anne is walking. ', 8818105.646930786, 'pizza'),
(134, 'Mike loves flowers. I loves flowers. ', 'Anne has free time. John is shopping. Tony is walking. Tony has free time. John is shopping. ', 'John is shopping. Anne bought new car. Tony bought new car. Tony is walking. John has free time. ', 74510753.63833277, 'hamburguesa'),
(135, 'Rudi watches football. I like swimming. ', 'Anne bought new car. John is shopping. Anne is walking. Anne bought new car. John bought new car. ', 'John has free time. Anne has free time. John is walking. John is walking. ', 69977795.25874443, 'hamburguesa'),
(136, 'Mike watches football. ', 'Tony is shopping. Anne has free time. Tony bought new car. John is walking. ', 'Anne bought new car. Tony is walking. John bought new car. ', 3911536.068306909, 'pizza'),
(137, 'I like sports. I like swimming. ', 'Tony bought new car. Anne bought new car. Tony is walking. John has free time. Tony has free time. ', 'Tony bought new car. John bought new car. Tony bought new car. Tony bought new car. John has free time. ', 4659242.853034984, 'hamburguesa'),
(138, 'Rudi watches football. ', 'Tony has free time. Anne is walking. Anne bought new car. Tony bought new car. Tony bought new car. ', 'Tony is walking. Anne is walking. ', 8818105.646930786, 'pizza'),
(139, 'Mike loves flowers. I loves flowers. ', 'Anne has free time. John is shopping. Tony is walking. Tony has free time. John is shopping. ', 'John is shopping. Anne bought new car. Tony bought new car. Tony is walking. John has free time. ', 74510753.63833277, 'hamburguesa'),
(140, 'Rudi watches football. I like swimming. ', 'Anne bought new car. John is shopping. Anne is walking. Anne bought new car. John bought new car. ', 'John has free time. Anne has free time. John is walking. John is walking. ', 69977795.25874443, 'hamburguesa'),
(141, 'Mike loves flowers. Rudi loves flowers. ', 'Tony bought new car. Anne is walking. John bought new car. ', 'Tony bought new car. Tony has free time. Anne bought new car. ', 87891391.08634661, 'pizza');

-- --------------------------------------------------------

--
-- Structure de la table `provincia`
--

CREATE TABLE `provincia` (
  `id` int(10) UNSIGNED NOT NULL,
  `nom` varchar(40) NOT NULL
) ENGINE=InnoDB DEFAULT CHARSET=utf8mb4 COLLATE=utf8mb4_general_ci;

--
-- Déchargement des données de la table `provincia`
--

INSERT INTO `provincia` (`id`, `nom`) VALUES
(1, 'I watches football. I watches football. '),
(2, 'Rudi like swimming. I loves flowers. '),
(3, 'Mike watches football. Mike like sports.'),
(5, 'I like sports. Rudi loves flowers. '),
(6, 'I watches football. I loves flowers. '),
(7, 'I loves flowers. Rudi watches football. '),
(8, 'Mike watches football. I like swimming. '),
(9, 'I watches football. Rudi loves flowers. '),
(10, 'Mike like sports. '),
(11, 'I watches football. Rudi loves flowers. '),
(12, 'Mike like sports. Mike watches football.'),
(13, 'Mike watches football. I loves flowers. '),
(14, 'I watches football. Rudi like sports. '),
(15, 'Mike like sports. Mike loves flowers. '),
(16, 'Mike watches football. I like swimming. '),
(17, 'I loves flowers. Mike like sports. '),
(18, 'Rudi like sports. Rudi like swimming. '),
(19, 'Mike loves flowers. I watches football. '),
(20, 'I watches football. Rudi like sports. '),
(21, 'Mike like sports. Mike loves flowers. '),
(22, 'Mike watches football. I like swimming. '),
(23, 'I loves flowers. Mike like sports. '),
(24, 'Rudi like sports. Rudi like swimming. '),
(25, 'Mike loves flowers. I watches football. '),
(26, 'I watches football. I watches football. '),
(27, 'Mike loves flowers. Rudi loves flowers. '),
(28, 'I like sports. '),
(29, 'I watches football. '),
(30, 'I loves flowers. Rudi watches football. '),
(31, 'Rudi watches football. '),
(32, 'I like sports. Rudi like sports. '),
(33, 'I loves flowers. Rudi watches football. '),
(34, 'Rudi watches football. '),
(35, 'I like sports. Rudi like sports. '),
(36, 'I watches football. '),
(37, 'Mike watches football. '),
(38, 'Mike watches football. '),
(39, 'I loves flowers. Mike like swimming. '),
(40, 'Mike like sports. '),
(41, 'I watches football. '),
(44, 'Mike watches football. '),
(45, 'Mike like sports. Mike loves flowers. '),
(46, 'Mike loves flowers. Mike like sports. '),
(47, 'Rudi watches football. '),
(48, 'Rudi watches football. '),
(49, 'Rudi loves flowers. Mike like swimming. '),
(50, 'Rudi loves flowers. '),
(51, 'Rudi loves flowers. '),
(52, 'I loves flowers. Rudi watches football. '),
(53, 'Mike loves flowers. I loves flowers. '),
(54, 'Rudi like sports. Mike like swimming. '),
(55, 'I watches football. I watches football. '),
(56, 'Rudi loves flowers. Rudi like sports. '),
(57, 'I like swimming. I like swimming. '),
(58, 'Rudi like swimming. Rudi like sports. '),
(59, 'Mike like swimming. Mike like swimming. '),
(60, 'Mike loves flowers. Rudi loves flowers. '),
(61, 'Mike loves flowers. I watches football. '),
(62, 'Rudi watches football. I loves flowers. '),
(63, 'Mike watches football. '),
(64, 'Mike like swimming. Mike like swimming. '),
(65, 'Mike loves flowers. Rudi loves flowers. '),
(66, 'Mike loves flowers. I watches football. '),
(67, 'Rudi watches football. I loves flowers. '),
(68, 'Mike watches football. '),
(69, 'Mike watches football. '),
(70, 'Rudi like swimming. '),
(71, 'Rudi like swimming. I loves flowers. '),
(72, 'I like sports. Rudi watches football. '),
(74, 'Mike like swimming. Rudi loves flowers. '),
(75, 'I like sports. Rudi watches football. '),
(76, 'Rudi like swimming. Rudi like sports. '),
(77, 'Rudi watches football. I like swimming. '),
(78, 'I like swimming. Mike watches football. '),
(79, 'Rudi like sports. Rudi like swimming. '),
(80, 'Rudi loves flowers. I watches football. '),
(81, 'I like swimming. Mike watches football. '),
(82, 'Rudi like sports. Rudi like swimming. '),
(83, 'Rudi loves flowers. I watches football. '),
(84, 'Mike loves flowers. Rudi like swimming. '),
(85, 'Rudi like sports. Rudi like sports. '),
(86, 'Rudi like sports. Rudi like sports. '),
(87, 'Rudi like swimming. Mike like sports. '),
(89, 'Rudi watches football. '),
(90, 'Rudi loves flowers. Mike like sports. '),
(92, 'Mike loves flowers. I watches football. '),
(93, 'Mike watches football. Mike like sports.'),
(94, 'Rudi like swimming. Mike loves flowers. '),
(95, 'Mike loves flowers. I loves flowers. '),
(99, 'Mike watches football. Mike like sports.'),
(100, 'Mike watches football. '),
(101, 'I like swimming. Rudi loves flowers. '),
(102, 'I watches football. '),
(103, 'Mike watches football. '),
(104, 'Mike like sports. Rudi watches football.'),
(107, 'Mike watches football. Rudi like sports.'),
(108, 'I loves flowers. '),
(109, 'Mike loves flowers. I like swimming. '),
(111, 'I watches football. Mike like sports. '),
(112, 'Rudi like swimming. I watches football. '),
(113, 'Mike watches football. I loves flowers. '),
(114, 'Mike watches football. I like swimming. '),
(115, 'I watches football. Mike like swimming. '),
(116, 'Mike loves flowers. Rudi like swimming. '),
(117, 'I watches football. Mike like swimming. '),
(118, 'Mike loves flowers. Rudi like swimming. '),
(119, 'Rudi like swimming. I loves flowers. '),
(120, 'I like sports. Mike loves flowers. '),
(121, 'I like swimming. Mike loves flowers. '),
(122, 'Mike loves flowers. I like swimming. '),
(123, 'Mike loves flowers. I like swimming. '),
(124, 'Rudi like sports. Mike loves flowers. '),
(125, 'Rudi loves flowers. Mike loves flowers. '),
(126, 'Mike like swimming. '),
(127, 'I loves flowers. '),
(128, 'Mike like swimming. I like sports. '),
(129, 'I watches football. '),
(130, 'I watches football. Rudi loves flowers. '),
(131, 'Mike watches football. '),
(132, 'I like sports. I like swimming. '),
(133, 'Rudi watches football. '),
(134, 'Mike loves flowers. I loves flowers. '),
(135, 'Rudi watches football. I like swimming. '),
(136, 'Mike watches football. '),
(137, 'I like sports. I like swimming. '),
(138, 'Rudi watches football. '),
(139, 'Mike loves flowers. I loves flowers. '),
(140, 'Rudi watches football. I like swimming. '),
(141, 'Mike loves flowers. Rudi loves flowers. ');

-- --------------------------------------------------------

--
-- Structure de la table `repartidor`
--

CREATE TABLE `repartidor` (
  `id` int(10) UNSIGNED NOT NULL,
  `funcio` varchar(10) DEFAULT NULL
) ENGINE=InnoDB DEFAULT CHARSET=utf8mb4 COLLATE=utf8mb4_general_ci;

--
-- Déchargement des données de la table `repartidor`
--

INSERT INTO `repartidor` (`id`, `funcio`) VALUES
(1, 'kfi'),
(2, 'see'),
(3, 'yxk'),
(5, 'tqe'),
(6, 'qwl'),
(7, 'ant'),
(8, 'ejw'),
(9, 'tqe'),
(10, 'qwl'),
(11, 'ant'),
(12, 'hcp'),
(13, 'fqf'),
(14, NULL),
(15, NULL),
(16, 'mmd'),
(17, 'gkf'),
(18, 'ynk'),
(19, NULL),
(20, 'dgz'),
(21, 'zfj'),
(22, 'whb'),
(23, 'zqx'),
(24, 'hdd'),
(25, 'syf'),
(26, 'gud'),
(44, 'rer'),
(45, 'uve'),
(46, 'iqj'),
(47, 'wss'),
(48, 'bdp'),
(49, 'vdp'),
(50, 'hcp'),
(51, NULL),
(52, 'ngh'),
(53, 'hpv'),
(54, 'oga'),
(55, 'tlj'),
(56, 'wuv'),
(57, NULL),
(58, 'ihc'),
(59, NULL),
(60, 'hpy'),
(61, NULL),
(62, 'oof'),
(63, 'ggs'),
(64, 'tfw'),
(65, NULL),
(66, 'hod'),
(67, 'rst'),
(68, 'sqa'),
(69, 'tiw'),
(70, 'owg'),
(71, 'ebj'),
(72, NULL),
(74, 'hod'),
(75, 'rst'),
(76, 'sqa'),
(77, 'tiw'),
(78, 'owg'),
(79, 'ebj'),
(80, NULL),
(81, 'sdt'),
(82, 'kwx'),
(83, 'ktj'),
(84, NULL),
(85, 'inm'),
(86, NULL),
(87, 'blr'),
(89, 'inm'),
(90, NULL),
(92, 'jbt'),
(93, 'yzg'),
(94, 'tqq'),
(95, 'oog'),
(99, NULL),
(100, 'kkb'),
(101, 'elv'),
(102, 'lml'),
(103, NULL),
(104, 'ion'),
(107, 'jvu'),
(108, NULL),
(109, 'hbr'),
(111, NULL),
(112, 'mzy'),
(113, NULL),
(114, 'xlv'),
(115, 'jge'),
(116, 'vkr'),
(117, 'bpr'),
(118, 'wfo'),
(119, 'gls'),
(120, 'zpn'),
(121, 'eli'),
(122, 'eto'),
(123, 'cyd'),
(124, 'lhk'),
(125, 'uyj'),
(126, 'bso'),
(127, 'utj'),
(128, 'mxg'),
(129, 'btq'),
(130, 'ceo'),
(131, 'fvg'),
(132, 'hej'),
(133, 'dnt'),
(134, 'jxo'),
(135, 'wcc'),
(136, 'rhs'),
(137, 'wos'),
(138, 'yyj'),
(139, 'usm'),
(140, 'xlz'),
(141, 'glm'),
(142, 'lss'),
(143, 'ujd'),
(144, 'nep'),
(145, 'nox'),
(146, 'fjd'),
(147, 'wkn'),
(154, NULL),
(155, 'xyx'),
(156, 'ucy'),
(157, 'sup'),
(158, 'bjo'),
(159, 'iws'),
(160, 'ozx'),
(162, 'sbn'),
(163, NULL),
(164, 'snc'),
(165, 'nqs'),
(166, 'uiq'),
(167, 'yim'),
(168, 'xvg'),
(169, NULL),
(170, 'nxq'),
(171, 'iag'),
(172, 'dkh'),
(175, NULL),
(176, 'vxq'),
(177, 'nox'),
(179, 'wkn'),
(180, 'lih'),
(181, 'bwb'),
(182, 'vkq'),
(183, 'jpj'),
(184, 'mjb'),
(186, NULL),
(187, 'xyx'),
(188, 'ucy'),
(189, 'sup'),
(190, 'bjo'),
(191, 'iws'),
(192, 'ozx'),
(193, 'tvn'),
(194, 'sbn'),
(195, NULL),
(196, 'snc'),
(198, 'uiq'),
(199, 'yim'),
(200, 'xvg'),
(201, NULL),
(202, 'nxq'),
(203, 'iag'),
(204, 'dkh'),
(207, NULL),
(208, 'vxq'),
(209, 'mwn'),
(210, 'mik'),
(211, 'fpe'),
(213, 'tvn'),
(214, 'rky'),
(215, 'cdw'),
(216, 'qdd'),
(218, 'rky'),
(219, 'cdw'),
(220, 'qyw'),
(224, 'mwd'),
(225, 'vat'),
(226, 'ofx'),
(227, 'dsf'),
(228, 'ims'),
(231, 'sbq'),
(232, 'ims'),
(233, 'cjt'),
(235, 'sbq'),
(236, 'osd'),
(237, 'cwo'),
(238, NULL),
(239, 'uut'),
(240, 'diq'),
(241, 'bty'),
(242, 'yfw'),
(244, 'fbx'),
(245, 'sdo'),
(246, 'hpx'),
(247, 'wrx'),
(248, 'owj'),
(249, 'onf'),
(250, NULL),
(251, 'qez'),
(252, 'fbx'),
(253, 'sdo'),
(254, 'hpx'),
(255, 'wrx'),
(256, 'owj'),
(257, 'onf'),
(258, NULL),
(259, 'kxh'),
(260, 'bve'),
(261, 'tjj'),
(262, NULL),
(263, 'grj'),
(264, 'pby'),
(265, 'jdf'),
(267, 'fkb'),
(268, 'ple'),
(269, 'nbj'),
(270, 'cma'),
(271, NULL),
(272, 'wzv'),
(273, NULL),
(274, 'wpt'),
(275, 'fkb'),
(276, 'ple'),
(277, 'nbj'),
(278, 'cma'),
(279, NULL),
(280, 'wzv'),
(281, NULL),
(282, 'okh'),
(283, 'qug'),
(284, 'lwe'),
(285, 'lun'),
(286, 'smy'),
(287, 'ynd'),
(288, 'yym'),
(289, 'ops'),
(290, 'nia'),
(291, 'kcr'),
(292, 'tnt'),
(293, 'qfm'),
(294, 'hoh'),
(295, 'rfa'),
(296, NULL),
(297, 'tjo'),
(298, NULL),
(299, 'kqe'),
(300, 'nie'),
(301, 'xxz'),
(302, 'dmv'),
(303, 'tlq'),
(304, 'ots'),
(305, 'hje'),
(306, 'nfi'),
(307, 'iug'),
(308, 'xqi'),
(309, 'seb'),
(310, 'doa'),
(311, 'kzl'),
(313, 'tjo'),
(314, NULL),
(315, 'kqe'),
(316, 'nie'),
(317, 'xxz'),
(318, 'dmv'),
(319, 'tlq'),
(320, 'ots'),
(321, 'hje'),
(322, 'nfi'),
(323, 'iug'),
(324, 'xqi'),
(325, 'seb'),
(326, 'doa'),
(327, 'kzl'),
(328, 'fhq'),
(329, 'yqb'),
(330, 'nem'),
(331, 'vxf'),
(332, 'xix'),
(333, 'srv'),
(334, 'fjq'),
(335, 'sbq'),
(336, 'dnu'),
(337, 'wwu'),
(338, 'bjr'),
(340, 'ftx'),
(341, 'xav'),
(342, 'tmv'),
(343, 'rbw'),
(344, 'dnu'),
(345, 'wwu'),
(346, 'bjr'),
(347, 'boy'),
(348, 'ftx'),
(349, 'xav'),
(350, 'tmv'),
(351, 'rbw'),
(352, 'und'),
(353, 'veg'),
(354, 'vtx'),
(355, 'jcc'),
(356, 'qpe'),
(357, 'thc'),
(358, 'uko'),
(369, 'drj'),
(370, 'wtl'),
(371, 'qhn'),
(372, 'ojg'),
(373, 'tsr'),
(374, 'kmk'),
(375, 'are'),
(376, 'epf'),
(377, 'cxu'),
(378, 'bqq'),
(379, 'hpl'),
(380, 'fxx'),
(381, 'rfe'),
(382, 'epq'),
(383, 'gwr'),
(384, 'pyf'),
(385, 'lwn'),
(386, 'ksw'),
(387, 'wgc'),
(388, 'peu'),
(389, 'gvp'),
(390, NULL),
(391, NULL),
(392, 'fyu'),
(393, 'ici'),
(394, 'gio'),
(395, 'lwq'),
(396, 'jxx'),
(397, 'tql'),
(398, 'ehx'),
(399, 'ucx'),
(400, 'xpx'),
(401, 'kkd'),
(403, 'hgy'),
(404, 'gpf'),
(405, NULL),
(406, NULL),
(410, 'gio'),
(411, 'lwq'),
(412, 'jxx'),
(413, 'tql'),
(414, 'ehx'),
(415, 'ucx'),
(416, 'xpx'),
(417, 'kkd'),
(418, 'mpv'),
(419, 'hgy'),
(420, 'gpf'),
(421, NULL),
(422, 'wef'),
(424, 'gnd'),
(425, 'vre'),
(427, 'qjt'),
(428, 'axc'),
(429, 'tpp'),
(430, 'due'),
(432, 'fro'),
(433, 'mmu'),
(434, 'due'),
(435, 'mgh'),
(436, 'fro'),
(437, 'mmu'),
(438, 'kjr'),
(441, 'doc'),
(442, 'qvh'),
(443, 'odv'),
(444, 'krh'),
(445, 'lyc'),
(448, 'cxj'),
(449, NULL),
(450, 'fpg'),
(451, 'qbw'),
(452, 'cxj'),
(453, NULL),
(455, NULL),
(456, 'odx'),
(457, 'axk'),
(459, 'axk'),
(460, 'mjg'),
(461, 'yql'),
(462, 'yti'),
(463, 'glw'),
(464, 'xnq'),
(465, 'czp'),
(466, NULL),
(467, 'vll'),
(468, 'brn'),
(469, 'uau'),
(470, 'oav'),
(471, 'tew'),
(472, 'akz'),
(473, 'bet'),
(474, NULL),
(475, 'kbm');

--
-- Index pour les tables déchargées
--

--
-- Index pour la table `beguda`
--
ALTER TABLE `beguda`
  ADD PRIMARY KEY (`id`),
  ADD KEY `ind` (`id`);

--
-- Index pour la table `botiga`
--
ALTER TABLE `botiga`
  ADD PRIMARY KEY (`id`),
  ADD KEY `ind` (`id`),
  ADD KEY `localitatId` (`localitatId`);

--
-- Index pour la table `client`
--
ALTER TABLE `client`
  ADD PRIMARY KEY (`id`),
  ADD KEY `ind` (`id`);

--
-- Index pour la table `comanda`
--
ALTER TABLE `comanda`
  ADD PRIMARY KEY (`id`),
  ADD KEY `ind` (`id`),
  ADD KEY `clientId` (`clientId`),
  ADD KEY `botigaId` (`botigaId`);

--
-- Index pour la table `cuiner`
--
ALTER TABLE `cuiner`
  ADD PRIMARY KEY (`id`),
  ADD KEY `ind` (`id`);

--
-- Index pour la table `empleat`
--
ALTER TABLE `empleat`
  ADD PRIMARY KEY (`id`),
  ADD KEY `ind` (`id`),
  ADD KEY `botigaId` (`botigaId`);

--
-- Index pour la table `hamburguesa`
--
ALTER TABLE `hamburguesa`
  ADD PRIMARY KEY (`id`),
  ADD KEY `ind` (`id`);

--
-- Index pour la table `liniacomanda`
--
ALTER TABLE `liniacomanda`
  ADD PRIMARY KEY (`id`),
  ADD KEY `ind` (`id`),
  ADD KEY `comandaId` (`comandaId`),
  ADD KEY `producteId` (`producteId`);

--
-- Index pour la table `lliurament`
--
ALTER TABLE `lliurament`
  ADD PRIMARY KEY (`id`),
  ADD KEY `ind` (`id`),
  ADD KEY `comandaId` (`comandaId`),
  ADD KEY `repartidorId` (`repartidorId`);

--
-- Index pour la table `localitat`
--
ALTER TABLE `localitat`
  ADD PRIMARY KEY (`id`),
  ADD KEY `ind` (`id`),
  ADD KEY `provinciaId` (`provinciaId`);

--
-- Index pour la table `pizza`
--
ALTER TABLE `pizza`
  ADD PRIMARY KEY (`id`),
  ADD KEY `ind` (`id`);

--
-- Index pour la table `producte`
--
ALTER TABLE `producte`
  ADD PRIMARY KEY (`id`),
  ADD KEY `ind` (`id`);

--
-- Index pour la table `provincia`
--
ALTER TABLE `provincia`
  ADD PRIMARY KEY (`id`),
  ADD KEY `ind` (`id`);

--
-- Index pour la table `repartidor`
--
ALTER TABLE `repartidor`
  ADD PRIMARY KEY (`id`),
  ADD KEY `ind` (`id`);

--
-- AUTO_INCREMENT pour les tables déchargées
--

--
-- AUTO_INCREMENT pour la table `botiga`
--
ALTER TABLE `botiga`
  MODIFY `id` int(10) UNSIGNED NOT NULL AUTO_INCREMENT, AUTO_INCREMENT=226;

--
-- AUTO_INCREMENT pour la table `client`
--
ALTER TABLE `client`
  MODIFY `id` int(10) UNSIGNED NOT NULL AUTO_INCREMENT, AUTO_INCREMENT=142;

--
-- AUTO_INCREMENT pour la table `comanda`
--
ALTER TABLE `comanda`
  MODIFY `id` int(10) UNSIGNED NOT NULL AUTO_INCREMENT, AUTO_INCREMENT=338;

--
-- AUTO_INCREMENT pour la table `cuiner`
--
ALTER TABLE `cuiner`
  MODIFY `id` int(10) UNSIGNED NOT NULL AUTO_INCREMENT, AUTO_INCREMENT=876;

--
-- AUTO_INCREMENT pour la table `empleat`
--
ALTER TABLE `empleat`
  MODIFY `id` int(10) UNSIGNED NOT NULL AUTO_INCREMENT, AUTO_INCREMENT=478;

--
-- AUTO_INCREMENT pour la table `liniacomanda`
--
ALTER TABLE `liniacomanda`
  MODIFY `id` int(10) UNSIGNED NOT NULL AUTO_INCREMENT, AUTO_INCREMENT=506;

--
-- AUTO_INCREMENT pour la table `lliurament`
--
ALTER TABLE `lliurament`
  MODIFY `id` int(10) UNSIGNED NOT NULL AUTO_INCREMENT, AUTO_INCREMENT=1073;

--
-- AUTO_INCREMENT pour la table `localitat`
--
ALTER TABLE `localitat`
  MODIFY `id` int(10) UNSIGNED NOT NULL AUTO_INCREMENT, AUTO_INCREMENT=217;

--
-- AUTO_INCREMENT pour la table `producte`
--
ALTER TABLE `producte`
  MODIFY `id` int(10) UNSIGNED NOT NULL AUTO_INCREMENT, AUTO_INCREMENT=142;

--
-- AUTO_INCREMENT pour la table `provincia`
--
ALTER TABLE `provincia`
  MODIFY `id` int(10) UNSIGNED NOT NULL AUTO_INCREMENT, AUTO_INCREMENT=142;

--
-- AUTO_INCREMENT pour la table `repartidor`
--
ALTER TABLE `repartidor`
  MODIFY `id` int(10) UNSIGNED NOT NULL AUTO_INCREMENT, AUTO_INCREMENT=876;

--
-- Contraintes pour les tables déchargées
--

--
-- Contraintes pour la table `beguda`
--
ALTER TABLE `beguda`
  ADD CONSTRAINT `beguda_ibfk_1` FOREIGN KEY (`id`) REFERENCES `producte` (`id`);

--
-- Contraintes pour la table `botiga`
--
ALTER TABLE `botiga`
  ADD CONSTRAINT `botiga_ibfk_1` FOREIGN KEY (`localitatId`) REFERENCES `localitat` (`id`);

--
-- Contraintes pour la table `comanda`
--
ALTER TABLE `comanda`
  ADD CONSTRAINT `comanda_ibfk_1` FOREIGN KEY (`clientId`) REFERENCES `client` (`id`),
  ADD CONSTRAINT `comanda_ibfk_2` FOREIGN KEY (`botigaId`) REFERENCES `botiga` (`id`);

--
-- Contraintes pour la table `cuiner`
--
ALTER TABLE `cuiner`
  ADD CONSTRAINT `cuiner_ibfk_1` FOREIGN KEY (`id`) REFERENCES `empleat` (`id`);

--
-- Contraintes pour la table `empleat`
--
ALTER TABLE `empleat`
  ADD CONSTRAINT `empleat_ibfk_1` FOREIGN KEY (`botigaId`) REFERENCES `botiga` (`id`);

--
-- Contraintes pour la table `hamburguesa`
--
ALTER TABLE `hamburguesa`
  ADD CONSTRAINT `hamburguesa_ibfk_1` FOREIGN KEY (`id`) REFERENCES `producte` (`id`);

--
-- Contraintes pour la table `liniacomanda`
--
ALTER TABLE `liniacomanda`
  ADD CONSTRAINT `liniacomanda_ibfk_1` FOREIGN KEY (`comandaId`) REFERENCES `comanda` (`id`),
  ADD CONSTRAINT `liniacomanda_ibfk_2` FOREIGN KEY (`producteId`) REFERENCES `producte` (`id`);

--
-- Contraintes pour la table `lliurament`
--
ALTER TABLE `lliurament`
  ADD CONSTRAINT `lliurament_ibfk_1` FOREIGN KEY (`comandaId`) REFERENCES `comanda` (`id`),
  ADD CONSTRAINT `lliurament_ibfk_2` FOREIGN KEY (`repartidorId`) REFERENCES `repartidor` (`id`);

--
-- Contraintes pour la table `localitat`
--
ALTER TABLE `localitat`
  ADD CONSTRAINT `localitat_ibfk_1` FOREIGN KEY (`provinciaId`) REFERENCES `provincia` (`id`);

--
-- Contraintes pour la table `pizza`
--
ALTER TABLE `pizza`
  ADD CONSTRAINT `pizza_ibfk_1` FOREIGN KEY (`id`) REFERENCES `producte` (`id`);

--
-- Contraintes pour la table `repartidor`
--
ALTER TABLE `repartidor`
  ADD CONSTRAINT `repartidor_ibfk_1` FOREIGN KEY (`id`) REFERENCES `empleat` (`id`);
COMMIT;

/*!40101 SET CHARACTER_SET_CLIENT=@OLD_CHARACTER_SET_CLIENT */;
/*!40101 SET CHARACTER_SET_RESULTS=@OLD_CHARACTER_SET_RESULTS */;
/*!40101 SET COLLATION_CONNECTION=@OLD_COLLATION_CONNECTION */;
